cve_id,published,description,cvss_score,cvss_version,cwe_ids,cpe_strings,seed_cpe,Discovery Method
CVE-2013-7447,2016-02-17,"Integer overflow in the gdk_cairo_set_source_pixbuf function in gdk/gdkcairo.c in GTK+ before 3.9.8, as used in eom, gnome-photos, eog, gambas3, thunar, pinpoint, and possibly other applications, allows remote attackers to cause a denial of service (crash) via a large image file, which triggers a large memory allocation.",6.5,3.0,,cpe:2.3:o:canonical:ubuntu_linux:12.04:*:*:*:lts:*:*:*|cpe:2.3:o:canonical:ubuntu_linux:14.04:*:*:*:lts:*:*:*|cpe:2.3:o:canonical:ubuntu_linux:15.10:*:*:*:*:*:*:*|cpe:2.3:o:samsung:x14j_firmware:t-ms14jakucb-1102.5:*:*:*:*:*:*:*,samsung:x14j_firmware,cpe_expansion
CVE-2015-0718,2016-03-03,"Cisco NX-OS 4.0 through 6.1 on Nexus 1000V 3000, 4000, 5000, 6000, and 7000 devices and Unified Computing System (UCS) platforms allows remote attackers to cause a denial of service (TCP stack reload) by sending crafted TCP packets to a device that has a TIME_WAIT TCP session, aka Bug ID CSCub70579.",7.5,3.0,CWE-399,cpe:2.3:a:cisco:unified_computing_system:1.4_1i:*:*:*:*:*:*:*|cpe:2.3:a:cisco:unified_computing_system:1.4_1j:*:*:*:*:*:*:*|cpe:2.3:a:cisco:unified_computing_system:1.4_1m:*:*:*:*:*:*:*|cpe:2.3:a:cisco:unified_computing_system:1.4_3i:*:*:*:*:*:*:*|cpe:2.3:a:cisco:unified_computing_system:1.4_3l:*:*:*:*:*:*:*|cpe:2.3:a:cisco:unified_computing_system:1.4_3m:*:*:*:*:*:*:*|cpe:2.3:a:cisco:unified_computing_system:1.4_3q:*:*:*:*:*:*:*|cpe:2.3:a:cisco:unified_computing_system:1.4_3s:*:*:*:*:*:*:*|cpe:2.3:a:cisco:unified_computing_system:1.4_3u:*:*:*:*:*:*:*|cpe:2.3:a:cisco:unified_computing_system:1.4_3y:*:*:*:*:*:*:*|cpe:2.3:a:cisco:unified_computing_system:1.4_4f:*:*:*:*:*:*:*|cpe:2.3:a:cisco:unified_computing_system:1.4_4g:*:*:*:*:*:*:*|cpe:2.3:a:cisco:unified_computing_system:1.4_4i:*:*:*:*:*:*:*|cpe:2.3:a:cisco:unified_computing_system:1.4_4j:*:*:*:*:*:*:*|cpe:2.3:a:cisco:unified_computing_system:1.4_4k:*:*:*:*:*:*:*|cpe:2.3:a:cisco:unified_computing_system:1.4_4l:*:*:*:*:*:*:*|cpe:2.3:a:cisco:unified_computing_system:1.5_base:*:*:*:*:*:*:*|cpe:2.3:a:cisco:unified_computing_system:1.6_base:*:*:*:*:*:*:*|cpe:2.3:a:cisco:unified_computing_system:2.0_1q:*:*:*:*:*:*:*|cpe:2.3:a:cisco:unified_computing_system:2.0_1s:*:*:*:*:*:*:*|cpe:2.3:a:cisco:unified_computing_system:2.0_1t:*:*:*:*:*:*:*|cpe:2.3:a:cisco:unified_computing_system:2.0_1w:*:*:*:*:*:*:*|cpe:2.3:a:cisco:unified_computing_system:2.0_1x:*:*:*:*:*:*:*|cpe:2.3:a:cisco:unified_computing_system:2.0_2m:*:*:*:*:*:*:*|cpe:2.3:a:cisco:unified_computing_system:2.0_2q:*:*:*:*:*:*:*|cpe:2.3:a:cisco:unified_computing_system:2.0_2r:*:*:*:*:*:*:*|cpe:2.3:a:cisco:unified_computing_system:2.0_3a:*:*:*:*:*:*:*|cpe:2.3:a:cisco:unified_computing_system:2.0_3b:*:*:*:*:*:*:*|cpe:2.3:a:cisco:unified_computing_system:2.0_3c:*:*:*:*:*:*:*|cpe:2.3:a:cisco:unified_computing_system:2.0_4a:*:*:*:*:*:*:*|cpe:2.3:a:cisco:unified_computing_system:2.0_4b:*:*:*:*:*:*:*|cpe:2.3:a:cisco:unified_computing_system:2.0_4d:*:*:*:*:*:*:*|cpe:2.3:a:cisco:unified_computing_system:2.0_5a:*:*:*:*:*:*:*|cpe:2.3:a:cisco:unified_computing_system:2.0_5b:*:*:*:*:*:*:*|cpe:2.3:a:cisco:unified_computing_system:2.0_5c:*:*:*:*:*:*:*|cpe:2.3:a:cisco:unified_computing_system:2.0_5d:*:*:*:*:*:*:*|cpe:2.3:a:cisco:unified_computing_system:2.0_5e:*:*:*:*:*:*:*|cpe:2.3:a:cisco:unified_computing_system:2.0_5f:*:*:*:*:*:*:*|cpe:2.3:a:cisco:unified_computing_system:2.1_1a:*:*:*:*:*:*:*|cpe:2.3:a:cisco:unified_computing_system:2.1_1b:*:*:*:*:*:*:*|cpe:2.3:a:cisco:unified_computing_system:2.1_1d:*:*:*:*:*:*:*|cpe:2.3:a:cisco:unified_computing_system:2.1_1e:*:*:*:*:*:*:*|cpe:2.3:a:cisco:unified_computing_system:2.1_1f:*:*:*:*:*:*:*|cpe:2.3:a:cisco:unified_computing_system:2.1_2a:*:*:*:*:*:*:*|cpe:2.3:a:cisco:unified_computing_system:2.1_2c:*:*:*:*:*:*:*|cpe:2.3:a:cisco:unified_computing_system:2.1_2d:*:*:*:*:*:*:*|cpe:2.3:a:cisco:unified_computing_system:2.1_3a:*:*:*:*:*:*:*|cpe:2.3:a:cisco:unified_computing_system:2.1_3b:*:*:*:*:*:*:*|cpe:2.3:a:cisco:unified_computing_system:2.1_3c:*:*:*:*:*:*:*|cpe:2.3:a:cisco:unified_computing_system:2.1_3d:*:*:*:*:*:*:*|cpe:2.3:a:cisco:unified_computing_system:2.1_3e:*:*:*:*:*:*:*|cpe:2.3:a:cisco:unified_computing_system:2.1_3f:*:*:*:*:*:*:*|cpe:2.3:a:cisco:unified_computing_system:2.2_1b:*:*:*:*:*:*:*|cpe:2.3:a:cisco:unified_computing_system:2.2_1c:*:*:*:*:*:*:*|cpe:2.3:a:cisco:unified_computing_system:2.2_1d:*:*:*:*:*:*:*|cpe:2.3:a:cisco:unified_computing_system:2.2_1e:*:*:*:*:*:*:*|cpe:2.3:a:cisco:unified_computing_system:2.2_2c:*:*:*:*:*:*:*|cpe:2.3:a:cisco:unified_computing_system:2.2_2d:*:*:*:*:*:*:*|cpe:2.3:a:cisco:unified_computing_system:2.2_2e:*:*:*:*:*:*:*|cpe:2.3:o:cisco:nx-os:base:*:*:*:*:*:*:*|cpe:2.3:o:netgear:jr6150_firmware:*:*:*:*:*:*:*:*|cpe:2.3:o:samsung:x14j_firmware:t-ms14jakucb-1102.5:*:*:*:*:*:*:*|cpe:2.3:o:sun:opensolaris:snv_124:*:sparc:*:*:*:*:*|cpe:2.3:o:zyxel:gs1900-10hp_firmware:*:*:*:*:*:*:*:*|cpe:2.3:o:zzinc:keymouse_firmware:3.08:*:*:*:*:windows:*:*,samsung:x14j_firmware,cpe_expansion
CVE-2015-7292,2017-04-10,Stack-based buffer overflow in the havok_write function in drivers/staging/havok/havok.c in Amazon Fire OS before 2016-01-15 allows attackers to cause a denial of service (panic) or possibly have unspecified other impact via a long string to /dev/hv.,9.8,3.0,CWE-119,cpe:2.3:o:amazon:fire_os:*:*:*:*:*:*:*:*,amazon:fire_os,cpe_expansion
CVE-2016-0729,2016-04-07,"Multiple buffer overflows in (1) internal/XMLReader.cpp, (2) util/XMLURL.cpp, and (3) util/XMLUri.cpp in the XML Parser library in Apache Xerces-C before 3.1.3 allow remote attackers to cause a denial of service (segmentation fault or memory corruption) or possibly execute arbitrary code via a crafted document.",9.8,3.0,CWE-119,cpe:2.3:o:samsung:x14j_firmware:t-ms14jakucb-1102.5:*:*:*:*:*:*:*|cpe:2.3:o:fedoraproject:fedora:22:*:*:*:*:*:*:*|cpe:2.3:o:fedoraproject:fedora:23:*:*:*:*:*:*:*|cpe:2.3:o:fedoraproject:fedora:24:*:*:*:*:*:*:*,samsung:x14j_firmware,cpe_expansion
CVE-2016-0960,2016-03-12,"Adobe Flash Player before 18.0.0.333 and 19.x through 21.x before 21.0.0.182 on Windows and OS X and before 11.2.202.577 on Linux, Adobe AIR before 21.0.0.176, Adobe AIR SDK before 21.0.0.176, and Adobe AIR SDK & Compiler before 21.0.0.176 allow attackers to execute arbitrary code or cause a denial of service (memory corruption) via unspecified vectors, a different vulnerability than CVE-2016-0961, CVE-2016-0962, CVE-2016-0986, CVE-2016-0989, CVE-2016-0992, CVE-2016-1002, and CVE-2016-1005.",8.8,3.1,CWE-119,cpe:2.3:a:adobe:flash_player:*:*:*:*:*:chrome:*:*|cpe:2.3:o:apple:mac_os_x:-:*:*:*:*:*:*:*|cpe:2.3:o:google:chrome_os:-:*:*:*:*:*:*:*|cpe:2.3:o:linux:linux_kernel:-:*:*:*:*:*:*:*|cpe:2.3:o:microsoft:windows:-:*:*:*:*:*:*:*|cpe:2.3:a:adobe:air:*:*:*:*:*:*:*:*|cpe:2.3:o:google:android:-:*:*:*:*:*:*:*|cpe:2.3:a:adobe:air_sdk:*:*:*:*:*:*:*:*|cpe:2.3:o:samsung:x14j_firmware:t-ms14jakucb-1102.5:*:*:*:*:*:*:*|cpe:2.3:o:apple:iphone_os:-:*:*:*:*:*:*:*|cpe:2.3:a:adobe:flash_player:*:*:*:*:*:*:*:*|cpe:2.3:a:adobe:flash_player_desktop_runtime:*:*:*:*:*:*:*:*|cpe:2.3:a:adobe:flash_player:*:*:*:*:*:edge:*:*|cpe:2.3:o:microsoft:windows_10:-:*:*:*:*:*:*:*|cpe:2.3:a:adobe:flash_player:*:*:*:*:*:internet_explorer:*:*|cpe:2.3:o:microsoft:windows_8.1:-:*:*:*:*:*:*:*|cpe:2.3:a:adobe:air_desktop_runtime:*:*:*:*:*:*:*:*|cpe:2.3:a:adobe:air_sdk_\&_compiler:*:*:*:*:*:*:*:*,samsung:x14j_firmware,cpe_expansion
CVE-2016-0961,2016-03-12,"Adobe Flash Player before 18.0.0.333 and 19.x through 21.x before 21.0.0.182 on Windows and OS X and before 11.2.202.577 on Linux, Adobe AIR before 21.0.0.176, Adobe AIR SDK before 21.0.0.176, and Adobe AIR SDK & Compiler before 21.0.0.176 allow attackers to execute arbitrary code or cause a denial of service (memory corruption) via unspecified vectors, a different vulnerability than CVE-2016-0960, CVE-2016-0962, CVE-2016-0986, CVE-2016-0989, CVE-2016-0992, CVE-2016-1002, and CVE-2016-1005.",8.8,3.1,CWE-119,cpe:2.3:a:adobe:flash_player:*:*:*:*:*:chrome:*:*|cpe:2.3:o:apple:mac_os_x:-:*:*:*:*:*:*:*|cpe:2.3:o:google:chrome_os:-:*:*:*:*:*:*:*|cpe:2.3:o:linux:linux_kernel:-:*:*:*:*:*:*:*|cpe:2.3:o:microsoft:windows:-:*:*:*:*:*:*:*|cpe:2.3:a:adobe:air:*:*:*:*:*:*:*:*|cpe:2.3:o:google:android:-:*:*:*:*:*:*:*|cpe:2.3:a:adobe:air_sdk:*:*:*:*:*:*:*:*|cpe:2.3:o:samsung:x14j_firmware:t-ms14jakucb-1102.5:*:*:*:*:*:*:*|cpe:2.3:o:apple:iphone_os:-:*:*:*:*:*:*:*|cpe:2.3:a:adobe:flash_player:*:*:*:*:*:*:*:*|cpe:2.3:a:adobe:flash_player_desktop_runtime:*:*:*:*:*:*:*:*|cpe:2.3:a:adobe:flash_player:*:*:*:*:*:edge:*:*|cpe:2.3:o:microsoft:windows_10:-:*:*:*:*:*:*:*|cpe:2.3:a:adobe:flash_player:*:*:*:*:*:internet_explorer:*:*|cpe:2.3:o:microsoft:windows_8.1:-:*:*:*:*:*:*:*|cpe:2.3:a:adobe:air_desktop_runtime:*:*:*:*:*:*:*:*|cpe:2.3:a:adobe:air_sdk_\&_compiler:*:*:*:*:*:*:*:*,samsung:x14j_firmware,cpe_expansion
CVE-2016-0962,2016-03-12,"Adobe Flash Player before 18.0.0.333 and 19.x through 21.x before 21.0.0.182 on Windows and OS X and before 11.2.202.577 on Linux, Adobe AIR before 21.0.0.176, Adobe AIR SDK before 21.0.0.176, and Adobe AIR SDK & Compiler before 21.0.0.176 allow attackers to execute arbitrary code or cause a denial of service (memory corruption) via unspecified vectors, a different vulnerability than CVE-2016-0960, CVE-2016-0961, CVE-2016-0986, CVE-2016-0989, CVE-2016-0992, CVE-2016-1002, and CVE-2016-1005.",8.8,3.1,CWE-119,cpe:2.3:a:adobe:flash_player:*:*:*:*:*:chrome:*:*|cpe:2.3:o:apple:mac_os_x:-:*:*:*:*:*:*:*|cpe:2.3:o:google:chrome_os:-:*:*:*:*:*:*:*|cpe:2.3:o:linux:linux_kernel:-:*:*:*:*:*:*:*|cpe:2.3:o:microsoft:windows:-:*:*:*:*:*:*:*|cpe:2.3:a:adobe:air:*:*:*:*:*:*:*:*|cpe:2.3:o:google:android:-:*:*:*:*:*:*:*|cpe:2.3:a:adobe:air_sdk:*:*:*:*:*:*:*:*|cpe:2.3:o:samsung:x14j_firmware:t-ms14jakucb-1102.5:*:*:*:*:*:*:*|cpe:2.3:o:apple:iphone_os:-:*:*:*:*:*:*:*|cpe:2.3:a:adobe:flash_player:*:*:*:*:*:*:*:*|cpe:2.3:a:adobe:flash_player_desktop_runtime:*:*:*:*:*:*:*:*|cpe:2.3:a:adobe:flash_player:*:*:*:*:*:edge:*:*|cpe:2.3:o:microsoft:windows_10:-:*:*:*:*:*:*:*|cpe:2.3:a:adobe:flash_player:*:*:*:*:*:internet_explorer:*:*|cpe:2.3:o:microsoft:windows_8.1:-:*:*:*:*:*:*:*|cpe:2.3:a:adobe:air_desktop_runtime:*:*:*:*:*:*:*:*|cpe:2.3:a:adobe:air_sdk_\&_compiler:*:*:*:*:*:*:*:*,samsung:x14j_firmware,cpe_expansion
CVE-2016-0963,2016-03-12,"Integer overflow in Adobe Flash Player before 18.0.0.333 and 19.x through 21.x before 21.0.0.182 on Windows and OS X and before 11.2.202.577 on Linux, Adobe AIR before 21.0.0.176, Adobe AIR SDK before 21.0.0.176, and Adobe AIR SDK & Compiler before 21.0.0.176 allows attackers to execute arbitrary code via unspecified vectors, a different vulnerability than CVE-2016-0993 and CVE-2016-1010.",8.8,3.1,CWE-190,cpe:2.3:a:adobe:flash_player:*:*:*:*:*:chrome:*:*|cpe:2.3:o:apple:mac_os_x:-:*:*:*:*:*:*:*|cpe:2.3:o:google:chrome_os:-:*:*:*:*:*:*:*|cpe:2.3:o:linux:linux_kernel:-:*:*:*:*:*:*:*|cpe:2.3:o:microsoft:windows:-:*:*:*:*:*:*:*|cpe:2.3:a:adobe:air:*:*:*:*:*:*:*:*|cpe:2.3:o:google:android:-:*:*:*:*:*:*:*|cpe:2.3:a:adobe:air_sdk:*:*:*:*:*:*:*:*|cpe:2.3:o:samsung:x14j_firmware:t-ms14jakucb-1102.5:*:*:*:*:*:*:*|cpe:2.3:o:apple:iphone_os:-:*:*:*:*:*:*:*|cpe:2.3:a:adobe:flash_player:*:*:*:*:*:*:*:*|cpe:2.3:a:adobe:flash_player_desktop_runtime:*:*:*:*:*:*:*:*|cpe:2.3:a:adobe:flash_player:*:*:*:*:*:edge:*:*|cpe:2.3:o:microsoft:windows_10:-:*:*:*:*:*:*:*|cpe:2.3:a:adobe:flash_player:*:*:*:*:*:internet_explorer:*:*|cpe:2.3:o:microsoft:windows_8.1:-:*:*:*:*:*:*:*|cpe:2.3:a:adobe:air_desktop_runtime:*:*:*:*:*:*:*:*|cpe:2.3:a:adobe:air_sdk_\&_compiler:*:*:*:*:*:*:*:*,samsung:x14j_firmware,cpe_expansion
CVE-2016-0986,2016-03-12,"Adobe Flash Player before 18.0.0.333 and 19.x through 21.x before 21.0.0.182 on Windows and OS X and before 11.2.202.577 on Linux, Adobe AIR before 21.0.0.176, Adobe AIR SDK before 21.0.0.176, and Adobe AIR SDK & Compiler before 21.0.0.176 allow attackers to execute arbitrary code or cause a denial of service (memory corruption) via unspecified vectors, a different vulnerability than CVE-2016-0960, CVE-2016-0961, CVE-2016-0962, CVE-2016-0989, CVE-2016-0992, CVE-2016-1002, and CVE-2016-1005.",8.8,3.1,CWE-119,cpe:2.3:a:adobe:flash_player:*:*:*:*:*:chrome:*:*|cpe:2.3:o:apple:mac_os_x:-:*:*:*:*:*:*:*|cpe:2.3:o:google:chrome_os:-:*:*:*:*:*:*:*|cpe:2.3:o:linux:linux_kernel:-:*:*:*:*:*:*:*|cpe:2.3:o:microsoft:windows:-:*:*:*:*:*:*:*|cpe:2.3:a:adobe:air:*:*:*:*:*:*:*:*|cpe:2.3:o:google:android:-:*:*:*:*:*:*:*|cpe:2.3:a:adobe:air_sdk:*:*:*:*:*:*:*:*|cpe:2.3:o:samsung:x14j_firmware:t-ms14jakucb-1102.5:*:*:*:*:*:*:*|cpe:2.3:o:apple:iphone_os:-:*:*:*:*:*:*:*|cpe:2.3:a:adobe:flash_player:*:*:*:*:*:*:*:*|cpe:2.3:a:adobe:flash_player_desktop_runtime:*:*:*:*:*:*:*:*|cpe:2.3:a:adobe:flash_player:*:*:*:*:*:edge:*:*|cpe:2.3:o:microsoft:windows_10:-:*:*:*:*:*:*:*|cpe:2.3:a:adobe:flash_player:*:*:*:*:*:internet_explorer:*:*|cpe:2.3:o:microsoft:windows_8.1:-:*:*:*:*:*:*:*|cpe:2.3:a:adobe:air_desktop_runtime:*:*:*:*:*:*:*:*|cpe:2.3:a:adobe:air_sdk_\&_compiler:*:*:*:*:*:*:*:*,samsung:x14j_firmware,cpe_expansion
CVE-2016-0987,2016-03-12,"Use-after-free vulnerability in Adobe Flash Player before 18.0.0.333 and 19.x through 21.x before 21.0.0.182 on Windows and OS X and before 11.2.202.577 on Linux, Adobe AIR before 21.0.0.176, Adobe AIR SDK before 21.0.0.176, and Adobe AIR SDK & Compiler before 21.0.0.176 allows attackers to execute arbitrary code via unspecified vectors, a different vulnerability than CVE-2016-0988, CVE-2016-0990, CVE-2016-0991, CVE-2016-0994, CVE-2016-0995, CVE-2016-0996, CVE-2016-0997, CVE-2016-0998, CVE-2016-0999, and CVE-2016-1000.",8.8,3.1,CWE-416,cpe:2.3:a:adobe:flash_player:*:*:*:*:*:chrome:*:*|cpe:2.3:o:apple:mac_os_x:-:*:*:*:*:*:*:*|cpe:2.3:o:google:chrome_os:-:*:*:*:*:*:*:*|cpe:2.3:o:linux:linux_kernel:-:*:*:*:*:*:*:*|cpe:2.3:o:microsoft:windows:-:*:*:*:*:*:*:*|cpe:2.3:a:adobe:air:*:*:*:*:*:*:*:*|cpe:2.3:o:google:android:-:*:*:*:*:*:*:*|cpe:2.3:a:adobe:air_sdk:*:*:*:*:*:*:*:*|cpe:2.3:o:samsung:x14j_firmware:t-ms14jakucb-1102.5:*:*:*:*:*:*:*|cpe:2.3:o:apple:iphone_os:-:*:*:*:*:*:*:*|cpe:2.3:a:adobe:flash_player:*:*:*:*:*:*:*:*|cpe:2.3:a:adobe:flash_player_desktop_runtime:*:*:*:*:*:*:*:*|cpe:2.3:a:adobe:flash_player:*:*:*:*:*:edge:*:*|cpe:2.3:o:microsoft:windows_10:-:*:*:*:*:*:*:*|cpe:2.3:a:adobe:flash_player:*:*:*:*:*:internet_explorer:*:*|cpe:2.3:o:microsoft:windows_8.1:-:*:*:*:*:*:*:*|cpe:2.3:a:adobe:air_desktop_runtime:*:*:*:*:*:*:*:*|cpe:2.3:a:adobe:air_sdk_\&_compiler:*:*:*:*:*:*:*:*,samsung:x14j_firmware,cpe_expansion
CVE-2016-0988,2016-03-12,"Use-after-free vulnerability in Adobe Flash Player before 18.0.0.333 and 19.x through 21.x before 21.0.0.182 on Windows and OS X and before 11.2.202.577 on Linux, Adobe AIR before 21.0.0.176, Adobe AIR SDK before 21.0.0.176, and Adobe AIR SDK & Compiler before 21.0.0.176 allows attackers to execute arbitrary code via unspecified vectors, a different vulnerability than CVE-2016-0987, CVE-2016-0990, CVE-2016-0991, CVE-2016-0994, CVE-2016-0995, CVE-2016-0996, CVE-2016-0997, CVE-2016-0998, CVE-2016-0999, and CVE-2016-1000.",8.8,3.1,CWE-416,cpe:2.3:a:adobe:flash_player:*:*:*:*:*:chrome:*:*|cpe:2.3:o:apple:mac_os_x:-:*:*:*:*:*:*:*|cpe:2.3:o:google:chrome_os:-:*:*:*:*:*:*:*|cpe:2.3:o:linux:linux_kernel:-:*:*:*:*:*:*:*|cpe:2.3:o:microsoft:windows:-:*:*:*:*:*:*:*|cpe:2.3:a:adobe:air:*:*:*:*:*:*:*:*|cpe:2.3:o:google:android:-:*:*:*:*:*:*:*|cpe:2.3:a:adobe:air_sdk:*:*:*:*:*:*:*:*|cpe:2.3:o:samsung:x14j_firmware:t-ms14jakucb-1102.5:*:*:*:*:*:*:*|cpe:2.3:o:apple:iphone_os:-:*:*:*:*:*:*:*|cpe:2.3:a:adobe:flash_player:*:*:*:*:*:*:*:*|cpe:2.3:a:adobe:flash_player_desktop_runtime:*:*:*:*:*:*:*:*|cpe:2.3:a:adobe:flash_player:*:*:*:*:*:edge:*:*|cpe:2.3:o:microsoft:windows_10:-:*:*:*:*:*:*:*|cpe:2.3:a:adobe:flash_player:*:*:*:*:*:internet_explorer:*:*|cpe:2.3:o:microsoft:windows_8.1:-:*:*:*:*:*:*:*|cpe:2.3:a:adobe:air_desktop_runtime:*:*:*:*:*:*:*:*|cpe:2.3:a:adobe:air_sdk_\&_compiler:*:*:*:*:*:*:*:*,samsung:x14j_firmware,cpe_expansion
CVE-2016-0989,2016-03-12,"Adobe Flash Player before 18.0.0.333 and 19.x through 21.x before 21.0.0.182 on Windows and OS X and before 11.2.202.577 on Linux, Adobe AIR before 21.0.0.176, Adobe AIR SDK before 21.0.0.176, and Adobe AIR SDK & Compiler before 21.0.0.176 allow attackers to execute arbitrary code or cause a denial of service (memory corruption) via unspecified vectors, a different vulnerability than CVE-2016-0960, CVE-2016-0961, CVE-2016-0962, CVE-2016-0986, CVE-2016-0992, CVE-2016-1002, and CVE-2016-1005.",8.8,3.1,CWE-119,cpe:2.3:a:adobe:flash_player:*:*:*:*:*:chrome:*:*|cpe:2.3:o:apple:mac_os_x:-:*:*:*:*:*:*:*|cpe:2.3:o:google:chrome_os:-:*:*:*:*:*:*:*|cpe:2.3:o:linux:linux_kernel:-:*:*:*:*:*:*:*|cpe:2.3:o:microsoft:windows:-:*:*:*:*:*:*:*|cpe:2.3:a:adobe:air:*:*:*:*:*:*:*:*|cpe:2.3:o:google:android:-:*:*:*:*:*:*:*|cpe:2.3:a:adobe:air_sdk:*:*:*:*:*:*:*:*|cpe:2.3:o:samsung:x14j_firmware:t-ms14jakucb-1102.5:*:*:*:*:*:*:*|cpe:2.3:o:apple:iphone_os:-:*:*:*:*:*:*:*|cpe:2.3:a:adobe:flash_player:*:*:*:*:*:*:*:*|cpe:2.3:a:adobe:flash_player_desktop_runtime:*:*:*:*:*:*:*:*|cpe:2.3:a:adobe:flash_player:*:*:*:*:*:edge:*:*|cpe:2.3:o:microsoft:windows_10:-:*:*:*:*:*:*:*|cpe:2.3:a:adobe:flash_player:*:*:*:*:*:internet_explorer:*:*|cpe:2.3:o:microsoft:windows_8.1:-:*:*:*:*:*:*:*|cpe:2.3:a:adobe:air_desktop_runtime:*:*:*:*:*:*:*:*|cpe:2.3:a:adobe:air_sdk_\&_compiler:*:*:*:*:*:*:*:*,samsung:x14j_firmware,cpe_expansion
CVE-2016-0990,2016-03-12,"Use-after-free vulnerability in Adobe Flash Player before 18.0.0.333 and 19.x through 21.x before 21.0.0.182 on Windows and OS X and before 11.2.202.577 on Linux, Adobe AIR before 21.0.0.176, Adobe AIR SDK before 21.0.0.176, and Adobe AIR SDK & Compiler before 21.0.0.176 allows attackers to execute arbitrary code via unspecified vectors, a different vulnerability than CVE-2016-0987, CVE-2016-0988, CVE-2016-0991, CVE-2016-0994, CVE-2016-0995, CVE-2016-0996, CVE-2016-0997, CVE-2016-0998, CVE-2016-0999, and CVE-2016-1000.",8.8,3.1,CWE-416,cpe:2.3:a:adobe:flash_player:*:*:*:*:*:chrome:*:*|cpe:2.3:o:apple:mac_os_x:-:*:*:*:*:*:*:*|cpe:2.3:o:google:chrome_os:-:*:*:*:*:*:*:*|cpe:2.3:o:linux:linux_kernel:-:*:*:*:*:*:*:*|cpe:2.3:o:microsoft:windows:-:*:*:*:*:*:*:*|cpe:2.3:a:adobe:air:*:*:*:*:*:*:*:*|cpe:2.3:o:google:android:-:*:*:*:*:*:*:*|cpe:2.3:a:adobe:air_sdk:*:*:*:*:*:*:*:*|cpe:2.3:o:samsung:x14j_firmware:t-ms14jakucb-1102.5:*:*:*:*:*:*:*|cpe:2.3:o:apple:iphone_os:-:*:*:*:*:*:*:*|cpe:2.3:a:adobe:flash_player:*:*:*:*:*:*:*:*|cpe:2.3:a:adobe:flash_player_desktop_runtime:*:*:*:*:*:*:*:*|cpe:2.3:a:adobe:flash_player:*:*:*:*:*:edge:*:*|cpe:2.3:o:microsoft:windows_10:-:*:*:*:*:*:*:*|cpe:2.3:a:adobe:flash_player:*:*:*:*:*:internet_explorer:*:*|cpe:2.3:o:microsoft:windows_8.1:-:*:*:*:*:*:*:*|cpe:2.3:a:adobe:air_desktop_runtime:*:*:*:*:*:*:*:*|cpe:2.3:a:adobe:air_sdk_\&_compiler:*:*:*:*:*:*:*:*,samsung:x14j_firmware,cpe_expansion
CVE-2016-0991,2016-03-12,"Use-after-free vulnerability in Adobe Flash Player before 18.0.0.333 and 19.x through 21.x before 21.0.0.182 on Windows and OS X and before 11.2.202.577 on Linux, Adobe AIR before 21.0.0.176, Adobe AIR SDK before 21.0.0.176, and Adobe AIR SDK & Compiler before 21.0.0.176 allows attackers to execute arbitrary code via unspecified vectors, a different vulnerability than CVE-2016-0987, CVE-2016-0988, CVE-2016-0990, CVE-2016-0994, CVE-2016-0995, CVE-2016-0996, CVE-2016-0997, CVE-2016-0998, CVE-2016-0999, and CVE-2016-1000.",8.8,3.1,CWE-416,cpe:2.3:a:adobe:flash_player:*:*:*:*:*:chrome:*:*|cpe:2.3:o:apple:mac_os_x:-:*:*:*:*:*:*:*|cpe:2.3:o:google:chrome_os:-:*:*:*:*:*:*:*|cpe:2.3:o:linux:linux_kernel:-:*:*:*:*:*:*:*|cpe:2.3:o:microsoft:windows:-:*:*:*:*:*:*:*|cpe:2.3:a:adobe:air:*:*:*:*:*:*:*:*|cpe:2.3:o:google:android:-:*:*:*:*:*:*:*|cpe:2.3:a:adobe:air_sdk:*:*:*:*:*:*:*:*|cpe:2.3:o:samsung:x14j_firmware:t-ms14jakucb-1102.5:*:*:*:*:*:*:*|cpe:2.3:o:apple:iphone_os:-:*:*:*:*:*:*:*|cpe:2.3:a:adobe:flash_player:*:*:*:*:*:*:*:*|cpe:2.3:a:adobe:flash_player_desktop_runtime:*:*:*:*:*:*:*:*|cpe:2.3:a:adobe:flash_player:*:*:*:*:*:edge:*:*|cpe:2.3:o:microsoft:windows_10:-:*:*:*:*:*:*:*|cpe:2.3:a:adobe:flash_player:*:*:*:*:*:internet_explorer:*:*|cpe:2.3:o:microsoft:windows_8.1:-:*:*:*:*:*:*:*|cpe:2.3:a:adobe:air_desktop_runtime:*:*:*:*:*:*:*:*|cpe:2.3:a:adobe:air_sdk_\&_compiler:*:*:*:*:*:*:*:*,samsung:x14j_firmware,cpe_expansion
CVE-2016-0992,2016-03-12,"Adobe Flash Player before 18.0.0.333 and 19.x through 21.x before 21.0.0.182 on Windows and OS X and before 11.2.202.577 on Linux, Adobe AIR before 21.0.0.176, Adobe AIR SDK before 21.0.0.176, and Adobe AIR SDK & Compiler before 21.0.0.176 allow attackers to execute arbitrary code or cause a denial of service (memory corruption) via unspecified vectors, a different vulnerability than CVE-2016-0960, CVE-2016-0961, CVE-2016-0962, CVE-2016-0986, CVE-2016-0989, CVE-2016-1002, and CVE-2016-1005.",8.8,3.1,CWE-119,cpe:2.3:a:adobe:flash_player:*:*:*:*:*:chrome:*:*|cpe:2.3:o:apple:mac_os_x:-:*:*:*:*:*:*:*|cpe:2.3:o:google:chrome_os:-:*:*:*:*:*:*:*|cpe:2.3:o:linux:linux_kernel:-:*:*:*:*:*:*:*|cpe:2.3:o:microsoft:windows:-:*:*:*:*:*:*:*|cpe:2.3:a:adobe:air:*:*:*:*:*:*:*:*|cpe:2.3:o:google:android:-:*:*:*:*:*:*:*|cpe:2.3:a:adobe:air_sdk:*:*:*:*:*:*:*:*|cpe:2.3:o:samsung:x14j_firmware:t-ms14jakucb-1102.5:*:*:*:*:*:*:*|cpe:2.3:o:apple:iphone_os:-:*:*:*:*:*:*:*|cpe:2.3:a:adobe:flash_player:*:*:*:*:*:*:*:*|cpe:2.3:a:adobe:flash_player_desktop_runtime:*:*:*:*:*:*:*:*|cpe:2.3:a:adobe:flash_player:*:*:*:*:*:edge:*:*|cpe:2.3:o:microsoft:windows_10:-:*:*:*:*:*:*:*|cpe:2.3:a:adobe:flash_player:*:*:*:*:*:internet_explorer:*:*|cpe:2.3:o:microsoft:windows_8.1:-:*:*:*:*:*:*:*|cpe:2.3:a:adobe:air_desktop_runtime:*:*:*:*:*:*:*:*|cpe:2.3:a:adobe:air_sdk_\&_compiler:*:*:*:*:*:*:*:*,samsung:x14j_firmware,cpe_expansion
CVE-2016-0993,2016-03-12,"Integer overflow in Adobe Flash Player before 18.0.0.333 and 19.x through 21.x before 21.0.0.182 on Windows and OS X and before 11.2.202.577 on Linux, Adobe AIR before 21.0.0.176, Adobe AIR SDK before 21.0.0.176, and Adobe AIR SDK & Compiler before 21.0.0.176 allows attackers to execute arbitrary code via unspecified vectors, a different vulnerability than CVE-2016-0963 and CVE-2016-1010.",8.8,3.1,CWE-190,cpe:2.3:a:adobe:flash_player:*:*:*:*:*:chrome:*:*|cpe:2.3:o:apple:mac_os_x:-:*:*:*:*:*:*:*|cpe:2.3:o:google:chrome_os:-:*:*:*:*:*:*:*|cpe:2.3:o:linux:linux_kernel:-:*:*:*:*:*:*:*|cpe:2.3:o:microsoft:windows:-:*:*:*:*:*:*:*|cpe:2.3:a:adobe:air:*:*:*:*:*:*:*:*|cpe:2.3:o:google:android:-:*:*:*:*:*:*:*|cpe:2.3:a:adobe:air_sdk:*:*:*:*:*:*:*:*|cpe:2.3:o:samsung:x14j_firmware:t-ms14jakucb-1102.5:*:*:*:*:*:*:*|cpe:2.3:o:apple:iphone_os:-:*:*:*:*:*:*:*|cpe:2.3:a:adobe:flash_player:*:*:*:*:*:*:*:*|cpe:2.3:a:adobe:flash_player_desktop_runtime:*:*:*:*:*:*:*:*|cpe:2.3:a:adobe:flash_player:*:*:*:*:*:edge:*:*|cpe:2.3:o:microsoft:windows_10:-:*:*:*:*:*:*:*|cpe:2.3:a:adobe:flash_player:*:*:*:*:*:internet_explorer:*:*|cpe:2.3:o:microsoft:windows_8.1:-:*:*:*:*:*:*:*|cpe:2.3:a:adobe:air_desktop_runtime:*:*:*:*:*:*:*:*|cpe:2.3:a:adobe:air_sdk_\&_compiler:*:*:*:*:*:*:*:*,samsung:x14j_firmware,cpe_expansion
CVE-2016-0994,2016-03-12,"Use-after-free vulnerability in Adobe Flash Player before 18.0.0.333 and 19.x through 21.x before 21.0.0.182 on Windows and OS X and before 11.2.202.577 on Linux, Adobe AIR before 21.0.0.176, Adobe AIR SDK before 21.0.0.176, and Adobe AIR SDK & Compiler before 21.0.0.176 allows attackers to execute arbitrary code by using the actionCallMethod opcode with crafted arguments, a different vulnerability than CVE-2016-0987, CVE-2016-0988, CVE-2016-0990, CVE-2016-0991, CVE-2016-0995, CVE-2016-0996, CVE-2016-0997, CVE-2016-0998, CVE-2016-0999, and CVE-2016-1000.",8.8,3.1,CWE-416,cpe:2.3:a:adobe:flash_player:*:*:*:*:*:chrome:*:*|cpe:2.3:o:apple:mac_os_x:-:*:*:*:*:*:*:*|cpe:2.3:o:google:chrome_os:-:*:*:*:*:*:*:*|cpe:2.3:o:linux:linux_kernel:-:*:*:*:*:*:*:*|cpe:2.3:o:microsoft:windows:-:*:*:*:*:*:*:*|cpe:2.3:a:adobe:air:*:*:*:*:*:*:*:*|cpe:2.3:o:google:android:-:*:*:*:*:*:*:*|cpe:2.3:a:adobe:air_sdk:*:*:*:*:*:*:*:*|cpe:2.3:o:samsung:x14j_firmware:t-ms14jakucb-1102.5:*:*:*:*:*:*:*|cpe:2.3:o:apple:iphone_os:-:*:*:*:*:*:*:*|cpe:2.3:a:adobe:flash_player:*:*:*:*:*:*:*:*|cpe:2.3:a:adobe:flash_player_desktop_runtime:*:*:*:*:*:*:*:*|cpe:2.3:a:adobe:flash_player:*:*:*:*:*:edge:*:*|cpe:2.3:o:microsoft:windows_10:-:*:*:*:*:*:*:*|cpe:2.3:a:adobe:flash_player:*:*:*:*:*:internet_explorer:*:*|cpe:2.3:o:microsoft:windows_8.1:-:*:*:*:*:*:*:*|cpe:2.3:a:adobe:air_desktop_runtime:*:*:*:*:*:*:*:*|cpe:2.3:a:adobe:air_sdk_\&_compiler:*:*:*:*:*:*:*:*,samsung:x14j_firmware,cpe_expansion
CVE-2016-0995,2016-03-12,"Use-after-free vulnerability in Adobe Flash Player before 18.0.0.333 and 19.x through 21.x before 21.0.0.182 on Windows and OS X and before 11.2.202.577 on Linux, Adobe AIR before 21.0.0.176, Adobe AIR SDK before 21.0.0.176, and Adobe AIR SDK & Compiler before 21.0.0.176 allows attackers to execute arbitrary code via unspecified vectors, a different vulnerability than CVE-2016-0987, CVE-2016-0988, CVE-2016-0990, CVE-2016-0991, CVE-2016-0994, CVE-2016-0996, CVE-2016-0997, CVE-2016-0998, CVE-2016-0999, and CVE-2016-1000.",8.8,3.1,CWE-416,cpe:2.3:a:adobe:flash_player:*:*:*:*:*:chrome:*:*|cpe:2.3:o:apple:mac_os_x:-:*:*:*:*:*:*:*|cpe:2.3:o:google:chrome_os:-:*:*:*:*:*:*:*|cpe:2.3:o:linux:linux_kernel:-:*:*:*:*:*:*:*|cpe:2.3:o:microsoft:windows:-:*:*:*:*:*:*:*|cpe:2.3:a:adobe:air:*:*:*:*:*:*:*:*|cpe:2.3:o:google:android:-:*:*:*:*:*:*:*|cpe:2.3:a:adobe:air_sdk:*:*:*:*:*:*:*:*|cpe:2.3:o:samsung:x14j_firmware:t-ms14jakucb-1102.5:*:*:*:*:*:*:*|cpe:2.3:o:apple:iphone_os:-:*:*:*:*:*:*:*|cpe:2.3:a:adobe:flash_player:*:*:*:*:*:*:*:*|cpe:2.3:a:adobe:flash_player_desktop_runtime:*:*:*:*:*:*:*:*|cpe:2.3:a:adobe:flash_player:*:*:*:*:*:edge:*:*|cpe:2.3:o:microsoft:windows_10:-:*:*:*:*:*:*:*|cpe:2.3:a:adobe:flash_player:*:*:*:*:*:internet_explorer:*:*|cpe:2.3:o:microsoft:windows_8.1:-:*:*:*:*:*:*:*|cpe:2.3:a:adobe:air_desktop_runtime:*:*:*:*:*:*:*:*|cpe:2.3:a:adobe:air_sdk_\&_compiler:*:*:*:*:*:*:*:*,samsung:x14j_firmware,cpe_expansion
CVE-2016-0996,2016-03-12,"Use-after-free vulnerability in the setInterval method in Adobe Flash Player before 18.0.0.333 and 19.x through 21.x before 21.0.0.182 on Windows and OS X and before 11.2.202.577 on Linux, Adobe AIR before 21.0.0.176, Adobe AIR SDK before 21.0.0.176, and Adobe AIR SDK & Compiler before 21.0.0.176 allows attackers to execute arbitrary code via crafted arguments, a different vulnerability than CVE-2016-0987, CVE-2016-0988, CVE-2016-0990, CVE-2016-0991, CVE-2016-0994, CVE-2016-0995, CVE-2016-0997, CVE-2016-0998, CVE-2016-0999, and CVE-2016-1000.",8.8,3.1,CWE-416,cpe:2.3:a:adobe:flash_player:*:*:*:*:*:chrome:*:*|cpe:2.3:o:apple:mac_os_x:-:*:*:*:*:*:*:*|cpe:2.3:o:google:chrome_os:-:*:*:*:*:*:*:*|cpe:2.3:o:linux:linux_kernel:-:*:*:*:*:*:*:*|cpe:2.3:o:microsoft:windows:-:*:*:*:*:*:*:*|cpe:2.3:a:adobe:air:*:*:*:*:*:*:*:*|cpe:2.3:o:google:android:-:*:*:*:*:*:*:*|cpe:2.3:a:adobe:air_sdk:*:*:*:*:*:*:*:*|cpe:2.3:o:samsung:x14j_firmware:t-ms14jakucb-1102.5:*:*:*:*:*:*:*|cpe:2.3:o:apple:iphone_os:-:*:*:*:*:*:*:*|cpe:2.3:a:adobe:flash_player:*:*:*:*:*:*:*:*|cpe:2.3:a:adobe:flash_player_desktop_runtime:*:*:*:*:*:*:*:*|cpe:2.3:a:adobe:flash_player:*:*:*:*:*:edge:*:*|cpe:2.3:o:microsoft:windows_10:-:*:*:*:*:*:*:*|cpe:2.3:a:adobe:flash_player:*:*:*:*:*:internet_explorer:*:*|cpe:2.3:o:microsoft:windows_8.1:-:*:*:*:*:*:*:*|cpe:2.3:a:adobe:air_desktop_runtime:*:*:*:*:*:*:*:*|cpe:2.3:a:adobe:air_sdk_\&_compiler:*:*:*:*:*:*:*:*,samsung:x14j_firmware,cpe_expansion
CVE-2016-0997,2016-03-12,"Use-after-free vulnerability in Adobe Flash Player before 18.0.0.333 and 19.x through 21.x before 21.0.0.182 on Windows and OS X and before 11.2.202.577 on Linux, Adobe AIR before 21.0.0.176, Adobe AIR SDK before 21.0.0.176, and Adobe AIR SDK & Compiler before 21.0.0.176 allows attackers to execute arbitrary code via unspecified vectors, a different vulnerability than CVE-2016-0987, CVE-2016-0988, CVE-2016-0990, CVE-2016-0991, CVE-2016-0994, CVE-2016-0995, CVE-2016-0996, CVE-2016-0998, CVE-2016-0999, and CVE-2016-1000.",8.8,3.1,CWE-416,cpe:2.3:a:adobe:flash_player:*:*:*:*:*:chrome:*:*|cpe:2.3:o:apple:mac_os_x:-:*:*:*:*:*:*:*|cpe:2.3:o:google:chrome_os:-:*:*:*:*:*:*:*|cpe:2.3:o:linux:linux_kernel:-:*:*:*:*:*:*:*|cpe:2.3:o:microsoft:windows:-:*:*:*:*:*:*:*|cpe:2.3:a:adobe:air:*:*:*:*:*:*:*:*|cpe:2.3:o:google:android:-:*:*:*:*:*:*:*|cpe:2.3:a:adobe:air_sdk:*:*:*:*:*:*:*:*|cpe:2.3:o:samsung:x14j_firmware:t-ms14jakucb-1102.5:*:*:*:*:*:*:*|cpe:2.3:o:apple:iphone_os:-:*:*:*:*:*:*:*|cpe:2.3:a:adobe:flash_player:*:*:*:*:*:*:*:*|cpe:2.3:a:adobe:flash_player_desktop_runtime:*:*:*:*:*:*:*:*|cpe:2.3:a:adobe:flash_player:*:*:*:*:*:edge:*:*|cpe:2.3:o:microsoft:windows_10:-:*:*:*:*:*:*:*|cpe:2.3:a:adobe:flash_player:*:*:*:*:*:internet_explorer:*:*|cpe:2.3:o:microsoft:windows_8.1:-:*:*:*:*:*:*:*|cpe:2.3:a:adobe:air_desktop_runtime:*:*:*:*:*:*:*:*|cpe:2.3:a:adobe:air_sdk_\&_compiler:*:*:*:*:*:*:*:*,samsung:x14j_firmware,cpe_expansion
CVE-2016-0998,2016-03-12,"Use-after-free vulnerability in Adobe Flash Player before 18.0.0.333 and 19.x through 21.x before 21.0.0.182 on Windows and OS X and before 11.2.202.577 on Linux, Adobe AIR before 21.0.0.176, Adobe AIR SDK before 21.0.0.176, and Adobe AIR SDK & Compiler before 21.0.0.176 allows attackers to execute arbitrary code via unspecified vectors, a different vulnerability than CVE-2016-0987, CVE-2016-0988, CVE-2016-0990, CVE-2016-0991, CVE-2016-0994, CVE-2016-0995, CVE-2016-0996, CVE-2016-0997, CVE-2016-0999, and CVE-2016-1000.",8.8,3.1,CWE-416,cpe:2.3:a:adobe:flash_player:*:*:*:*:*:chrome:*:*|cpe:2.3:o:apple:mac_os_x:-:*:*:*:*:*:*:*|cpe:2.3:o:google:chrome_os:-:*:*:*:*:*:*:*|cpe:2.3:o:linux:linux_kernel:-:*:*:*:*:*:*:*|cpe:2.3:o:microsoft:windows:-:*:*:*:*:*:*:*|cpe:2.3:a:adobe:air:*:*:*:*:*:*:*:*|cpe:2.3:o:google:android:-:*:*:*:*:*:*:*|cpe:2.3:a:adobe:air_sdk:*:*:*:*:*:*:*:*|cpe:2.3:o:samsung:x14j_firmware:t-ms14jakucb-1102.5:*:*:*:*:*:*:*|cpe:2.3:o:apple:iphone_os:-:*:*:*:*:*:*:*|cpe:2.3:a:adobe:flash_player:*:*:*:*:*:*:*:*|cpe:2.3:a:adobe:flash_player_desktop_runtime:*:*:*:*:*:*:*:*|cpe:2.3:a:adobe:flash_player:*:*:*:*:*:edge:*:*|cpe:2.3:o:microsoft:windows_10:-:*:*:*:*:*:*:*|cpe:2.3:a:adobe:flash_player:*:*:*:*:*:internet_explorer:*:*|cpe:2.3:o:microsoft:windows_8.1:-:*:*:*:*:*:*:*|cpe:2.3:a:adobe:air_desktop_runtime:*:*:*:*:*:*:*:*|cpe:2.3:a:adobe:air_sdk_\&_compiler:*:*:*:*:*:*:*:*,samsung:x14j_firmware,cpe_expansion
CVE-2016-0999,2016-03-12,"Use-after-free vulnerability in Adobe Flash Player before 18.0.0.333 and 19.x through 21.x before 21.0.0.182 on Windows and OS X and before 11.2.202.577 on Linux, Adobe AIR before 21.0.0.176, Adobe AIR SDK before 21.0.0.176, and Adobe AIR SDK & Compiler before 21.0.0.176 allows attackers to execute arbitrary code via unspecified vectors, a different vulnerability than CVE-2016-0987, CVE-2016-0988, CVE-2016-0990, CVE-2016-0991, CVE-2016-0994, CVE-2016-0995, CVE-2016-0996, CVE-2016-0997, CVE-2016-0998, and CVE-2016-1000.",8.8,3.1,CWE-416,cpe:2.3:a:adobe:flash_player:*:*:*:*:*:chrome:*:*|cpe:2.3:o:apple:mac_os_x:-:*:*:*:*:*:*:*|cpe:2.3:o:google:chrome_os:-:*:*:*:*:*:*:*|cpe:2.3:o:linux:linux_kernel:-:*:*:*:*:*:*:*|cpe:2.3:o:microsoft:windows:-:*:*:*:*:*:*:*|cpe:2.3:a:adobe:air:*:*:*:*:*:*:*:*|cpe:2.3:o:google:android:-:*:*:*:*:*:*:*|cpe:2.3:a:adobe:air_sdk:*:*:*:*:*:*:*:*|cpe:2.3:o:samsung:x14j_firmware:t-ms14jakucb-1102.5:*:*:*:*:*:*:*|cpe:2.3:o:apple:iphone_os:-:*:*:*:*:*:*:*|cpe:2.3:a:adobe:flash_player:*:*:*:*:*:*:*:*|cpe:2.3:a:adobe:flash_player_desktop_runtime:*:*:*:*:*:*:*:*|cpe:2.3:a:adobe:flash_player:*:*:*:*:*:edge:*:*|cpe:2.3:o:microsoft:windows_10:-:*:*:*:*:*:*:*|cpe:2.3:a:adobe:flash_player:*:*:*:*:*:internet_explorer:*:*|cpe:2.3:o:microsoft:windows_8.1:-:*:*:*:*:*:*:*|cpe:2.3:a:adobe:air_desktop_runtime:*:*:*:*:*:*:*:*|cpe:2.3:a:adobe:air_sdk_\&_compiler:*:*:*:*:*:*:*:*,samsung:x14j_firmware,cpe_expansion
CVE-2016-1000,2016-03-12,"Use-after-free vulnerability in Adobe Flash Player before 18.0.0.333 and 19.x through 21.x before 21.0.0.182 on Windows and OS X and before 11.2.202.577 on Linux, Adobe AIR before 21.0.0.176, Adobe AIR SDK before 21.0.0.176, and Adobe AIR SDK & Compiler before 21.0.0.176 allows attackers to execute arbitrary code via unspecified vectors, a different vulnerability than CVE-2016-0987, CVE-2016-0988, CVE-2016-0990, CVE-2016-0991, CVE-2016-0994, CVE-2016-0995, CVE-2016-0996, CVE-2016-0997, CVE-2016-0998, and CVE-2016-0999.",8.8,3.1,CWE-416,cpe:2.3:a:adobe:flash_player:*:*:*:*:*:chrome:*:*|cpe:2.3:o:apple:mac_os_x:-:*:*:*:*:*:*:*|cpe:2.3:o:google:chrome_os:-:*:*:*:*:*:*:*|cpe:2.3:o:linux:linux_kernel:-:*:*:*:*:*:*:*|cpe:2.3:o:microsoft:windows:-:*:*:*:*:*:*:*|cpe:2.3:a:adobe:air:*:*:*:*:*:*:*:*|cpe:2.3:o:google:android:-:*:*:*:*:*:*:*|cpe:2.3:a:adobe:air_sdk:*:*:*:*:*:*:*:*|cpe:2.3:o:samsung:x14j_firmware:t-ms14jakucb-1102.5:*:*:*:*:*:*:*|cpe:2.3:o:apple:iphone_os:-:*:*:*:*:*:*:*|cpe:2.3:a:adobe:flash_player:*:*:*:*:*:*:*:*|cpe:2.3:a:adobe:flash_player_desktop_runtime:*:*:*:*:*:*:*:*|cpe:2.3:a:adobe:flash_player:*:*:*:*:*:edge:*:*|cpe:2.3:o:microsoft:windows_10:-:*:*:*:*:*:*:*|cpe:2.3:a:adobe:flash_player:*:*:*:*:*:internet_explorer:*:*|cpe:2.3:o:microsoft:windows_8.1:-:*:*:*:*:*:*:*|cpe:2.3:a:adobe:air_desktop_runtime:*:*:*:*:*:*:*:*|cpe:2.3:a:adobe:air_sdk_\&_compiler:*:*:*:*:*:*:*:*,samsung:x14j_firmware,cpe_expansion
CVE-2016-1001,2016-03-12,"Heap-based buffer overflow in Adobe Flash Player before 18.0.0.333 and 19.x through 21.x before 21.0.0.182 on Windows and OS X and before 11.2.202.577 on Linux, Adobe AIR before 21.0.0.176, Adobe AIR SDK before 21.0.0.176, and Adobe AIR SDK & Compiler before 21.0.0.176 allows attackers to execute arbitrary code via unspecified vectors.",8.8,3.1,CWE-787,cpe:2.3:a:adobe:flash_player:*:*:*:*:*:chrome:*:*|cpe:2.3:o:apple:mac_os_x:-:*:*:*:*:*:*:*|cpe:2.3:o:google:chrome_os:-:*:*:*:*:*:*:*|cpe:2.3:o:linux:linux_kernel:-:*:*:*:*:*:*:*|cpe:2.3:o:microsoft:windows:-:*:*:*:*:*:*:*|cpe:2.3:a:adobe:air:*:*:*:*:*:*:*:*|cpe:2.3:o:google:android:-:*:*:*:*:*:*:*|cpe:2.3:a:adobe:air_sdk:*:*:*:*:*:*:*:*|cpe:2.3:o:samsung:x14j_firmware:t-ms14jakucb-1102.5:*:*:*:*:*:*:*|cpe:2.3:o:apple:iphone_os:-:*:*:*:*:*:*:*|cpe:2.3:a:adobe:flash_player:*:*:*:*:*:*:*:*|cpe:2.3:a:adobe:flash_player_desktop_runtime:*:*:*:*:*:*:*:*|cpe:2.3:a:adobe:flash_player:*:*:*:*:*:edge:*:*|cpe:2.3:o:microsoft:windows_10:-:*:*:*:*:*:*:*|cpe:2.3:a:adobe:flash_player:*:*:*:*:*:internet_explorer:*:*|cpe:2.3:o:microsoft:windows_8.1:-:*:*:*:*:*:*:*|cpe:2.3:a:adobe:air_desktop_runtime:*:*:*:*:*:*:*:*|cpe:2.3:a:adobe:air_sdk_\&_compiler:*:*:*:*:*:*:*:*,samsung:x14j_firmware,cpe_expansion
CVE-2016-1002,2016-03-12,"Adobe Flash Player before 18.0.0.333 and 19.x through 21.x before 21.0.0.182 on Windows and OS X and before 11.2.202.577 on Linux, Adobe AIR before 21.0.0.176, Adobe AIR SDK before 21.0.0.176, and Adobe AIR SDK & Compiler before 21.0.0.176 allow attackers to execute arbitrary code or cause a denial of service (memory corruption) via unspecified vectors, a different vulnerability than CVE-2016-0960, CVE-2016-0961, CVE-2016-0962, CVE-2016-0986, CVE-2016-0989, CVE-2016-0992, and CVE-2016-1005.",8.8,3.1,CWE-119,cpe:2.3:a:adobe:flash_player:*:*:*:*:*:chrome:*:*|cpe:2.3:o:apple:mac_os_x:-:*:*:*:*:*:*:*|cpe:2.3:o:google:chrome_os:-:*:*:*:*:*:*:*|cpe:2.3:o:linux:linux_kernel:-:*:*:*:*:*:*:*|cpe:2.3:o:microsoft:windows:-:*:*:*:*:*:*:*|cpe:2.3:a:adobe:air:*:*:*:*:*:*:*:*|cpe:2.3:o:google:android:-:*:*:*:*:*:*:*|cpe:2.3:a:adobe:air_sdk:*:*:*:*:*:*:*:*|cpe:2.3:o:samsung:x14j_firmware:t-ms14jakucb-1102.5:*:*:*:*:*:*:*|cpe:2.3:o:apple:iphone_os:-:*:*:*:*:*:*:*|cpe:2.3:a:adobe:flash_player:*:*:*:*:*:*:*:*|cpe:2.3:a:adobe:flash_player_desktop_runtime:*:*:*:*:*:*:*:*|cpe:2.3:a:adobe:flash_player:*:*:*:*:*:edge:*:*|cpe:2.3:o:microsoft:windows_10:-:*:*:*:*:*:*:*|cpe:2.3:a:adobe:flash_player:*:*:*:*:*:internet_explorer:*:*|cpe:2.3:o:microsoft:windows_8.1:-:*:*:*:*:*:*:*|cpe:2.3:a:adobe:air_desktop_runtime:*:*:*:*:*:*:*:*|cpe:2.3:a:adobe:air_sdk_\&_compiler:*:*:*:*:*:*:*:*,samsung:x14j_firmware,cpe_expansion
CVE-2016-1005,2016-03-12,"Adobe Flash Player before 18.0.0.333 and 19.x through 21.x before 21.0.0.182 on Windows and OS X and before 11.2.202.577 on Linux, Adobe AIR before 21.0.0.176, Adobe AIR SDK before 21.0.0.176, and Adobe AIR SDK & Compiler before 21.0.0.176 allow attackers to execute arbitrary code or cause a denial of service (uninitialized pointer dereference and memory corruption) via crafted MPEG-4 data, a different vulnerability than CVE-2016-0960, CVE-2016-0961, CVE-2016-0962, CVE-2016-0986, CVE-2016-0989, CVE-2016-0992, and CVE-2016-1002.",8.8,3.1,CWE-824,cpe:2.3:a:adobe:flash_player:*:*:*:*:*:chrome:*:*|cpe:2.3:o:apple:mac_os_x:-:*:*:*:*:*:*:*|cpe:2.3:o:google:chrome_os:-:*:*:*:*:*:*:*|cpe:2.3:o:linux:linux_kernel:-:*:*:*:*:*:*:*|cpe:2.3:o:microsoft:windows:-:*:*:*:*:*:*:*|cpe:2.3:a:adobe:air:*:*:*:*:*:*:*:*|cpe:2.3:o:google:android:-:*:*:*:*:*:*:*|cpe:2.3:a:adobe:air_sdk:*:*:*:*:*:*:*:*|cpe:2.3:o:samsung:x14j_firmware:t-ms14jakucb-1102.5:*:*:*:*:*:*:*|cpe:2.3:o:apple:iphone_os:-:*:*:*:*:*:*:*|cpe:2.3:a:adobe:flash_player:*:*:*:*:*:*:*:*|cpe:2.3:a:adobe:flash_player_desktop_runtime:*:*:*:*:*:*:*:*|cpe:2.3:a:adobe:flash_player:*:*:*:*:*:edge:*:*|cpe:2.3:o:microsoft:windows_10:-:*:*:*:*:*:*:*|cpe:2.3:a:adobe:flash_player:*:*:*:*:*:internet_explorer:*:*|cpe:2.3:o:microsoft:windows_8.1:-:*:*:*:*:*:*:*|cpe:2.3:a:adobe:air_desktop_runtime:*:*:*:*:*:*:*:*|cpe:2.3:a:adobe:air_sdk_\&_compiler:*:*:*:*:*:*:*:*,samsung:x14j_firmware,cpe_expansion
CVE-2016-1010,2016-03-12,"Integer overflow in Adobe Flash Player before 18.0.0.333 and 19.x through 21.x before 21.0.0.182 on Windows and OS X and before 11.2.202.577 on Linux, Adobe AIR before 21.0.0.176, Adobe AIR SDK before 21.0.0.176, and Adobe AIR SDK & Compiler before 21.0.0.176 allows attackers to execute arbitrary code via unspecified vectors, a different vulnerability than CVE-2016-0963 and CVE-2016-0993.",8.8,3.1,CWE-190,cpe:2.3:a:adobe:flash_player:*:*:*:*:*:chrome:*:*|cpe:2.3:o:apple:mac_os_x:-:*:*:*:*:*:*:*|cpe:2.3:o:google:chrome_os:-:*:*:*:*:*:*:*|cpe:2.3:o:linux:linux_kernel:-:*:*:*:*:*:*:*|cpe:2.3:o:microsoft:windows:-:*:*:*:*:*:*:*|cpe:2.3:a:adobe:air:*:*:*:*:*:*:*:*|cpe:2.3:o:google:android:-:*:*:*:*:*:*:*|cpe:2.3:a:adobe:air_sdk:*:*:*:*:*:*:*:*|cpe:2.3:o:samsung:x14j_firmware:t-ms14jakucb-1102.5:*:*:*:*:*:*:*|cpe:2.3:o:apple:iphone_os:-:*:*:*:*:*:*:*|cpe:2.3:a:adobe:flash_player:*:*:*:*:*:*:*:*|cpe:2.3:a:adobe:flash_player_desktop_runtime:*:*:*:*:*:*:*:*|cpe:2.3:a:adobe:flash_player:*:*:*:*:*:edge:*:*|cpe:2.3:o:microsoft:windows_10:-:*:*:*:*:*:*:*|cpe:2.3:a:adobe:flash_player:*:*:*:*:*:internet_explorer:*:*|cpe:2.3:o:microsoft:windows_8.1:-:*:*:*:*:*:*:*|cpe:2.3:a:adobe:air_desktop_runtime:*:*:*:*:*:*:*:*|cpe:2.3:a:adobe:air_sdk_\&_compiler:*:*:*:*:*:*:*:*,samsung:x14j_firmware,cpe_expansion
CVE-2016-1302,2016-02-07,"Cisco Application Policy Infrastructure Controller (APIC) devices with software before 1.0(3h) and 1.1 before 1.1(1j) and Nexus 9000 ACI Mode switches with software before 11.0(3h) and 11.1 before 11.1(1j) allow remote authenticated users to bypass intended RBAC restrictions via crafted REST requests, aka Bug ID CSCut12998.",8.8,3.0,CWE-284,cpe:2.3:o:samsung:x14j_firmware:t-ms14jakucb-1102.5:*:*:*:*:*:*:*|cpe:2.3:o:sun:opensolaris:snv_124:*:sparc:*:*:*:*:*|cpe:2.3:o:zyxel:gs1900-10hp_firmware:*:*:*:*:*:*:*:*|cpe:2.3:o:zzinc:keymouse_firmware:3.08:*:*:*:*:windows:*:*|cpe:2.3:h:cisco:nexus_92160yc-x:-:*:*:*:*:*:*:*|cpe:2.3:h:cisco:nexus_92304qc:-:*:*:*:*:*:*:*|cpe:2.3:h:cisco:nexus_9236c:-:*:*:*:*:*:*:*|cpe:2.3:h:cisco:nexus_9272q:-:*:*:*:*:*:*:*|cpe:2.3:h:cisco:nexus_93108tc-ex:-:*:*:*:*:*:*:*|cpe:2.3:h:cisco:nexus_93120tx:-:*:*:*:*:*:*:*|cpe:2.3:h:cisco:nexus_93128tx:-:*:*:*:*:*:*:*|cpe:2.3:h:cisco:nexus_93180yc-ex:-:*:*:*:*:*:*:*|cpe:2.3:h:cisco:nexus_9332pq:-:*:*:*:*:*:*:*|cpe:2.3:h:cisco:nexus_9336pq_aci_spine:-:*:*:*:*:*:*:*|cpe:2.3:h:cisco:nexus_9372px:-:*:*:*:*:*:*:*|cpe:2.3:h:cisco:nexus_9372tx:-:*:*:*:*:*:*:*|cpe:2.3:h:cisco:nexus_9396px:-:*:*:*:*:*:*:*|cpe:2.3:h:cisco:nexus_9396tx:-:*:*:*:*:*:*:*|cpe:2.3:h:cisco:nexus_9504:-:*:*:*:*:*:*:*|cpe:2.3:h:cisco:nexus_9508:-:*:*:*:*:*:*:*|cpe:2.3:h:cisco:nexus_9516:-:*:*:*:*:*:*:*|cpe:2.3:o:cisco:nx-os:base:*:*:*:*:*:*:*,samsung:x14j_firmware,cpe_expansion
CVE-2016-1308,2016-02-07,"SQL injection vulnerability in Cisco Unified Communications Manager 10.5(2.13900.9) allows remote authenticated users to execute arbitrary SQL commands via a crafted URL, aka Bug ID CSCux99227.",6.5,3.0,CWE-89,cpe:2.3:o:samsung:x14j_firmware:t-ms14jakucb-1102.5:*:*:*:*:*:*:*,samsung:x14j_firmware,cpe_expansion
CVE-2016-1319,2016-02-09,"Cisco Unified Communications Manager (aka CallManager) 9.1(2.10000.28), 10.5(2.10000.5), 10.5(2.12901.1), and 11.0(1.10000.10); Unified Communications Manager IM & Presence Service 10.5(2); Unified Contact Center Express 11.0(1); and Unity Connection 10.5(2) store a cleartext encryption key, which allows local users to obtain sensitive information via unspecified vectors, aka Bug ID CSCuv85958.",5.3,3.0,CWE-200,cpe:2.3:o:sun:opensolaris:snv_124:*:sparc:*:*:*:*:*|cpe:2.3:o:samsung:x14j_firmware:t-ms14jakucb-1102.5:*:*:*:*:*:*:*|cpe:2.3:o:zyxel:gs1900-10hp_firmware:*:*:*:*:*:*:*:*|cpe:2.3:o:zzinc:keymouse_firmware:3.08:*:*:*:*:windows:*:*,samsung:x14j_firmware,cpe_expansion
CVE-2016-1329,2016-03-03,"Cisco NX-OS 6.0(2)U6(1) through 6.0(2)U6(5) on Nexus 3000 devices and 6.0(2)A6(1) through 6.0(2)A6(5) and 6.0(2)A7(1) on Nexus 3500 devices has hardcoded credentials, which allows remote attackers to obtain root privileges via a (1) TELNET or (2) SSH session, aka Bug ID CSCuy25800.",9.8,3.0,CWE-287,cpe:2.3:h:cisco:nexus_3048:-:*:*:*:*:*:*:*|cpe:2.3:h:cisco:nexus_3064:-:*:*:*:*:*:*:*|cpe:2.3:h:cisco:nexus_3064t:-:*:*:*:*:*:*:*|cpe:2.3:h:cisco:nexus_3064x:-:*:*:*:*:*:*:*|cpe:2.3:o:samsung:x14j_firmware:t-ms14jakucb-1102.5:*:*:*:*:*:*:*|cpe:2.3:o:sun:opensolaris:snv_124:*:sparc:*:*:*:*:*|cpe:2.3:o:zyxel:gs1900-10hp_firmware:*:*:*:*:*:*:*:*|cpe:2.3:o:zzinc:keymouse_firmware:3.08:*:*:*:*:windows:*:*|cpe:2.3:h:cisco:nexus_3524:-:*:*:*:*:*:*:*|cpe:2.3:h:cisco:nexus_3548:-:*:*:*:*:*:*:*,samsung:x14j_firmware,cpe_expansion
CVE-2016-1344,2016-03-26,"The IKEv2 implementation in Cisco IOS 15.0 through 15.6 and IOS XE 3.3 through 3.17 allows remote attackers to cause a denial of service (device reload) via fragmented packets, aka Bug ID CSCux38417.",5.9,3.0,CWE-399,cpe:2.3:o:cisco:ios_xe:3.3s_3.3.0s:*:*:*:*:*:*:*|cpe:2.3:o:cisco:ios_xe:3.3s_3.3.1s:*:*:*:*:*:*:*|cpe:2.3:o:cisco:ios_xe:3.3s_3.3.2s:*:*:*:*:*:*:*|cpe:2.3:o:cisco:ios_xe:3.3sg_3.3.0sg:*:*:*:*:*:*:*|cpe:2.3:o:cisco:ios_xe:3.3sg_3.3.1sg:*:*:*:*:*:*:*|cpe:2.3:o:cisco:ios_xe:3.3sg_3.3.2sg:*:*:*:*:*:*:*|cpe:2.3:o:cisco:ios_xe:3.3xo_3.3.0xo:*:*:*:*:*:*:*|cpe:2.3:o:cisco:ios_xe:3.3xo_3.3.1xo:*:*:*:*:*:*:*|cpe:2.3:o:cisco:ios_xe:3.3xo_3.3.2xo:*:*:*:*:*:*:*|cpe:2.3:o:cisco:ios_xe:3.4s_3.4.0as:*:*:*:*:*:*:*|cpe:2.3:o:cisco:ios_xe:3.4s_3.4.0s:*:*:*:*:*:*:*|cpe:2.3:o:cisco:ios_xe:3.4s_3.4.1s:*:*:*:*:*:*:*|cpe:2.3:o:cisco:ios_xe:3.4s_3.4.2s:*:*:*:*:*:*:*|cpe:2.3:o:cisco:ios_xe:3.4s_3.4.3s:*:*:*:*:*:*:*|cpe:2.3:o:cisco:ios_xe:3.4s_3.4.4s:*:*:*:*:*:*:*|cpe:2.3:o:cisco:ios_xe:3.4s_3.4.5s:*:*:*:*:*:*:*|cpe:2.3:o:cisco:ios_xe:3.4s_3.4.6s:*:*:*:*:*:*:*|cpe:2.3:o:cisco:ios_xe:3.4sg_3.4.0sg:*:*:*:*:*:*:*|cpe:2.3:o:cisco:ios_xe:3.4sg_3.4.1sg:*:*:*:*:*:*:*|cpe:2.3:o:cisco:ios_xe:3.4sg_3.4.2sg:*:*:*:*:*:*:*|cpe:2.3:o:cisco:ios_xe:3.4sg_3.4.3sg:*:*:*:*:*:*:*|cpe:2.3:o:cisco:ios_xe:3.4sg_3.4.4sg:*:*:*:*:*:*:*|cpe:2.3:o:cisco:ios_xe:3.4sg_3.4.5sg:*:*:*:*:*:*:*|cpe:2.3:o:cisco:ios_xe:3.4sg_3.4.6sg:*:*:*:*:*:*:*|cpe:2.3:o:cisco:ios_xe:3.4sg_3.4.7sg:*:*:*:*:*:*:*|cpe:2.3:o:cisco:ios_xe:3.5e_3.5.0e:*:*:*:*:*:*:*|cpe:2.3:o:cisco:ios_xe:3.5e_3.5.1e:*:*:*:*:*:*:*|cpe:2.3:o:cisco:ios_xe:3.5e_3.5.2e:*:*:*:*:*:*:*|cpe:2.3:o:cisco:ios_xe:3.5e_3.5.3e:*:*:*:*:*:*:*|cpe:2.3:o:cisco:ios_xe:3.5s_3.5.0s:*:*:*:*:*:*:*|cpe:2.3:o:cisco:ios_xe:3.5s_3.5.1s:*:*:*:*:*:*:*|cpe:2.3:o:cisco:ios_xe:3.5s_3.5.2s:*:*:*:*:*:*:*|cpe:2.3:o:cisco:ios_xe:3.6e_3.6.0e:*:*:*:*:*:*:*|cpe:2.3:o:cisco:ios_xe:3.6e_3.6.1e:*:*:*:*:*:*:*|cpe:2.3:o:cisco:ios_xe:3.6e_3.6.2ae:*:*:*:*:*:*:*|cpe:2.3:o:cisco:ios_xe:3.6e_3.6.2e:*:*:*:*:*:*:*|cpe:2.3:o:cisco:ios_xe:3.6e_3.6.3e:*:*:*:*:*:*:*|cpe:2.3:o:cisco:ios_xe:3.6s_3.6.0s:*:*:*:*:*:*:*|cpe:2.3:o:cisco:ios_xe:3.6s_3.6.1s:*:*:*:*:*:*:*|cpe:2.3:o:cisco:ios_xe:3.6s_3.6.2s:*:*:*:*:*:*:*|cpe:2.3:o:cisco:ios_xe:3.7e_3.7.0e:*:*:*:*:*:*:*|cpe:2.3:o:cisco:ios_xe:3.7e_3.7.1e:*:*:*:*:*:*:*|cpe:2.3:o:cisco:ios_xe:3.7e_3.7.2e:*:*:*:*:*:*:*|cpe:2.3:o:cisco:ios_xe:3.7e_3.7.3e:*:*:*:*:*:*:*|cpe:2.3:o:cisco:ios_xe:3.7s_3.7.0s:*:*:*:*:*:*:*|cpe:2.3:o:cisco:ios_xe:3.7s_3.7.1s:*:*:*:*:*:*:*|cpe:2.3:o:cisco:ios_xe:3.7s_3.7.2s:*:*:*:*:*:*:*|cpe:2.3:o:cisco:ios_xe:3.7s_3.7.2ts:*:*:*:*:*:*:*|cpe:2.3:o:cisco:ios_xe:3.7s_3.7.3s:*:*:*:*:*:*:*|cpe:2.3:o:cisco:ios_xe:3.7s_3.7.4as:*:*:*:*:*:*:*|cpe:2.3:o:cisco:ios_xe:3.7s_3.7.4s:*:*:*:*:*:*:*|cpe:2.3:o:cisco:ios_xe:3.7s_3.7.5s:*:*:*:*:*:*:*|cpe:2.3:o:cisco:ios_xe:3.7s_3.7.6s:*:*:*:*:*:*:*|cpe:2.3:o:cisco:ios_xe:3.7s_3.7.7s:*:*:*:*:*:*:*|cpe:2.3:o:cisco:ios_xe:3.8e_3.8.0e:*:*:*:*:*:*:*|cpe:2.3:o:cisco:ios_xe:3.8e_3.8.1e:*:*:*:*:*:*:*|cpe:2.3:o:cisco:ios_xe:3.8s_3.8.0s:*:*:*:*:*:*:*|cpe:2.3:o:cisco:ios_xe:3.8s_3.8.1s:*:*:*:*:*:*:*|cpe:2.3:o:cisco:ios_xe:3.8s_3.8.2s:*:*:*:*:*:*:*|cpe:2.3:o:cisco:ios_xe:3.9s_3.9.0as:*:*:*:*:*:*:*|cpe:2.3:o:cisco:ios_xe:3.9s_3.9.0s:*:*:*:*:*:*:*|cpe:2.3:o:cisco:ios_xe:3.9s_3.9.1as:*:*:*:*:*:*:*|cpe:2.3:o:cisco:ios_xe:3.9s_3.9.1s:*:*:*:*:*:*:*|cpe:2.3:o:cisco:ios_xe:3.9s_3.9.2s:*:*:*:*:*:*:*|cpe:2.3:o:cisco:ios_xe:3.10s_3.10.0s:*:*:*:*:*:*:*|cpe:2.3:o:cisco:ios_xe:3.10s_3.10.1s:*:*:*:*:*:*:*|cpe:2.3:o:cisco:ios_xe:3.10s_3.10.1xbs:*:*:*:*:*:*:*|cpe:2.3:o:cisco:ios_xe:3.10s_3.10.2s:*:*:*:*:*:*:*|cpe:2.3:o:cisco:ios_xe:3.10s_3.10.3s:*:*:*:*:*:*:*|cpe:2.3:o:cisco:ios_xe:3.10s_3.10.4s:*:*:*:*:*:*:*|cpe:2.3:o:cisco:ios_xe:3.10s_3.10.5s:*:*:*:*:*:*:*|cpe:2.3:o:cisco:ios_xe:3.10s_3.10.6s:*:*:*:*:*:*:*|cpe:2.3:o:cisco:ios_xe:3.11s_3.11.0s:*:*:*:*:*:*:*|cpe:2.3:o:cisco:ios_xe:3.11s_3.11.1s:*:*:*:*:*:*:*|cpe:2.3:o:cisco:ios_xe:3.11s_3.11.2s:*:*:*:*:*:*:*|cpe:2.3:o:cisco:ios_xe:3.11s_3.11.3s:*:*:*:*:*:*:*|cpe:2.3:o:cisco:ios_xe:3.11s_3.11.4s:*:*:*:*:*:*:*|cpe:2.3:o:cisco:ios_xe:3.12s_3.12.0s:*:*:*:*:*:*:*|cpe:2.3:o:cisco:ios_xe:3.12s_3.12.1s:*:*:*:*:*:*:*|cpe:2.3:o:cisco:ios_xe:3.12s_3.12.2s:*:*:*:*:*:*:*|cpe:2.3:o:cisco:ios_xe:3.12s_3.12.3s:*:*:*:*:*:*:*|cpe:2.3:o:cisco:ios_xe:3.12s_3.12.4s:*:*:*:*:*:*:*|cpe:2.3:o:cisco:ios_xe:3.13s_3.13.0as:*:*:*:*:*:*:*|cpe:2.3:o:cisco:ios_xe:3.13s_3.13.0s:*:*:*:*:*:*:*|cpe:2.3:o:cisco:ios_xe:3.13s_3.13.1s:*:*:*:*:*:*:*|cpe:2.3:o:cisco:ios_xe:3.13s_3.13.2as:*:*:*:*:*:*:*|cpe:2.3:o:cisco:ios_xe:3.13s_3.13.2s:*:*:*:*:*:*:*|cpe:2.3:o:cisco:ios_xe:3.13s_3.13.3s:*:*:*:*:*:*:*|cpe:2.3:o:cisco:ios_xe:3.13s_3.13.4s:*:*:*:*:*:*:*|cpe:2.3:o:cisco:ios_xe:3.14s_3.14.0s:*:*:*:*:*:*:*|cpe:2.3:o:cisco:ios_xe:3.14s_3.14.1s:*:*:*:*:*:*:*|cpe:2.3:o:cisco:ios_xe:3.14s_3.14.2s:*:*:*:*:*:*:*|cpe:2.3:o:cisco:ios_xe:3.14s_3.14.3s:*:*:*:*:*:*:*|cpe:2.3:o:cisco:ios_xe:3.15s_3.15.0s:*:*:*:*:*:*:*|cpe:2.3:o:cisco:ios_xe:3.15s_3.15.1cs:*:*:*:*:*:*:*|cpe:2.3:o:cisco:ios_xe:3.15s_3.15.1s:*:*:*:*:*:*:*|cpe:2.3:o:cisco:ios_xe:3.15s_3.15.2s:*:*:*:*:*:*:*|cpe:2.3:o:cisco:ios_xe:3.16s_3.16.0cs:*:*:*:*:*:*:*|cpe:2.3:o:cisco:ios_xe:3.16s_3.16.0s:*:*:*:*:*:*:*|cpe:2.3:o:cisco:ios_xe:3.16s_3.16.1as:*:*:*:*:*:*:*|cpe:2.3:o:cisco:ios_xe:3.16s_3.16.1s:*:*:*:*:*:*:*|cpe:2.3:o:cisco:ios_xe:3.17s_3.17.0s:*:*:*:*:*:*:*|cpe:2.3:o:lenovo:thinkcentre_e75s_firmware:*:*:*:*:*:*:*:*|cpe:2.3:o:netgear:jr6150_firmware:*:*:*:*:*:*:*:*|cpe:2.3:o:samsung:x14j_firmware:t-ms14jakucb-1102.5:*:*:*:*:*:*:*|cpe:2.3:o:sun:opensolaris:snv_124:*:sparc:*:*:*:*:*|cpe:2.3:o:zyxel:gs1900-10hp_firmware:*:*:*:*:*:*:*:*|cpe:2.3:o:zzinc:keymouse_firmware:3.08:*:*:*:*:windows:*:*,samsung:x14j_firmware,cpe_expansion
CVE-2016-1346,2016-04-06,"The kernel in Cisco TelePresence Server 3.0 through 4.2(4.18) on Mobility Services Engine (MSE) 8710 devices allows remote attackers to cause a denial of service (panic and reboot) via a crafted sequence of IPv6 packets, aka Bug ID CSCuu46673.",5.9,3.0,CWE-399,cpe:2.3:o:dell:emc_powerscale_onefs:8.2.2:*:*:*:*:*:*:*|cpe:2.3:o:netgear:jr6150_firmware:*:*:*:*:*:*:*:*|cpe:2.3:o:samsung:x14j_firmware:t-ms14jakucb-1102.5:*:*:*:*:*:*:*|cpe:2.3:o:zyxel:gs1900-10hp_firmware:*:*:*:*:*:*:*:*|cpe:2.3:o:zzinc:keymouse_firmware:3.08:*:*:*:*:windows:*:*|cpe:2.3:h:cisco:telepresence_server_mse_8710:-:*:*:*:*:*:*:*,samsung:x14j_firmware,cpe_expansion
CVE-2016-1348,2016-03-26,"Cisco IOS 15.0 through 15.5 and IOS XE 3.3 through 3.16 allow remote attackers to cause a denial of service (device reload) via a crafted DHCPv6 Relay message, aka Bug ID CSCus55821.",7.5,3.0,CWE-399,cpe:2.3:o:cisco:ios_xe:3.3xo_3.3.0xo:*:*:*:*:*:*:*|cpe:2.3:o:cisco:ios_xe:3.3xo_3.3.1xo:*:*:*:*:*:*:*|cpe:2.3:o:cisco:ios_xe:3.3xo_3.3.2xo:*:*:*:*:*:*:*|cpe:2.3:o:cisco:ios_xe:3.5e_3.5.0e:*:*:*:*:*:*:*|cpe:2.3:o:cisco:ios_xe:3.5e_3.5.1e:*:*:*:*:*:*:*|cpe:2.3:o:cisco:ios_xe:3.5e_3.5.2e:*:*:*:*:*:*:*|cpe:2.3:o:cisco:ios_xe:3.5e_3.5.3e:*:*:*:*:*:*:*|cpe:2.3:o:cisco:ios_xe:3.5s_3.5.0s:*:*:*:*:*:*:*|cpe:2.3:o:cisco:ios_xe:3.5s_3.5.1s:*:*:*:*:*:*:*|cpe:2.3:o:cisco:ios_xe:3.5s_3.5.2s:*:*:*:*:*:*:*|cpe:2.3:o:cisco:ios_xe:3.6e_3.6.0e:*:*:*:*:*:*:*|cpe:2.3:o:cisco:ios_xe:3.6e_3.6.1e:*:*:*:*:*:*:*|cpe:2.3:o:cisco:ios_xe:3.6e_3.6.2ae:*:*:*:*:*:*:*|cpe:2.3:o:cisco:ios_xe:3.6e_3.6.2e:*:*:*:*:*:*:*|cpe:2.3:o:cisco:ios_xe:3.6e_3.6.3e:*:*:*:*:*:*:*|cpe:2.3:o:cisco:ios_xe:3.6s_3.6.0s:*:*:*:*:*:*:*|cpe:2.3:o:cisco:ios_xe:3.6s_3.6.1s:*:*:*:*:*:*:*|cpe:2.3:o:cisco:ios_xe:3.6s_3.6.2s:*:*:*:*:*:*:*|cpe:2.3:o:cisco:ios_xe:3.7e_3.7.0e:*:*:*:*:*:*:*|cpe:2.3:o:cisco:ios_xe:3.7e_3.7.1e:*:*:*:*:*:*:*|cpe:2.3:o:cisco:ios_xe:3.7e_3.7.2e:*:*:*:*:*:*:*|cpe:2.3:o:cisco:ios_xe:3.7s_3.7.0s:*:*:*:*:*:*:*|cpe:2.3:o:cisco:ios_xe:3.7s_3.7.1s:*:*:*:*:*:*:*|cpe:2.3:o:cisco:ios_xe:3.7s_3.7.2s:*:*:*:*:*:*:*|cpe:2.3:o:cisco:ios_xe:3.7s_3.7.2ts:*:*:*:*:*:*:*|cpe:2.3:o:cisco:ios_xe:3.7s_3.7.3s:*:*:*:*:*:*:*|cpe:2.3:o:cisco:ios_xe:3.7s_3.7.4as:*:*:*:*:*:*:*|cpe:2.3:o:cisco:ios_xe:3.7s_3.7.4s:*:*:*:*:*:*:*|cpe:2.3:o:cisco:ios_xe:3.7s_3.7.5s:*:*:*:*:*:*:*|cpe:2.3:o:cisco:ios_xe:3.7s_3.7.6s:*:*:*:*:*:*:*|cpe:2.3:o:cisco:ios_xe:3.7s_3.7.7s:*:*:*:*:*:*:*|cpe:2.3:o:cisco:ios_xe:3.8e_3.8.0e:*:*:*:*:*:*:*|cpe:2.3:o:cisco:ios_xe:3.8s_3.8.0s:*:*:*:*:*:*:*|cpe:2.3:o:cisco:ios_xe:3.8s_3.8.1s:*:*:*:*:*:*:*|cpe:2.3:o:cisco:ios_xe:3.8s_3.8.2s:*:*:*:*:*:*:*|cpe:2.3:o:cisco:ios_xe:3.9s_3.9.0as:*:*:*:*:*:*:*|cpe:2.3:o:cisco:ios_xe:3.9s_3.9.0s:*:*:*:*:*:*:*|cpe:2.3:o:cisco:ios_xe:3.9s_3.9.1as:*:*:*:*:*:*:*|cpe:2.3:o:cisco:ios_xe:3.9s_3.9.1s:*:*:*:*:*:*:*|cpe:2.3:o:cisco:ios_xe:3.9s_3.9.2s:*:*:*:*:*:*:*|cpe:2.3:o:cisco:ios_xe:3.10s_3.10.0s:*:*:*:*:*:*:*|cpe:2.3:o:cisco:ios_xe:3.10s_3.10.1s:*:*:*:*:*:*:*|cpe:2.3:o:cisco:ios_xe:3.10s_3.10.1xbs:*:*:*:*:*:*:*|cpe:2.3:o:cisco:ios_xe:3.10s_3.10.2s:*:*:*:*:*:*:*|cpe:2.3:o:cisco:ios_xe:3.10s_3.10.3s:*:*:*:*:*:*:*|cpe:2.3:o:cisco:ios_xe:3.10s_3.10.4s:*:*:*:*:*:*:*|cpe:2.3:o:cisco:ios_xe:3.10s_3.10.5s:*:*:*:*:*:*:*|cpe:2.3:o:cisco:ios_xe:3.10s_3.10.6s:*:*:*:*:*:*:*|cpe:2.3:o:cisco:ios_xe:3.11s_3.11.0s:*:*:*:*:*:*:*|cpe:2.3:o:cisco:ios_xe:3.11s_3.11.1s:*:*:*:*:*:*:*|cpe:2.3:o:cisco:ios_xe:3.11s_3.11.2s:*:*:*:*:*:*:*|cpe:2.3:o:cisco:ios_xe:3.11s_3.11.3s:*:*:*:*:*:*:*|cpe:2.3:o:cisco:ios_xe:3.11s_3.11.4s:*:*:*:*:*:*:*|cpe:2.3:o:cisco:ios_xe:3.12s_3.12.0s:*:*:*:*:*:*:*|cpe:2.3:o:cisco:ios_xe:3.12s_3.12.1s:*:*:*:*:*:*:*|cpe:2.3:o:cisco:ios_xe:3.12s_3.12.2s:*:*:*:*:*:*:*|cpe:2.3:o:cisco:ios_xe:3.12s_3.12.3s:*:*:*:*:*:*:*|cpe:2.3:o:cisco:ios_xe:3.12s_3.12.4s:*:*:*:*:*:*:*|cpe:2.3:o:cisco:ios_xe:3.13s_3.13.0as:*:*:*:*:*:*:*|cpe:2.3:o:cisco:ios_xe:3.13s_3.13.0s:*:*:*:*:*:*:*|cpe:2.3:o:cisco:ios_xe:3.13s_3.13.1s:*:*:*:*:*:*:*|cpe:2.3:o:cisco:ios_xe:3.13s_3.13.2as:*:*:*:*:*:*:*|cpe:2.3:o:cisco:ios_xe:3.13s_3.13.2s:*:*:*:*:*:*:*|cpe:2.3:o:cisco:ios_xe:3.13s_3.13.3s:*:*:*:*:*:*:*|cpe:2.3:o:cisco:ios_xe:3.13s_3.13.4s:*:*:*:*:*:*:*|cpe:2.3:o:cisco:ios_xe:3.14s_3.14.0s:*:*:*:*:*:*:*|cpe:2.3:o:cisco:ios_xe:3.14s_3.14.1s:*:*:*:*:*:*:*|cpe:2.3:o:cisco:ios_xe:3.14s_3.14.2s:*:*:*:*:*:*:*|cpe:2.3:o:cisco:ios_xe:3.14s_3.14.3s:*:*:*:*:*:*:*|cpe:2.3:o:cisco:ios_xe:3.15s_3.15.0s:*:*:*:*:*:*:*|cpe:2.3:o:cisco:ios_xe:3.15s_3.15.1cs:*:*:*:*:*:*:*|cpe:2.3:o:cisco:ios_xe:3.15s_3.15.1s:*:*:*:*:*:*:*|cpe:2.3:o:cisco:ios_xe:3.15s_3.15.2s:*:*:*:*:*:*:*|cpe:2.3:o:cisco:ios_xe:3.16s_3.16.0cs:*:*:*:*:*:*:*|cpe:2.3:o:cisco:ios_xe:3.16s_3.16.0s:*:*:*:*:*:*:*|cpe:2.3:o:cisco:ios_xe:3.16s_3.16.1as:*:*:*:*:*:*:*|cpe:2.3:o:cisco:ios_xe:3.16s_3.16.1s:*:*:*:*:*:*:*|cpe:2.3:o:netgear:jr6150_firmware:*:*:*:*:*:*:*:*|cpe:2.3:o:samsung:x14j_firmware:t-ms14jakucb-1102.5:*:*:*:*:*:*:*|cpe:2.3:o:sun:opensolaris:snv_124:*:sparc:*:*:*:*:*|cpe:2.3:o:zyxel:gs1900-10hp_firmware:*:*:*:*:*:*:*:*|cpe:2.3:o:zzinc:keymouse_firmware:3.08:*:*:*:*:windows:*:*,samsung:x14j_firmware,cpe_expansion
CVE-2016-1349,2016-03-26,"The Smart Install client implementation in Cisco IOS 12.2, 15.0, and 15.2 and IOS XE 3.2 through 3.7 allows remote attackers to cause a denial of service (device reload) via crafted image list parameters in a Smart Install packet, aka Bug ID CSCuv45410.",7.5,3.0,CWE-399,cpe:2.3:o:cisco:ios_xe:3.2ja_3.2.0ja:*:*:*:*:*:*:*|cpe:2.3:o:cisco:ios_xe:3.2se_3.2.0se:*:*:*:*:*:*:*|cpe:2.3:o:cisco:ios_xe:3.2se_3.2.1se:*:*:*:*:*:*:*|cpe:2.3:o:cisco:ios_xe:3.2se_3.2.2se:*:*:*:*:*:*:*|cpe:2.3:o:cisco:ios_xe:3.2se_3.2.3se:*:*:*:*:*:*:*|cpe:2.3:o:cisco:ios_xe:3.3se_3.3.0se:*:*:*:*:*:*:*|cpe:2.3:o:cisco:ios_xe:3.3se_3.3.1se:*:*:*:*:*:*:*|cpe:2.3:o:cisco:ios_xe:3.3se_3.3.2se:*:*:*:*:*:*:*|cpe:2.3:o:cisco:ios_xe:3.3se_3.3.3se:*:*:*:*:*:*:*|cpe:2.3:o:cisco:ios_xe:3.3se_3.3.4se:*:*:*:*:*:*:*|cpe:2.3:o:cisco:ios_xe:3.3se_3.3.5se:*:*:*:*:*:*:*|cpe:2.3:o:cisco:ios_xe:3.3xo_3.3.0xo:*:*:*:*:*:*:*|cpe:2.3:o:cisco:ios_xe:3.3xo_3.3.1xo:*:*:*:*:*:*:*|cpe:2.3:o:cisco:ios_xe:3.3xo_3.3.2xo:*:*:*:*:*:*:*|cpe:2.3:o:cisco:ios_xe:3.4sg_3.4.0sg:*:*:*:*:*:*:*|cpe:2.3:o:cisco:ios_xe:3.4sg_3.4.1sg:*:*:*:*:*:*:*|cpe:2.3:o:cisco:ios_xe:3.4sg_3.4.2sg:*:*:*:*:*:*:*|cpe:2.3:o:cisco:ios_xe:3.4sg_3.4.3sg:*:*:*:*:*:*:*|cpe:2.3:o:cisco:ios_xe:3.4sg_3.4.4sg:*:*:*:*:*:*:*|cpe:2.3:o:cisco:ios_xe:3.4sg_3.4.5sg:*:*:*:*:*:*:*|cpe:2.3:o:cisco:ios_xe:3.4sg_3.4.6sg:*:*:*:*:*:*:*|cpe:2.3:o:cisco:ios_xe:3.5e_3.5.0e:*:*:*:*:*:*:*|cpe:2.3:o:cisco:ios_xe:3.5e_3.5.1e:*:*:*:*:*:*:*|cpe:2.3:o:cisco:ios_xe:3.5e_3.5.2e:*:*:*:*:*:*:*|cpe:2.3:o:cisco:ios_xe:3.5e_3.5.3e:*:*:*:*:*:*:*|cpe:2.3:o:cisco:ios_xe:3.6e_3.6.0e:*:*:*:*:*:*:*|cpe:2.3:o:cisco:ios_xe:3.6e_3.6.1e:*:*:*:*:*:*:*|cpe:2.3:o:cisco:ios_xe:3.6e_3.6.2ae:*:*:*:*:*:*:*|cpe:2.3:o:cisco:ios_xe:3.6e_3.6.2e:*:*:*:*:*:*:*|cpe:2.3:o:cisco:ios_xe:3.7e_3.7.0e:*:*:*:*:*:*:*|cpe:2.3:o:cisco:ios_xe:3.7e_3.7.1e:*:*:*:*:*:*:*|cpe:2.3:o:cisco:ios_xe:3.7e_3.7.2e:*:*:*:*:*:*:*|cpe:2.3:o:intel:core_i5-9400f_firmware:-:*:*:*:*:*:*:*|cpe:2.3:o:netgear:jr6150_firmware:*:*:*:*:*:*:*:*|cpe:2.3:o:samsung:x14j_firmware:t-ms14jakucb-1102.5:*:*:*:*:*:*:*|cpe:2.3:o:sun:opensolaris:snv_124:*:sparc:*:*:*:*:*|cpe:2.3:o:zyxel:gs1900-10hp_firmware:*:*:*:*:*:*:*:*|cpe:2.3:o:zzinc:keymouse_firmware:3.08:*:*:*:*:windows:*:*,samsung:x14j_firmware,cpe_expansion
CVE-2016-1350,2016-03-26,"Cisco IOS 15.3 and 15.4, Cisco IOS XE 3.8 through 3.11, and Cisco Unified Communications Manager allow remote attackers to cause a denial of service (device reload) via malformed SIP messages, aka Bug ID CSCuj23293.",7.5,3.0,CWE-399,cpe:2.3:o:cisco:ios_xe:3.8.0s:*:*:*:*:*:*:*|cpe:2.3:o:cisco:ios_xe:3.8.1s:*:*:*:*:*:*:*|cpe:2.3:o:cisco:ios_xe:3.8.2s:*:*:*:*:*:*:*|cpe:2.3:o:cisco:ios_xe:3.9.0as:*:*:*:*:*:*:*|cpe:2.3:o:cisco:ios_xe:3.9.0s:*:*:*:*:*:*:*|cpe:2.3:o:cisco:ios_xe:3.9.1as:*:*:*:*:*:*:*|cpe:2.3:o:cisco:ios_xe:3.9.1s:*:*:*:*:*:*:*|cpe:2.3:o:cisco:ios_xe:3.9.2s:*:*:*:*:*:*:*|cpe:2.3:o:cisco:ios_xe:3.10.0s:*:*:*:*:*:*:*|cpe:2.3:o:cisco:ios_xe:3.10.1s:*:*:*:*:*:*:*|cpe:2.3:o:cisco:ios_xe:3.10.1xbs:*:*:*:*:*:*:*|cpe:2.3:o:cisco:ios_xe:3.10.2s:*:*:*:*:*:*:*|cpe:2.3:o:cisco:ios_xe:3.11.0s:*:*:*:*:*:*:*|cpe:2.3:o:lenovo:thinkcentre_e75s_firmware:*:*:*:*:*:*:*:*|cpe:2.3:o:samsung:x14j_firmware:t-ms14jakucb-1102.5:*:*:*:*:*:*:*|cpe:2.3:o:sun:opensolaris:snv_124:*:sparc:*:*:*:*:*|cpe:2.3:o:zyxel:gs1900-10hp_firmware:*:*:*:*:*:*:*:*|cpe:2.3:o:zzinc:keymouse_firmware:3.08:*:*:*:*:windows:*:*,samsung:x14j_firmware,cpe_expansion
CVE-2016-2243,2016-03-04,Sure Start on HP Commercial PCs 2015 allows local users to cause a denial of service (BIOS recovery failure) by leveraging administrative access.,7.9,3.0,CWE-284,cpe:2.3:h:hp:elitebook_725_g3:-:*:*:*:*:*:*:*|cpe:2.3:h:hp:elitebook_745_g3:-:*:*:*:*:*:*:*|cpe:2.3:h:hp:elitebook_755_g3:-:*:*:*:*:*:*:*|cpe:2.3:o:hp:700_series_firmware:1.08:*:*:*:*:*:*:*|cpe:2.3:h:hp:elitedesk_800_g2_twr:-:*:*:*:*:*:*:*|cpe:2.3:h:hp:elitedesk_800_sff:-:*:*:*:*:*:*:*|cpe:2.3:o:hp:800_series_firmware:2.09:*:*:*:*:*:*:*|cpe:2.3:h:hp:z240_sff_workstation_n51:-:*:*:*:*:*:*:*|cpe:2.3:h:hp:z240_tower_workstation_n51:-:*:*:*:*:*:*:*|cpe:2.3:o:hp:z240_firmware:1.11:*:*:*:*:*:*:*|cpe:2.3:o:hp:700_series_firmware:2.09:*:*:*:*:*:*:*|cpe:2.3:h:hp:elitedesk_705_g2_mt_sff:-:*:*:*:*:*:*:*|cpe:2.3:h:hp:z238_microtower_workstation_n51:-:*:*:*:*:*:*:*|cpe:2.3:o:hp:z238_firmware:1.11:*:*:*:*:*:*:*|cpe:2.3:h:hp:zbook_15_g3:-:*:*:*:*:*:*:*|cpe:2.3:h:hp:zbook_15u_g3:-:*:*:*:*:*:*:*|cpe:2.3:h:hp:zbook_17_g3:-:*:*:*:*:*:*:*|cpe:2.3:o:hp:zbook_firmware:1.03:*:*:*:*:*:*:*|cpe:2.3:h:hp:elitedesk_800_g2_dm:-:*:*:*:*:*:*:*|cpe:2.3:h:hp:mp9_g2_retail_system:-:*:*:*:*:*:*:*|cpe:2.3:o:samsung:x14j_firmware:t-ms14jakucb-1102.5:*:*:*:*:*:*:*|cpe:2.3:o:hp:800_series_firmware:2.1:*:*:*:*:*:*:*|cpe:2.3:h:hp:elitebook_820_g3:-:*:*:*:*:*:*:*|cpe:2.3:h:hp:elitebook_840_g3:-:*:*:*:*:*:*:*|cpe:2.3:h:hp:elitebook_850_g3:-:*:*:*:*:*:*:*|cpe:2.3:o:hp:1000_series_firmware:1.04:*:*:*:*:*:*:*|cpe:2.3:h:hp:elitebook_folio_1012_x2_g2:-:*:*:*:*:*:*:*|cpe:2.3:o:hp:1000_series_firmware:1.1:*:*:*:*:*:*:*|cpe:2.3:h:hp:elitebook_folio_1040_g3:-:*:*:*:*:*:*:*|cpe:2.3:o:hp:1000_series_firmware:1.01:*:*:*:*:*:*:*|cpe:2.3:h:hp:elitedesk_705_g2_dm:*:*:*:*:*:*:*:*|cpe:2.3:o:hp:700_series_firmware:2.05:*:*:*:*:*:*:*|cpe:2.3:h:hp:mt42_mobile_thin_client:-:*:*:*:*:*:*:*|cpe:2.3:o:hp:700_series_firmware:1.05:*:*:*:*:*:*:*|cpe:2.3:h:hp:zbook_studio_g3:-:*:*:*:*:*:*:*|cpe:2.3:o:hp:zbook_firmware:1.04:*:*:*:*:*:*:*|cpe:2.3:o:zyxel:gs1900-10hp_firmware:*:*:*:*:*:*:*:*|cpe:2.3:o:hp:700_series_firmware:2.07:*:*:*:*:*:*:*,samsung:x14j_firmware,cpe_expansion
CVE-2018-11019,2018-10-16,kernel/omap/drivers/misc/gcx/gcioctl/gcif.c in the kernel component in Amazon Kindle Fire HD(3rd) Fire OS 4.5.5.3 allows attackers to inject a crafted argument via the argument of an ioctl on device /dev/gcioctl with the command 3221773726 and cause a kernel crash.,7.5,3.0,CWE-88,cpe:2.3:o:amazon:fire_os:4.5.5.3:*:*:*:*:*:*:*|cpe:2.3:h:amazon:kindle_fire_hd:3:*:*:*:*:*:*:*,amazon:fire_os,cpe_expansion
CVE-2018-11020,2018-10-16,"kernel/omap/drivers/rpmsg/rpmsg_omx.c in the kernel component in Amazon Kindle Fire HD(3rd) Fire OS 4.5.5.3 allows attackers to inject a crafted argument via the argument of an ioctl on device file /dev/rpmsg-omx1 with the command 3221772291, and cause a kernel crash.",4.4,3.0,CWE-88,cpe:2.3:o:amazon:fire_os:4.5.5.3:*:*:*:*:*:*:*|cpe:2.3:h:amazon:kindle_fire_hd:3:*:*:*:*:*:*:*,amazon:fire_os,cpe_expansion
CVE-2018-11021,2018-10-16,kernel/omap/drivers/video/omap2/dsscomp/device.c in the kernel component in Amazon Kindle Fire HD(3rd) Fire OS 4.5.5.3 allows attackers to inject a crafted argument via the argument of an ioctl on device /dev/dsscomp with the command 1118064517 and cause a kernel crash.,7.5,3.0,CWE-88,cpe:2.3:o:amazon:fire_os:4.5.5.3:*:*:*:*:*:*:*|cpe:2.3:h:amazon:kindle_fire_hd:3:*:*:*:*:*:*:*,amazon:fire_os,cpe_expansion
CVE-2018-11022,2018-10-16,kernel/omap/drivers/misc/gcx/gcioctl/gcif.c in the kernel component in Amazon Kindle Fire HD(3rd) Fire OS 4.5.5.3 allows attackers to inject a crafted argument via the argument of an ioctl on device /dev/gcioctl with the command 3224132973 and cause a kernel crash.,7.5,3.0,CWE-88,cpe:2.3:o:amazon:fire_os:4.5.5.3:*:*:*:*:*:*:*|cpe:2.3:h:amazon:kindle_fire_hd:3:*:*:*:*:*:*:*,amazon:fire_os,cpe_expansion
CVE-2018-11023,2018-10-16,kernel/omap/drivers/misc/gcx/gcioctl/gcif.c in the kernel component in Amazon Kindle Fire HD (3rd) Fire OS 4.5.5.3 allows attackers to inject a crafted argument via the argument of an ioctl on device /dev/gcioctl with the command 3222560159 and cause a kernel crash.,7.5,3.0,CWE-88,cpe:2.3:o:amazon:fire_os:4.5.5.3:*:*:*:*:*:*:*|cpe:2.3:h:amazon:kindle_fire_hd:3:*:*:*:*:*:*:*,amazon:fire_os,cpe_expansion
CVE-2018-11024,2018-10-16,kernel/omap/drivers/misc/gcx/gcioctl/gcif.c in the kernel component in Amazon Kindle Fire HD (3rd) Fire OS 4.5.5.3 allows attackers to inject a crafted argument via the argument of an ioctl on device /dev/gcioctl with the command 1077435789 and cause a kernel crash.,7.5,3.0,CWE-88,cpe:2.3:o:amazon:fire_os:4.5.5.3:*:*:*:*:*:*:*|cpe:2.3:h:amazon:kindle_fire_hd:3:*:*:*:*:*:*:*,amazon:fire_os,cpe_expansion
CVE-2018-11025,2018-10-16,kernel/omap/drivers/mfd/twl6030-gpadc.c in the kernel component in Amazon Kindle Fire HD(3rd) Fire OS 4.5.5.3 allows attackers to inject a crafted argument via the argument of an ioctl on device /dev/twl6030-gpadc with the command 24832 and cause a kernel crash.,7.5,3.0,CWE-88,cpe:2.3:o:amazon:fire_os:4.5.5.3:*:*:*:*:*:*:*|cpe:2.3:h:amazon:kindle_fire_hd:3:*:*:*:*:*:*:*,amazon:fire_os,cpe_expansion
CVE-2019-10886,2019-04-19,An incorrect access control exists in the Sony Photo Sharing Plus application in the firmware before PKG6.5629 version (for the X7500D TV and other applicable TVs). This vulnerability allows an attacker to read arbitrary files without authentication over HTTP when Photo Sharing Plus application is running. This may allow an attacker to browse a particular directory (e.g. images) inside the private network.,5.9,3.0,CWE-306,cpe:2.3:a:sony:photo_sharing_plus:*:*:*:*:*:*:*:*|cpe:2.3:h:sony:kdl-50w800c:-:*:*:*:*:*:*:*|cpe:2.3:h:sony:kdl-50w805c:-:*:*:*:*:*:*:*|cpe:2.3:h:sony:kdl-50w807c:-:*:*:*:*:*:*:*|cpe:2.3:h:sony:kdl-50w809c:-:*:*:*:*:*:*:*|cpe:2.3:h:sony:kdl-50w820c:-:*:*:*:*:*:*:*|cpe:2.3:h:sony:kdl-55w800c:-:*:*:*:*:*:*:*|cpe:2.3:h:sony:kdl-55w805c:-:*:*:*:*:*:*:*|cpe:2.3:h:sony:kdl-65w850c:-:*:*:*:*:*:*:*|cpe:2.3:h:sony:kdl-65w855c:-:*:*:*:*:*:*:*|cpe:2.3:h:sony:kdl-65w857c:-:*:*:*:*:*:*:*|cpe:2.3:h:sony:kdl-75w850c:-:*:*:*:*:*:*:*|cpe:2.3:h:sony:kdl-75w855c:-:*:*:*:*:*:*:*|cpe:2.3:h:sony:x7500d:-:*:*:*:*:*:*:*|cpe:2.3:h:sony:xbr-100z9d:-:*:*:*:*:*:*:*|cpe:2.3:h:sony:xbr-43x800d:-:*:*:*:*:*:*:*|cpe:2.3:h:sony:xbr-43x800e:-:*:*:*:*:*:*:*|cpe:2.3:h:sony:xbr-43x830c:-:*:*:*:*:*:*:*|cpe:2.3:h:sony:xbr-49x700d:-:*:*:*:*:*:*:*|cpe:2.3:h:sony:xbr-49x800c:-:*:*:*:*:*:*:*|cpe:2.3:h:sony:xbr-49x800d:-:*:*:*:*:*:*:*|cpe:2.3:h:sony:xbr-49x800e:-:*:*:*:*:*:*:*|cpe:2.3:h:sony:xbr-49x830c:-:*:*:*:*:*:*:*|cpe:2.3:h:sony:xbr-49x835c:-:*:*:*:*:*:*:*|cpe:2.3:h:sony:xbr-49x835d:-:*:*:*:*:*:*:*|cpe:2.3:h:sony:xbr-49x837c:-:*:*:*:*:*:*:*|cpe:2.3:h:sony:xbr-49x839c:-:*:*:*:*:*:*:*|cpe:2.3:h:sony:xbr-49x900e:-:*:*:*:*:*:*:*|cpe:2.3:h:sony:xbr-55a1e:-:*:*:*:*:*:*:*|cpe:2.3:h:sony:xbr-55x700d:-:*:*:*:*:*:*:*|cpe:2.3:h:sony:xbr-55x800e:-:*:*:*:*:*:*:*|cpe:2.3:h:sony:xbr-55x805c:-:*:*:*:*:*:*:*|cpe:2.3:h:sony:xbr-55x806e:-:*:*:*:*:*:*:*|cpe:2.3:h:sony:xbr-55x807c:-:*:*:*:*:*:*:*|cpe:2.3:h:sony:xbr-55x809c:-:*:*:*:*:*:*:*|cpe:2.3:h:sony:xbr-55x810c:-:*:*:*:*:*:*:*|cpe:2.3:h:sony:xbr-55x850c:-:*:*:*:*:*:*:*|cpe:2.3:h:sony:xbr-55x850d:-:*:*:*:*:*:*:*|cpe:2.3:h:sony:xbr-55x855c:-:*:*:*:*:*:*:*|cpe:2.3:h:sony:xbr-55x855d:-:*:*:*:*:*:*:*|cpe:2.3:h:sony:xbr-55x857c:-:*:*:*:*:*:*:*|cpe:2.3:h:sony:xbr-55x857d:-:*:*:*:*:*:*:*|cpe:2.3:h:sony:xbr-55x900c:-:*:*:*:*:*:*:*|cpe:2.3:h:sony:xbr-55x900e:-:*:*:*:*:*:*:*|cpe:2.3:h:sony:xbr-55x905c:-:*:*:*:*:*:*:*|cpe:2.3:h:sony:xbr-55x907c:-:*:*:*:*:*:*:*|cpe:2.3:h:sony:xbr-55x930d:-:*:*:*:*:*:*:*|cpe:2.3:h:sony:xbr-55x930e:-:*:*:*:*:*:*:*|cpe:2.3:h:sony:xbr-65a1e:-:*:*:*:*:*:*:*|cpe:2.3:h:sony:xbr-65x750d:-:*:*:*:*:*:*:*|cpe:2.3:h:sony:xbr-65x800c:-:*:*:*:*:*:*:*|cpe:2.3:h:sony:xbr-65x805c:-:*:*:*:*:*:*:*|cpe:2.3:h:sony:xbr-65x807c:-:*:*:*:*:*:*:*|cpe:2.3:h:sony:xbr-65x809c:-:*:*:*:*:*:*:*|cpe:2.3:h:sony:xbr-65x810c:-:*:*:*:*:*:*:*|cpe:2.3:h:sony:xbr-65x850c:-:*:*:*:*:*:*:*|cpe:2.3:h:sony:xbr-65x850d:-:*:*:*:*:*:*:*|cpe:2.3:h:sony:xbr-65x850e:-:*:*:*:*:*:*:*|cpe:2.3:h:sony:xbr-65x855c:-:*:*:*:*:*:*:*|cpe:2.3:h:sony:xbr-65x855d:-:*:*:*:*:*:*:*|cpe:2.3:h:sony:xbr-65x857c:-:*:*:*:*:*:*:*|cpe:2.3:h:sony:xbr-65x857d:-:*:*:*:*:*:*:*|cpe:2.3:h:sony:xbr-65x900c:-:*:*:*:*:*:*:*|cpe:2.3:h:sony:xbr-65x900e:-:*:*:*:*:*:*:*|cpe:2.3:h:sony:xbr-65x905c:-:*:*:*:*:*:*:*|cpe:2.3:h:sony:xbr-65x907c:-:*:*:*:*:*:*:*|cpe:2.3:h:sony:xbr-65x930c:-:*:*:*:*:*:*:*|cpe:2.3:h:sony:xbr-65x930d:-:*:*:*:*:*:*:*|cpe:2.3:h:sony:xbr-65x930e:-:*:*:*:*:*:*:*|cpe:2.3:h:sony:xbr-65x935d:-:*:*:*:*:*:*:*|cpe:2.3:h:sony:xbr-65x937d:-:*:*:*:*:*:*:*|cpe:2.3:h:sony:xbr-65z9d:-:*:*:*:*:*:*:*|cpe:2.3:h:sony:xbr-75x850c:-:*:*:*:*:*:*:*|cpe:2.3:h:sony:xbr-75x850d:-:*:*:*:*:*:*:*|cpe:2.3:h:sony:xbr-75x850e:-:*:*:*:*:*:*:*|cpe:2.3:h:sony:xbr-75x855c:-:*:*:*:*:*:*:*|cpe:2.3:h:sony:xbr-75x855d:-:*:*:*:*:*:*:*|cpe:2.3:h:sony:xbr-75x857d:-:*:*:*:*:*:*:*|cpe:2.3:h:sony:xbr-75x900e:-:*:*:*:*:*:*:*|cpe:2.3:h:sony:xbr-75x910c:-:*:*:*:*:*:*:*|cpe:2.3:h:sony:xbr-75x940c:-:*:*:*:*:*:*:*|cpe:2.3:h:sony:xbr-75x940d:-:*:*:*:*:*:*:*|cpe:2.3:h:sony:xbr-75x940e:-:*:*:*:*:*:*:*|cpe:2.3:h:sony:xbr-75x945c:-:*:*:*:*:*:*:*|cpe:2.3:h:sony:xbr-75z9d:-:*:*:*:*:*:*:*|cpe:2.3:h:sony:xbr-77a1e:-:*:*:*:*:*:*:*|cpe:2.3:h:sony:xbr-85x850d:-:*:*:*:*:*:*:*|cpe:2.3:h:sony:xbr-85x855d:-:*:*:*:*:*:*:*|cpe:2.3:h:sony:xbr-85x857d:-:*:*:*:*:*:*:*,sony:kdl-50w800c|sony:kdl-50w805c|sony:kdl-50w807c|sony:kdl-50w809c|sony:kdl-50w820c|sony:kdl-55w800c|sony:kdl-55w805c|sony:kdl-65w850c|sony:kdl-65w855c|sony:kdl-65w857c|sony:kdl-75w850c|sony:kdl-75w855c|sony:x7500d|sony:xbr-100z9d|sony:xbr-43x800d|sony:xbr-43x800e|sony:xbr-43x830c|sony:xbr-49x700d|sony:xbr-49x800c|sony:xbr-49x800d|sony:xbr-49x800e|sony:xbr-49x830c|sony:xbr-49x835c|sony:xbr-49x835d|sony:xbr-49x837c|sony:xbr-49x839c|sony:xbr-49x900e|sony:xbr-55a1e|sony:xbr-55x700d|sony:xbr-55x800e|sony:xbr-55x805c|sony:xbr-55x806e|sony:xbr-55x807c|sony:xbr-55x809c|sony:xbr-55x810c|sony:xbr-55x850c|sony:xbr-55x850d|sony:xbr-55x855c|sony:xbr-55x855d|sony:xbr-55x857c|sony:xbr-55x857d|sony:xbr-55x900c|sony:xbr-55x900e|sony:xbr-55x905c|sony:xbr-55x907c|sony:xbr-55x930d|sony:xbr-55x930e|sony:xbr-65a1e|sony:xbr-65x750d|sony:xbr-65x800c|sony:xbr-65x805c|sony:xbr-65x807c|sony:xbr-65x809c|sony:xbr-65x810c|sony:xbr-65x850c|sony:xbr-65x850d|sony:xbr-65x850e|sony:xbr-65x855c|sony:xbr-65x855d|sony:xbr-65x857c|sony:xbr-65x857d|sony:xbr-65x900c|sony:xbr-65x900e|sony:xbr-65x905c|sony:xbr-65x907c|sony:xbr-65x930c|sony:xbr-65x930d|sony:xbr-65x930e|sony:xbr-65x935d|sony:xbr-65x937d|sony:xbr-65z9d|sony:xbr-75x850c|sony:xbr-75x850d|sony:xbr-75x850e|sony:xbr-75x855c|sony:xbr-75x855d|sony:xbr-75x857d|sony:xbr-75x900e|sony:xbr-75x910c|sony:xbr-75x940c|sony:xbr-75x940d|sony:xbr-75x940e|sony:xbr-75x945c|sony:xbr-75z9d|sony:xbr-77a1e|sony:xbr-85x850d|sony:xbr-85x855d|sony:xbr-85x857d,cpe_expansion
CVE-2019-7399,2019-02-17,"Amazon Fire OS before 5.3.6.4 allows a man-in-the-middle attack against HTTP requests for ""Terms of Use"" and Privacy pages.",7.4,3.0,CWE-346,cpe:2.3:o:amazon:fire_os:*:*:*:*:*:*:*:*,amazon:fire_os,cpe_expansion
CVE-2024-27350,2024-02-26,"Amazon Fire OS 7 before 7.6.6.9 and 8 before 8.1.0.3 allows Fire TV applications to establish local ADB (Android Debug Bridge) connections. NOTE: some third parties dispute whether this has security relevance, because an ADB connection is only possible after the (non-default) ADB Debugging option is enabled, and after the initiator of that specific connection attempt has been approved via a full-screen prompt.",5.9,3.1,,cpe:2.3:o:amazon:fire_os:*:*:*:*:*:*:*:*,amazon:fire_os,cpe_expansion
