Difference Type,cve_id,published,description,cvss_score,cvss_version,cwe_ids,cpe_strings,Claude Judgment,Claude Confidence,Claude Reasoning,Codex Judgment,Codex Confidence,Codex Reasoning,Gemini Judgment,Gemini Confidence,Gemini Reasoning,Review Status,Needs Human Review,Review Reason,Final Judgment,Final Source
vendor_only,CVE-2024-7391,2024-11-22,"ChargePoint Home Flex Bluetooth Low Energy Information Disclosure Vulnerability. This vulnerability allows network-adjacent attackers to disclose sensitive information on affected installations of ChargePoint Home Flex charging devices. User interaction is required to exploit this vulnerability.

The specific flaw exists within the Wi-Fi setup logic. By connecting to the device over Bluetooth Low Energy during the setup process, an attacker can obtain Wi-Fi credentials. An attacker can leverage this vulnerability to disclose credentials and gain access to the device owner's Wi-Fi network. Was ZDI-CAN-21454.",5.7,3.1,CWE-200,cpe:2.3:o:chargepoint:home_flex_firmware:5.5.3.13:*:*:*:*:*:*:*|cpe:2.3:h:chargepoint:home_flex:-:*:*:*:*:*:*:*,Yes,High,,Yes,High,,Yes,High,,complete,No,,Yes,ai-consensus
vendor_only,CVE-2024-7392,2024-11-22,"ChargePoint Home Flex Bluetooth Low Energy Denial-of-Service Vulnerability. This vulnerability allows network-adjacent attackers to create a denial-of-service condition on affected installations of ChargePoint Home Flex charging devices. Authentication is not required to exploit this vulnerability.

The specific flaw exists within the connection handling of the Bluetooth Low Energy interface. The issue results from limiting the number of active connections to the product. An attacker can leverage this vulnerability to create a denial-of-service condition on the system. Was ZDI-CAN-21455.",6.5,3.1,CWE-410,cpe:2.3:o:chargepoint:home_flex_firmware:5.5.3.13:*:*:*:*:*:*:*|cpe:2.3:h:chargepoint:home_flex:-:*:*:*:*:*:*:*,Yes,High,,Yes,High,,Yes,High,,complete,No,,Yes,ai-consensus
vendor_only,CVE-2024-23968,2025-01-31,"This vulnerability allows network-adjacent attackers to execute arbitrary code on affected installations of ChargePoint Home Flex charging stations. Authentication is not required to exploit this vulnerability.

The specific flaw exists within the SrvrToSmSetAutoChnlListMsg function. The issue results from the lack of proper validation of the length of user-supplied data prior to copying it to a fixed-length stack-based buffer. An attacker can leverage this vulnerability to execute code in the context of root.",8.8,3.1,CWE-120,cpe:2.3:o:chargepoint:home_flex_nema_14-50_plug_firmware:-:*:*:*:*:*:*:*|cpe:2.3:h:chargepoint:home_flex_nema_14-50_plug:-:*:*:*:*:*:*:*|cpe:2.3:o:chargepoint:home_flex_hardwired_firmware:-:*:*:*:*:*:*:*|cpe:2.3:h:chargepoint:home_flex_hardwired:-:*:*:*:*:*:*:*|cpe:2.3:o:chargepoint:home_flex_nema_6-50_plug_firmware:-:*:*:*:*:*:*:*|cpe:2.3:h:chargepoint:home_flex_nema_6-50_plug:-:*:*:*:*:*:*:*,Yes,High,,Yes,High,,Yes,High,,complete,No,,Yes,ai-consensus
vendor_only,CVE-2024-23969,2025-01-31,"This vulnerability allows network-adjacent attackers to execute arbitrary code on affected installations of ChargePoint Home Flex charging stations. Authentication is not required to exploit this vulnerability.

The specific flaw exists within the wlanchnllst function. The issue results from the lack of proper validation of user-supplied data, which can result in a write past the end of an allocated buffer. An attacker can leverage this vulnerability to execute code in the context of root.",8.8,3.1,CWE-787,cpe:2.3:o:chargepoint:home_flex_nema_14-50_plug_firmware:-:*:*:*:*:*:*:*|cpe:2.3:h:chargepoint:home_flex_nema_14-50_plug:-:*:*:*:*:*:*:*|cpe:2.3:o:chargepoint:home_flex_hardwired_firmware:-:*:*:*:*:*:*:*|cpe:2.3:h:chargepoint:home_flex_hardwired:-:*:*:*:*:*:*:*|cpe:2.3:o:chargepoint:home_flex_nema_6-50_plug_firmware:-:*:*:*:*:*:*:*|cpe:2.3:h:chargepoint:home_flex_nema_6-50_plug:-:*:*:*:*:*:*:*,Yes,High,,Yes,High,,Yes,High,,complete,No,,Yes,ai-consensus
vendor_only,CVE-2024-23970,2025-01-31,"This vulnerability allows network-adjacent attackers to compromise transport security on affected installations of ChargePoint Home Flex charging stations. Authentication is not required to exploit this vulnerability.

The specific flaw exists within the CURLOPT_SSL_VERIFYHOST setting. The issue results from the lack of proper validation of the certificate presented by the server. An attacker can leverage this in conjunction with other vulnerabilities to execute code in the context of root.",6.5,3.1,CWE-295,cpe:2.3:o:chargepoint:home_flex_nema_14-50_plug_firmware:-:*:*:*:*:*:*:*|cpe:2.3:h:chargepoint:home_flex_nema_14-50_plug:-:*:*:*:*:*:*:*|cpe:2.3:o:chargepoint:home_flex_hardwired_firmware:-:*:*:*:*:*:*:*|cpe:2.3:h:chargepoint:home_flex_hardwired:-:*:*:*:*:*:*:*|cpe:2.3:o:chargepoint:home_flex_nema_6-50_plug_firmware:-:*:*:*:*:*:*:*|cpe:2.3:h:chargepoint:home_flex_nema_6-50_plug:-:*:*:*:*:*:*:*,Yes,High,,Yes,High,,Yes,High,,complete,No,,Yes,ai-consensus
vendor_only,CVE-2024-23971,2025-01-31,"This vulnerability allows network-adjacent attackers to execute arbitrary code on affected installations of ChargePoint Home Flex charging stations. Authentication is not required to exploit this vulnerability.

The specific flaw exists within the handling of OCPP messages. The issue results from the lack of proper validation of a user-supplied string before using it to execute a system call. An attacker can leverage this vulnerability to execute code in the context of root.",8.8,3.1,CWE-77,cpe:2.3:o:chargepoint:home_flex_nema_14-50_plug_firmware:-:*:*:*:*:*:*:*|cpe:2.3:h:chargepoint:home_flex_nema_14-50_plug:-:*:*:*:*:*:*:*|cpe:2.3:o:chargepoint:home_flex_hardwired_firmware:-:*:*:*:*:*:*:*|cpe:2.3:h:chargepoint:home_flex_hardwired:-:*:*:*:*:*:*:*|cpe:2.3:o:chargepoint:home_flex_nema_6-50_plug_firmware:-:*:*:*:*:*:*:*|cpe:2.3:h:chargepoint:home_flex_nema_6-50_plug:-:*:*:*:*:*:*:*,Yes,High,,Yes,High,,Yes,High,,complete,No,,Yes,ai-consensus
vendor_only,CVE-2024-23920,2025-01-31,"This vulnerability allows network-adjacent attackers to execute arbitrary code on affected installations of ChargePoint Home Flex charging stations. Authentication is not required to exploit this vulnerability.

The specific flaw exists within the onboardee module. The issue results from improper access control. An attacker can leverage this vulnerability to execute code in the context of root.",8.8,3.1,CWE-284,cpe:2.3:o:chargepoint:home_flex_nema_14-50_plug_firmware:-:*:*:*:*:*:*:*|cpe:2.3:h:chargepoint:home_flex_nema_14-50_plug:-:*:*:*:*:*:*:*|cpe:2.3:o:chargepoint:home_flex_hardwired_firmware:-:*:*:*:*:*:*:*|cpe:2.3:h:chargepoint:home_flex_hardwired:-:*:*:*:*:*:*:*|cpe:2.3:o:chargepoint:home_flex_nema_6-50_plug_firmware:-:*:*:*:*:*:*:*|cpe:2.3:h:chargepoint:home_flex_nema_6-50_plug:-:*:*:*:*:*:*:*,Yes,High,,Yes,High,,Yes,High,,complete,No,,Yes,ai-consensus
vendor_only,CVE-2024-23921,2025-01-31,"This vulnerability allows network-adjacent attackers to execute arbitrary code on affected installations of ChargePoint Home Flex charging stations. Authentication is not required to exploit this vulnerability.

The specific flaw exists within the wlanapp module. The issue results from the lack of proper validation of a user-supplied string before using it to execute a system call. An attacker can leverage this vulnerability to execute code in the context of root.",8.8,3.1,CWE-94,cpe:2.3:o:chargepoint:home_flex_nema_14-50_plug_firmware:-:*:*:*:*:*:*:*|cpe:2.3:h:chargepoint:home_flex_nema_14-50_plug:-:*:*:*:*:*:*:*|cpe:2.3:o:chargepoint:home_flex_hardwired_firmware:-:*:*:*:*:*:*:*|cpe:2.3:h:chargepoint:home_flex_hardwired:-:*:*:*:*:*:*:*|cpe:2.3:o:chargepoint:home_flex_nema_6-50_plug_firmware:-:*:*:*:*:*:*:*|cpe:2.3:h:chargepoint:home_flex_nema_6-50_plug:-:*:*:*:*:*:*:*,Yes,High,,Yes,High,,Yes,High,,complete,No,,Yes,ai-consensus
vendor_only,CVE-2025-31929,2025-05-13,"A vulnerability has been identified in IEC 1Ph 7.4kW Child socket (8EM1310-2EH04-0GA0) (All versions), IEC 1Ph 7.4kW Child socket/ shutter (8EM1310-2EN04-0GA0) (All versions), IEC 1Ph 7.4kW Parent cable 7m (8EM1310-2EJ04-3GA1) (All versions), IEC 1Ph 7.4kW Parent cable 7m incl. SIM (8EM1310-2EJ04-3GA2) (All versions), IEC 1Ph 7.4kW Parent socket (8EM1310-2EH04-3GA1) (All versions), IEC 1Ph 7.4kW Parent socket incl. SIM (8EM1310-2EH04-3GA2) (All versions), IEC 1Ph 7.4kW Parent socket/ shutter (8EM1310-2EN04-3GA1) (All versions), IEC 1Ph 7.4kW Parent socket/ shutter SIM (8EM1310-2EN04-3GA2) (All versions), IEC 3Ph 22kW Child cable 7m (8EM1310-3EJ04-0GA0) (All versions), IEC 3Ph 22kW Child socket (8EM1310-3EH04-0GA0) (All versions), IEC 3Ph 22kW Child socket/ shutter (8EM1310-3EN04-0GA0) (All versions), IEC 3Ph 22kW Parent cable 7m (8EM1310-3EJ04-3GA1) (All versions), IEC 3Ph 22kW Parent cable 7m incl. SIM (8EM1310-3EJ04-3GA2) (All versions), IEC 3Ph 22kW Parent socket (8EM1310-3EH04-3GA1) (All versions), IEC 3Ph 22kW Parent socket incl. SIM (8EM1310-3EH04-3GA2) (All versions), IEC 3Ph 22kW Parent socket/ shutter (8EM1310-3EN04-3GA1) (All versions), IEC 3Ph 22kW Parent socket/ shutter SIM (8EM1310-3EN04-3GA2) (All versions), IEC ERK 3Ph 22 kW Child cable 7m (8EM1310-3FJ04-0GA0) (All versions), IEC ERK 3Ph 22 kW Child cable 7m (8EM1310-3FJ04-0GA1) (All versions), IEC ERK 3Ph 22 kW Child cable 7m (8EM1310-3FJ04-0GA2) (All versions), IEC ERK 3Ph 22 kW Child socket (8EM1310-3FH04-0GA0) (All versions), IEC ERK 3Ph 22 kW Parent socket (8EM1310-3FH04-3GA1) (All versions), IEC ERK 3Ph 22 kW Parent socket incl. SI (8EM1310-3FH04-3GA2) (All versions), UL Commercial Cellular 48A NTEP (8EM1310-5HF14-1GA2) (All versions), UL Commercial Child 40A w/ 15118 HW (8EM1310-4CF14-0GA0) (All versions), UL Commercial Child 48A BA Compliant (8EM1315-5CG14-0GA0) (All versions), UL Commercial Child 48A w/ 15118 HW (8EM1310-5CF14-0GA0) (All versions), UL Commercial Parent 40A with Simcard (8EM1310-4CF14-1GA2) (All versions), UL Commercial Parent 48A (USPS) (8EM1317-5CG14-1GA2) (All versions), UL Commercial Parent 48A BA Compliant (8EM1315-5CG14-1GA2) (All versions), UL Commercial Parent 48A with Simcard BA (8EM1310-5CF14-1GA2) (All versions), UL Commercial Parent 48A, 15118, 25ft (8EM1310-5CG14-1GA1) (All versions), UL Commercial Parent 48A, 15118, 25ft (8EM1314-5CG14-2FA2) (All versions), UL Commercial Parent 48A, 15118, 25ft (8EM1315-5HG14-1GA2) (All versions), UL Commercial Parent 48A,15118 25ft Sim (8EM1310-5CG14-1GA2) (All versions), UL Resi High End 40A w/15118 Hw (8EM1312-4CF18-0FA3) (All versions), UL Resi High End 48A w/15118 Hw (8EM1312-5CF18-0FA3) (All versions), VersiCharge Blue™ 80A AC Cellular (8EM1315-7BG16-1FH2) (All versions). Affected devices do not contain an Immutable Root of Trust in M0 Hardware. An attacker with physical access to the device could use this to execute arbitrary code.",4.2,3.1,CWE-1326,,Maybe,Low,"Siemens 8EM1310-2EH04-0GA0 IEC 1Ph 7.4kW EV charging sockets may be deployed in residential or commercial settings; the ""Child socket"" parent-child naming suggests a networked commercial charging infrastructure, but 7.4kW AC is also common for home wallboxes",No,High,,Yes,High,,complete,Yes,judgments not unanimous,,pending
vendor_only,CVE-2025-8320,2025-07-30,"Tesla Wall Connector Content-Length Header Improper Input Validation Remote Code Execution Vulnerability. This vulnerability allows network-adjacent attackers to execute arbitrary code on affected installations of Tesla Wall Connector devices. Authentication is not required to exploit this vulnerability.

The specific flaw exists within the parsing of the HTTP Content-Length header. The issue results from the lack of proper validation of user-supplied data, which can result in memory access past the end of an allocated buffer. An attacker can leverage this vulnerability to execute code in the context of the device. Was ZDI-CAN-26300.",8.8,3.0,CWE-1284,cpe:2.3:o:tesla:wall_connector_firmware:*:*:*:*:*:*:*:*|cpe:2.3:h:tesla:wall_connector:-:*:*:*:*:*:*:*,Yes,High,,Yes,High,,Yes,High,,complete,No,,Yes,ai-consensus
vendor_only,CVE-2025-8321,2025-07-30,"Tesla Wall Connector Firmware Downgrade Vulnerability. This vulnerability allows physically present attackers to execute arbitrary code on affected installations of Tesla Wall Connector devices. Authentication is not required to exploit this vulnerability.

The specific flaw exists within the firmware upgrade feature. The issue results from the lack of an anti-downgrade mechanism. An attacker can leverage this in conjunction with other vulnerabilities to execute code in the context of the device. Was ZDI-CAN-26299.",6.8,3.0,CWE-1328,cpe:2.3:o:tesla:wall_connector_firmware:*:*:*:*:*:*:*:*|cpe:2.3:h:tesla:wall_connector:-:*:*:*:*:*:*:*,Yes,High,,Yes,High,,Yes,High,,complete,No,,Yes,ai-consensus
vendor_only,CVE-2025-54564,2025-08-01,"uploadsm in ChargePoint Home Flex 5.5.4.13 does not validate a user-controlled string for bz2 decompression, which allows command execution as the nobody user.",7.8,3.1,CWE-20|CWE-77,,Yes,High,,Yes,High,,Yes,High,,complete,No,,Yes,ai-consensus
vendor_only,CVE-2026-0778,2026-01-23,"Enel X JuiceBox 40 Telnet Service Missing Authentication Remote Code Execution Vulnerability. This vulnerability allows network-adjacent attackers to execute arbitrary code on affected installations of Enel X JuiceBox 40 charging stations. Authentication is not required to exploit this vulnerability.

The specific flaw exists within the telnet service, which listens on TCP port 2000 by default. The issue results from the lack of authentication prior to allowing remote connections. An attacker can leverage this vulnerability to execute code in the context of the service account. Was ZDI-CAN-23285.",8.8,3.0,CWE-306,,Yes,High,,Yes,High,,Yes,High,,complete,No,,Yes,ai-consensus
vendor_only,CVE-2026-4155,2026-04-11,"ChargePoint Home Flex Inclusion of Sensitive Information in Source Code Information Disclosure Vulnerability. This vulnerability allows remote attackers to disclose sensitive information on affected installations of ChargePoint Home Flex charging stations. Authentication is not required to exploit this vulnerability.

The specific flaw exists within the genpw script. The issue results from the inclusion of a secret cryptographic seed value within the script. An attacker can leverage this vulnerability to disclose stored credentials, leading to further compromise. Was ZDI-CAN-26340.",7.5,3.0,CWE-540,cpe:2.3:o:chargepoint:home_flex_cph50_firmware:*:*:*:*:*:*:*:*|cpe:2.3:h:chargepoint:home_flex_cph50:-:*:*:*:*:*:*:*,Yes,High,,Yes,High,,Yes,High,,complete,No,,Yes,ai-consensus
vendor_only,CVE-2026-4157,2026-04-11,"ChargePoint Home Flex revssh Service Command Injection Remote Code Execution Vulnerability. This vulnerability allows network-adjacent attackers to execute arbitrary code on affected installations of ChargePoint Home Flex devices. Authentication is not required to exploit this vulnerability.

The specific flaw exists within the handling of OCPP messages. The issue results from the lack of proper validation of a user-supplied string before using it to execute a system call. An attacker can leverage this vulnerability to execute code in the context of root. Was ZDI-CAN-26338.",7.5,3.0,CWE-78,cpe:2.3:o:chargepoint:home_flex_cph50_firmware:*:*:*:*:*:*:*:*|cpe:2.3:h:chargepoint:home_flex_cph50:-:*:*:*:*:*:*:*,Yes,High,,Yes,High,,Yes,High,,complete,No,,Yes,ai-consensus
keyword_only,CVE-2022-0878,2022-04-12,"Electric Vehicle (EV) commonly utilises the Combined Charging System (CCS) for DC rapid charging. To exchange important messages such as the State of Charge (SoC) with the Electric Vehicle Supply Equipment (EVSE) CCS uses a high-bandwidth IP link provided by the HomePlug Green PHY (HPGP) power-line communication (PLC) technology. The attack interrupts necessary control communication between the vehicle and charger, causing charging sessions to abort. The attack can be conducted wirelessly from a distance using electromagnetic interference, allowing individual vehicles or entire fleets to be disrupted simultaneously. In addition, the attack can be mounted with off-the-shelf radio hardware and minimal technical knowledge. With a power budget of 1 W, the attack is successful from around 47 m distance. The exploited behavior is a required part of the HomePlug Green PHY, DIN 70121 & ISO 15118 standards and all known implementations exhibit it. In addition to electric cars, Brokenwire affects electric ships, airplanes and heavy duty vehicles utilising these standards.",6.5,3.1,CWE-306,cpe:2.3:o:combined_charging_system_project:combined_charging_system_firmware:*:*:*:*:*:*:*:*|cpe:2.3:h:combined_charging_system_project:combined_charging_system:-:*:*:*:*:*:*:*,No,Low,Combined Charging System (CCS) DC rapid charging protocol is primarily used at public fast-charging stations; DC rapid charging is not typically installed as residential home wallbox equipment,Maybe,Low,"Description mentions home EV charger-related terms, but the affected product appears to be general software/IT rather than the device itself.",Yes,High,,complete,Yes,both strong reviewers low confidence; judgments not unanimous,,pending
keyword_only,CVE-2020-8007,2024-11-08,"The pwrstudio web application of EV Charger (in the server in Circontrol Raption through 5.6.2) is vulnerable to OS command injection via three fields of the configuration menu for ntpserver0, ntpserver1, and pingip.",9.8,3.1,CWE-78,,No,Low,"Circontrol Raption is a commercial/public EV charging station product, not a residential home wallbox; the server-based management architecture indicates commercial charging infrastructure",Yes,High,,Yes,High,,complete,Yes,judgments not unanimous,,pending
keyword_only,CVE-2025-26857,2025-04-15,"Unauthenticated attackers can rename arbitrary devices of arbitrary users (i.e., EV chargers).",5.3,3.1,CWE-639,cpe:2.3:a:growatt:cloud_portal:*:*:*:*:*:*:*:*,Maybe,Low,"Growatt cloud portal manages both home EV wallboxes and commercial charging stations; the charger management functions (device renaming, version info, energy data) apply to both residential and commercial products without specifying home-only deployment",No,High,,Yes,High,,complete,Yes,judgments not unanimous,,pending
keyword_only,CVE-2025-27575,2025-04-15,An unauthenticated attacker can obtain EV charger version and firmware upgrading history by knowing the charger ID.,5.3,3.1,CWE-639,cpe:2.3:a:growatt:cloud_portal:*:*:*:*:*:*:*:*,Maybe,Low,"Growatt cloud portal manages both home EV wallboxes and commercial charging stations; the charger management functions (device renaming, version info, energy data) apply to both residential and commercial products without specifying home-only deployment",Yes,High,,Yes,High,,complete,Yes,judgments not unanimous,,pending
keyword_only,CVE-2025-31147,2025-04-15,Unauthenticated attackers can query information about total energy consumed by EV chargers of arbitrary users.,5.3,3.1,CWE-639,cpe:2.3:a:growatt:cloud_portal:*:*:*:*:*:*:*:*,Maybe,Low,"Growatt cloud portal manages both home EV wallboxes and commercial charging stations; the charger management functions (device renaming, version info, energy data) apply to both residential and commercial products without specifying home-only deployment",No,High,,Yes,High,,complete,Yes,judgments not unanimous,,pending
keyword_only,CVE-2025-31950,2025-04-15,An unauthenticated attacker can obtain EV charger energy consumption information of other users.,5.3,3.1,CWE-639,cpe:2.3:a:growatt:cloud_portal:*:*:*:*:*:*:*:*,Maybe,Low,"Growatt cloud portal manages both home EV wallboxes and commercial charging stations; the charger management functions (device renaming, version info, energy data) apply to both residential and commercial products without specifying home-only deployment",Yes,High,,Yes,High,,complete,Yes,judgments not unanimous,,pending
keyword_only,CVE-2024-7795,2024-08-21,"Autel MaxiCharger AC Elite Business C50 AppAuthenExchangeRandomNum Stack-Based Buffer Overflow Remote Code Execution Vulnerability. This vulnerability allows network-adjacent attackers to execute arbitrary code on affected installations of Autel MaxiCharger AC Elite Business C50 EV chargers. Authentication is not required to exploit this vulnerability.

The specific flaw exists within the handling of the AppAuthenExchangeRandomNum BLE command. The issue results from the lack of proper validation of the length of user-supplied data prior to copying it to a fixed-length stack-based buffer. An attacker can leverage this vulnerability to execute code in the context of the device. Was ZDI-CAN-23384.",8.8,3.1,CWE-121|CWE-119,cpe:2.3:o:autel:maxicharger_ac_elite_business_c50_firmware:*:*:*:*:*:*:*:*|cpe:2.3:h:autel:maxicharger_ac_elite_business_c50:-:*:*:*:*:*:*:*,No,High,,No,High,,Yes,High,,complete,Yes,judgments not unanimous,,pending
keyword_only,CVE-2024-11666,2024-11-24,"Affected devices beacon to eCharge cloud infrastructure asking if there are any command they should run. This communication is established over an insecure channel since peer verification is disabled everywhere. Therefore, remote unauthenticated users  suitably positioned on the network between an EV charger controller and eCharge infrastructure can execute arbitrary commands with elevated privileges on affected devices.

This issue affects cph2_echarge_firmware: through 2.0.4.",9.8,3.1,CWE-345,cpe:2.3:o:echarge:salia_plcc_firmware:*:*:*:*:*:*:*:*|cpe:2.3:h:echarge:salia_plcc:-:*:*:*:*:*:*:*,No,Low,eCharge Salia PLCC is a commercial-grade EVSE controller designed for commercial charging infrastructure; not a home wallbox device,Yes,High,,Yes,High,,complete,Yes,judgments not unanimous,,pending
keyword_only,CVE-2024-43648,2025-01-09,"Command injection in the <redacted> parameter of a <redacted>.exe request leads to remote code execution as the root user.

This issue affects Iocharger firmware for AC models before version 24120701.

Likelihood: Moderate – This action is not a common place for command injection vulnerabilities to occur. Thus, an attacker will likely only be able to find this vulnerability by reverse-engineering the firmware or trying it on all <redacted> fields. The attacker will also need a (low privilege) account to gain access to the <redacted> binary, or convince a user with such access to execute a payload.

Impact: Critical – The attacker has full control over the charging station as the root user, and can arbitrarily add, modify and delete files and services.

CVSS clarification. The attack can be executed over any network connection the station is listening to and serves the web interface (AV:N), and there are no additional security measure sin place that need to be circumvented (AC:L), the attack does not rely on preconditions (AT:N). The attack does require authentication, but the level of authentication is irrelevant (PR:L), it does not require user interaction (UI:N). If is a full system compromise, potentially fully compromising confidentiality, integrity and availability of the devicer (VC:H/VI:H/VA:H).  A compromised charger can be used to ""pivot"" onto networks that should otherwise be closed, cause a low confidentiality and interity impact on subsequent systems. (SC:L/SI:L/SA:H). Because this device is an EV charger handing significant amounts of power, we suspect this vulnerability can have a safety impact (S:P). The attack can be automated (AU:Y).",8.8,3.1,CWE-78|CWE-250,,No,Low,"Iocharger AC model chargers are commercial EV charging stations marketed primarily for business/fleet charging deployments, not residential home wallboxes",Yes,High,,Yes,High,,complete,Yes,judgments not unanimous,,pending
keyword_only,CVE-2024-43649,2025-01-09,"Authenticated command injection in the filename of a <redacted>.exe request leads to remote code execution as the root user.

This issue affects Iocharger firmware for AC models before version 24120701.

Likelihood: Moderate – This action is not a common place for command injection vulnerabilities to occur. Thus, an attacker will likely only be able to find this vulnerability by reverse-engineering the firmware or trying it on all <redacted> fields. The attacker will also need a (low privilege) account to gain access to the <redacted> binary, or convince a user with such access to execute a payload.

Impact: Critical – The attacker has full control over the charging station as the root user, and can arbitrarily add, modify and delete files and services.

CVSS clarification: This attack can be performed over any network conenction serving the web interfacr (AV:N), and there are not additional mitigating measures that need to be circumvented (AC:L) or other prerequisites (AT:N). The attack does require privileges, but the level does not matter (PR:L), there is no user interaction required (UI:N). The attack leeds to a full compromised of the charger (VC:H/VI:H/VA:H) and a compromised charger can be used to ""pivot"" to networks that should normally not be reachable (SC:L/SI:L/SA:H). Because this is an EV chargers with significant pwoer, there is a potential safety imp0act (S:P). THis attack can be automated (AU:Y).",8.8,3.1,CWE-78|CWE-250,,No,Low,"Iocharger AC model chargers are commercial EV charging stations marketed primarily for business/fleet charging deployments, not residential home wallboxes",No,High,,Yes,High,,complete,Yes,judgments not unanimous,,pending
keyword_only,CVE-2024-43650,2025-01-09,"Improper Neutralization of Special Elements used in a Command ('Command Injection') vulnerability in Iocharger firmware for AC models allows OS Command Injection as root

This issue affects  firmware versions before 24120701.

Likelihood: Moderate – The <redacted> binary does not seem to be used by the web interface, so it might be more difficult to find. It seems to be largely the same binary as used by the Iocharger Pedestal charging station, however. The attacker will also need a (low privilege) account to gain access to the <redacted> binary, or convince a user with such access to execute a crafted HTTP request.

Impact: Critical – The attacker has full control over the charging station as the root user, and can arbitrarily add, modify and delete
files and services.

CVSS clarification: The attack can be executed over any network connection serving the web interface (AV:N). There are no additional measures that need to be circumvented (AC:L) or attack preconditions (AT:N). THe attack is privileged, but the level does not matter (PR:L) and does not require user interaction (UI:N). Attack leads to full system compromised (VC:H/VI:H/VA:H) and compromised devices can be used to ""pivot"" to other networks that should be unreachable (SC:L/SI:L/SA:H). Because this an EV charger using high power, there is a potential safety impact (S:P). The attack can be automated (AU:Y).",,,CWE-78|CWE-250,,No,Low,"Iocharger AC model chargers are commercial EV charging stations marketed primarily for business/fleet charging deployments, not residential home wallboxes",Yes,High,,Yes,High,,complete,Yes,judgments not unanimous,,pending
keyword_only,CVE-2024-43651,2025-01-09,"Improper Neutralization of Special Elements used in a Command ('Command Injection') vulnerability allows OS Command Injection as root
This issue affects Iocharger firmware for AC models before version 241207101

Likelihood: Moderate – The <redacted> binary does not seem to be used by the web interface, so it might be more difficult to find. It seems to be largely the same binary as used by the Iocharger Pedestal charging station, however. The attacker will also need a (low privilege) account to gain access to the <redacted> binary, or convince a user with such access to execute a crafted HTTP request.

Impact: Critical – The attacker has full control over the charging station as the root user, and can arbitrarily add, modify and delete files and services.

CVSS clarification: Any network connection serving the web interface is vulnerable (AV:N) and there are no additional measures to circumvent (AC:L) nor does the attack require special conditions to be present (AT:N). The attack requires authentication, but the level does not matter (PR:L), nor is user interaction required (UI:N). The attack leads to a full compromised (VC:H/VI:H/VA:H) and a compromised device can be used to potentially ""pivot"" into a network that should nopt be reachable (SC:L/SI:L/SA:H). Because this is an EV charger handing significant power, there is a potential safety impact (S:P). THe attack can be autometed (AU:Y).",,,CWE-78|CWE-250,,No,Low,"Iocharger AC model chargers are commercial EV charging stations marketed primarily for business/fleet charging deployments, not residential home wallboxes",Yes,High,,Yes,High,,complete,Yes,judgments not unanimous,,pending
keyword_only,CVE-2024-43653,2025-01-09,"Improper Neutralization of Special Elements used in a Command ('Command Injection') vulnerability  allows OS Command Injection as root
This issue affects Iocharger firmware for AC model chargers before version 24120701.

Likelihood: Moderate – The <redacted> binary does not seem to be used by the web interface, so it might be more difficult to find. It seems to be largely the same binary as used by the Iocharger Pedestal charging station, however. The attacker will also need a (low privilege) account to gain access to the <redacted> binary, or convince a user with such access to execute a crafted HTTP request.

Impact: Critical – The attacker has full control over the charging station as the root user, and can arbitrarily add, modify and delete
files and services.

CVSS clarification: Any network interface serving the web ui is vulnerable (AV:N) and there are not additional security measures to circumvent (AC:L), nor does the attack require and existing preconditions (AT:N). The attack is authenticated, but the level of authentication does not matter (PR:L), nor is any user interaction required (UI:N). The attack leads to a full compromised (VC:H/VI:H/VA:H), and compromised devices can be used to pivot into networks that should potentially not be accessible (SC:L/SI:L/SA:H). Becuase this is an EV charger handing significant power, there is a potential safety impact (S:P). This attack can be automated (AU:Y).",8.8,3.1,CWE-78|CWE-250,,No,Low,"Iocharger AC model chargers are commercial EV charging stations marketed primarily for business/fleet charging deployments, not residential home wallboxes",Yes,High,,Yes,High,,complete,Yes,judgments not unanimous,,pending
keyword_only,CVE-2024-43654,2025-01-09,"Improper Neutralization of Special Elements used in a Command ('Command Injection') vulnerability in Iocharger  firmware for AC models allows OS Command Injection as root
This issue affects all Iocharger AC EV charger models on a firmware version before 25010801.

Likelihood: Moderate – The <redacted> binary does not seem to be used by the web interface, so it might be more difficult to find. It seems to be largely the same binary as used by the Iocharger Pedestal charging station, however. The attacker will also need a (low privilege) account to gain access to the <redacted> binary, or convince a user with such access to execute a crafted HTTP request.

Impact: Critical – The attacker has full control over the charging station as the root user, and can arbitrarily add, modify and delete
files and services.

CVSS clarification: Any network interface serving the web ui is vulnerable (AV:N) and there are not additional security measures to circumvent (AC:L), nor does the attack require and existing preconditions (AT:N). The attack is authenticated, but the level of authentication does not matter (PR:L), nor is any user interaction required (UI:N). The attack leads to a full compromised (VC:H/VI:H/VA:H), and compromised devices can be used to pivot into networks that should potentially not be accessible (SC:L/SI:L/SA:H). Becuase this is an EV charger handing significant power, there is a potential safety impact (S:P). This attack can be automated (AU:Y).",8.8,3.1,CWE-78|CWE-250,,No,Low,"Iocharger AC model chargers are commercial EV charging stations marketed primarily for business/fleet charging deployments, not residential home wallboxes",Yes,High,,Yes,High,,complete,Yes,judgments not unanimous,,pending
keyword_only,CVE-2024-43655,2025-01-09,"Improper Neutralization of Special Elements used in a Command ('Command Injection') vulnerability allows OS Command Injection as root

This issue affects Iocharger firmware for AC model chargers before version 24120701.

Likelihood: Moderate – The attacker will first need to find the name of the script, and needs a (low privilege) account to gain access to the script, or convince a user with such access to execute a request to it.

Impact: Critical – The attacker has full control over the charging station as the root user, and can arbitrarily add, modify and deletefiles and services.

CVSS clarification: Any network interface serving the web ui is vulnerable (AV:N) and there are not additional security measures to circumvent (AC:L), nor does the attack require and existing preconditions (AT:N). The attack is authenticated, but the level of authentication does not matter (PR:L), nor is any user interaction required (UI:N). The attack leads to a full compromised (VC:H/VI:H/VA:H), and compromised devices can be used to pivot into networks that should potentially not be accessible (SC:L/SI:L/SA:H). Becuase this is an EV charger handing significant power, there is a potential safety impact (S:P). This attack can be automated (AU:Y).",,,CWE-78|CWE-250,,No,Low,"Iocharger AC model chargers are commercial EV charging stations marketed primarily for business/fleet charging deployments, not residential home wallboxes",Yes,High,,Yes,High,,complete,Yes,judgments not unanimous,,pending
keyword_only,CVE-2024-43656,2025-01-09,"Improper Neutralization of Special Elements used in a Command ('Command Injection') vulnerability allows OS Command Injection as root

This issue affects Iocharger firmware for AC model chargers before version 24120701.

Likelihood: Moderate – It might be difficult for an attacker to identify the file structure of the <redated> directory, and then modify the backup to add a new CGI script in the correct directory. Furthermore, the attacker will need an account to restore the settings backup, or convince a user with such access to upload a modified backup file.

Impact: Critical – The attacker has full control over the charging station as the root user, and can arbitrarily add, modify and deletefiles and services.

CVSS clarification: Any network interface serving the web ui is vulnerable (AV:N) and there are not additional security measures to circumvent (AC:L), nor does the attack require and existing preconditions (AT:N). The attack is authenticated, but the level of authentication does not matter (PR:L), nor is any user interaction required (UI:N). The attack leads to a full compromised (VC:H/VI:H/VA:H), and compromised devices can be used to pivot into networks that should potentially not be accessible (SC:L/SI:L/SA:H). Becuase this is an EV charger handing significant power, there is a potential safety impact (S:P). This attack can be automated (AU:Y).",8.8,3.1,CWE-78|CWE-434,,No,Low,"Iocharger AC model chargers are commercial EV charging stations marketed primarily for business/fleet charging deployments, not residential home wallboxes",Yes,High,,Yes,High,,complete,Yes,judgments not unanimous,,pending
keyword_only,CVE-2024-43657,2025-01-09,"Improper Neutralization of Special Elements used in a Command ('Command Injection') vulnerability allows OS Command Injection as root

This issue affects Iocharger firmware for AC model chargers before version 24120701.

Likelihood: High. However, the attacker will need a (low privilege) account to gain access to the action.exe CGI binary and upload the crafted firmware file, or convince a user with such access to upload it.

Impact: Critical – The attacker has full control over the charging station as the root user, and can arbitrarily add, modify and deletefiles and services.

CVSS clarification: Any network interface serving the web ui is vulnerable (AV:N) and there are not additional security measures to circumvent (AC:L), nor does the attack require and existing preconditions (AT:N). The attack is authenticated, but the level of authentication does not matter (PR:L), nor is any user interaction required (UI:N). The attack leads to a full compromised (VC:H/VI:H/VA:H), and compromised devices can be used to pivot into networks that should potentially not be accessible (SC:L/SI:L/SA:H). Becuase this is an EV charger handing significant power, there is a potential safety impact (S:P). This attack can be automated (AU:Y).",8.8,3.1,CWE-78|CWE-434,,No,Low,"Iocharger AC model chargers are commercial EV charging stations marketed primarily for business/fleet charging deployments, not residential home wallboxes",Yes,High,,Yes,High,,complete,Yes,judgments not unanimous,,pending
keyword_only,CVE-2024-43659,2025-01-09,"After gaining access to the firmware of a charging station, a file at <redacted> can be accessed to obtain default credentials that are the same across all Iocharger AC model EV chargers.

This issue affects Iocharger firmware for AC models before firmware version 25010801. 

The issue is addressed by requiring a mandatory password change on first login, it is still recommended to change the password on older models.

Likelihood: Moderate – The attacker will first have to abuse a code execution or file inclusion vulnerability (for example by using <redacted>.sh) to gain access to the <redacted>.json file, or obtain a firmware dump of the charging station or obtain the firmware via other channels.

Impact: Critical – All chargers using Iocharger firmware for AC models started with the same initial password. For models with firmware version before 25010801 a password change was not mandatory. It is therefore very likely that this firmware password is still active on many chargers. These credentials could, once obtained, allow an attacker to log into many Iocharger charging station, and allow them to execute arbitrary commands via the System → Custom page.

CVSS clarification: Any network interface serving the web ui is vulnerable (AV:N) and there are not additional security measures to circumvent (AC:L), nor does the attack require and existing preconditions (AT:N). The attack is authenticated, and requires high privileges (PR:H), there is no user interaction required (UI:N). The attack leads to a compromised of the confidentialy of the ""super user"" credentials of the device (VC:H/VI:N/VA:N), and can subsequently be used to full compromise and other devices (SC:H/SI:H/SA:H). Becuase this is an EV charger handing significant power, there is a potential safety impact (S:P). This attack can be automated (AU:Y).",7.2,3.1,CWE-256|CWE-1391|CWE-1393,,No,Low,"Iocharger AC model chargers are commercial EV charging stations marketed primarily for business/fleet charging deployments, not residential home wallboxes",Yes,High,,Yes,High,,complete,Yes,judgments not unanimous,,pending
keyword_only,CVE-2024-43660,2025-01-09,"The CGI script <redacted>.sh can be used to download any file on the filesystem.

This issue affects Iocharger firmware for AC model chargers beforeversion 24120701.

Likelihood: High, but credentials required.

Impact: Critical – The script can be used to download any file on the filesystem, including sensitive files such as /etc/shadow, the CGI script source code or binaries and configuration files.

CVSS:4.0/AV:N/AC:L/AT:N/PR:L/UI:N/VC:H/VI:N/VA:N/SC:N/SI:N/SA:N/S:P/AU:Y
CVSS clarification. The attack can be executed over any network connection the station is listening to and serves the web interface (AV:N), and there are no additional security measure sin place that need to be circumvented (AC:L), the attack does not rely on preconditions (AT:N). The attack does require authentication, but the level of authentication is irrelevant (PR:L), it does not require user interaction (UI:N). The confidentiality of all files of the devicd can be compromised (VC:H/VI:N/VA:N).  There is no impact on subsequent systems. (SC:N/SI:N/SA:N). While this device is an EV charger handing significant amounts of power, this attack in isolation does not have a safety impact. The attack can be automated (AU:Y).",7.5,3.1,CWE-552,,No,Low,"Iocharger AC model chargers are commercial EV charging stations marketed primarily for business/fleet charging deployments, not residential home wallboxes",Yes,High,,Yes,High,,complete,Yes,judgments not unanimous,,pending
keyword_only,CVE-2024-43661,2025-01-09,"The <redacted>.so library, which is used by <redacted>, is
vulnerable to a buffer overflow in the code that handles the deletion
of certificates. This buffer overflow can be triggered by providing a
long file path to the <redacted> action of the <redacted>.exe CGI binary or
to the <redacted>.sh CGI script. This binary or script will write this
file path to <redacted>, which is then
read by <redacted>.so


This issue affects Iocharger firmware for AC models before version 24120701.

Likelihood: Moderate – An attacker will have to find this exploit by
either obtaining the binaries involved in this vulnerability, or by trial
and error. Furthermore, the attacker will need a (low privilege)
account to gain access to the <redacted>.exe CGI binary or <redacted>.sh
script to trigger the vulnerability, or convince a user with such access
send an HTTP request that triggers it.


Impact: High – The <redacted> process, which we assume is
responsible for OCPP communication, will keep crashing after
performing the exploit. This happens because the buffer overflow
causes the process to segfault before
<redacted> is removed. This means that,
even though <redacted> is automatically restarted, it will crash
again as soon as it tries to parse the text file.

CVSS clarification. The attack can be executed over any network connection the station is listening to and serves the web interface (AV:N), and there are no additional security measure sin place that need to be circumvented (AC:L), the attack does not rely on preconditions (AT:N). The attack does require authentication, but the level of authentication is irrelevant (PR:L), it does not require user interaction (UI:N). The attack leads to reducred availability of the device (VC:N/VI:N/VA:H). THere is not impact on subsequent systems. (SC:N/SI:N/SA:N). Alltough this device is an EV charger handing significant amounts of power, we do not forsee a safety impact. The attack can be automated (AU:Y). Because the DoS condition is written to disk persistantly, it cannot be recovered by the user (R:I).",9.8,3.1,CWE-121,,No,Low,"Iocharger AC model chargers are commercial EV charging stations marketed primarily for business/fleet charging deployments, not residential home wallboxes",Yes,High,,Yes,High,,complete,Yes,judgments not unanimous,,pending
keyword_only,CVE-2024-43662,2025-01-09,"The <redacted>.exe or <redacted>.exe CGI binary can be used to upload arbitrary files to /tmp/upload/ or /tmp/ respectively as any user, although the user interface for uploading files is only shown to the iocadmin user.

This issue affects Iocharger firmware for AC models before version 24120701.

Likelihood: Moderate – An attacker will need to have knowledge of this CGI binary, e.g. by finding it in firmware. Furthermore, the attacker will need a (low privilege) account to gain access to the <redacted>.exe or <redacted>.exe CGI binary and upload the file, or convince a user with such access to upload it.

Impact: Low – The attacker can upload arbitrary files to /tmp/upload/ or /tmp/. However, the attacker is unable to access or use these files without other vulnerabilities.

CVSS clarification. The attack can be executed over any network connection the station is listening to and serves the web interface (AV:N), and there are no additional security measure sin place that need to be circumvented (AC:L), the attack does not rely on preconditions (AT:N). The attack does require authentication, but the level of authentication is irrelevant (PR:L), it does not require user interaction (UI:N). Artitrary files can be uploaded, be these files will not be in a location where they can influence confidentiality or availability and have a minimal impact on device integrity (VC:N/VI:L/VA:N).  There is no impact on subsequent systems. (SC:N/SI:N/SA:N). While this device is an EV charger handing significant amounts of power, we do not expect this vulnerability to have a safety impact. The attack can be automated (AU:Y).",,,CWE-434|CWE-862,,No,Low,"Iocharger AC model chargers are commercial EV charging stations marketed primarily for business/fleet charging deployments, not residential home wallboxes",Yes,High,,Yes,High,,complete,Yes,judgments not unanimous,,pending
keyword_only,CVE-2024-43663,2025-01-09,"There are many buffer overflow vulnerabilities present in several CGI binaries of the charging station.This issue affects Iocharger firmware for AC model chargers beforeversion 24120701.

Likelihood: High – Given the prevalence of these buffer overflows, and the clear error message of the web server, an attacker is very likely to be able to find these vulnerabilities.

Impact: Low – Usually, overflowing one of these buffers just causes a segmentation fault of the CGI binary, which causes the web server to return a 502 Bad Gateway error. However the webserver itself is not affected, and no DoS can be achieved. Abusing these buffer overflows in a meaningful way requires highly technical knowledge, especially since ASLR also seems to be enabled on the charging station. However, a skilled attacker might be able to use one of these buffer overflows to obtain remote code execution.

CVSS clarification. The attack can be executed over any network connection the station is listening to and serves the web interface (AV:N), and there are no additional security measure sin place that need to be circumvented (AC:L), the attack does not rely on preconditions (AT:N). The attack does require authentication, but the level of authentication is irrelevant (PR:L), it does not require user interaction (UI:N). The attack has a small impact on the availability of the device (VC:N/VI:N/VA:L).  There is no impact on subsequent systems. (SC:N/SI:N/SA:N). While this device is an EV charger handing significant amounts of power, we do not expect  this vulnerability to have a safety impact. The attack can be automated (AU:Y).",9.8,3.1,CWE-121,,No,Low,"Iocharger AC model chargers are commercial EV charging stations marketed primarily for business/fleet charging deployments, not residential home wallboxes",Yes,High,,Yes,High,,complete,Yes,judgments not unanimous,,pending
keyword_only,CVE-2025-5747,2025-06-06,"WOLFBOX Level 2 EV Charger MCU Command Parsing Misinterpretation of Input Remote Code Execution Vulnerability. This vulnerability allows network-adjacent attackers to execute arbitrary code on affected installatons of WOLFBOX Level 2 EV Charger devices. Authentication is required to exploit this vulnerability.

The specific flaw exists within the handling of command frames received by the MCU. When parsing frames, the process does not properly detect the start of a frame, which can lead to misinterpretation of input. An attacker can leverage this in conjunction with other vulnerabilities to execute arbitrary code in the context of the device. Was ZDI-CAN-26501.",8.0,3.0,CWE-115,cpe:2.3:o:wolfbox:level_2_ev_charger_firmware:3.1.17:*:*:*:*:*:*:*|cpe:2.3:h:wolfbox:level_2_ev_charger:-:*:*:*:*:*:*:*,Yes,High,,Yes,High,,Yes,High,,complete,No,,Yes,ai-consensus
keyword_only,CVE-2025-5748,2025-06-06,"WOLFBOX Level 2 EV Charger LAN OTA Exposed Dangerous Method Remote Code Execution Vulnerability. This vulnerability allows network-adjacent attackers to execute arbitrary code on affected installations of WOLFBOX Level 2 EV Charger. Although authentication is required to exploit this vulnerability, the existing authentication mechanism can be bypassed.

The specific flaw exists within the Tuya communications module software. The issue results from the exposure of a method allowing the upload of crafted software images to the module. An attacker can leverage this vulnerability to execute code in the context of the device. Was ZDI-CAN-26349.",8.0,3.0,CWE-749,cpe:2.3:o:wolfbox:level_2_ev_charger_firmware:3.1.17:*:*:*:*:*:*:*|cpe:2.3:h:wolfbox:level_2_ev_charger:-:*:*:*:*:*:*:*,Yes,High,,Yes,High,,Yes,High,,complete,No,,Yes,ai-consensus
keyword_only,CVE-2025-5749,2025-06-06,"WOLFBOX Level 2 EV Charger BLE Encryption Keys Uninitialized Variable Authentication Bypass Vulnerability. This vulnerability allows network-adjacent attackers to bypass authentication on affected installations of WOLFBOX Level 2 EV Charger devices. Authentication is not required to exploit this vulnerability.

The specific flaw exists within the handling of cryptographic keys used in vendor-specific encrypted communications. The issue results from the lack of proper initialization of a variable prior to accessing it. An attacker can leverage this vulnerability to bypass authentication on the system. Was ZDI-CAN-26295.",8.8,3.1,CWE-457,cpe:2.3:o:wolfbox:level_2_ev_charger_firmware:3.1.17:*:*:*:*:*:*:*|cpe:2.3:h:wolfbox:level_2_ev_charger:-:*:*:*:*:*:*:*,Yes,High,,Yes,High,,Yes,High,,complete,No,,Yes,ai-consensus
keyword_only,CVE-2025-5750,2025-06-06,"WOLFBOX Level 2 EV Charger tuya_svc_devos_activate_result_parse Heap-based Buffer Overflow Remote Code Execution Vulnerability. This vulnerability allows network-adjacent attackers to execute arbitrary code on affected installations of WOLFBOX Level 2 EV Charger. Authentication is not required to exploit this vulnerability.

The specific flaw exists within the handling of the secKey, localKey, stdTimeZone and devId parameters. The issue results from the lack of proper validation of the length of user-supplied data prior to copying it to a fixed-length heap-based buffer. An attacker can leverage this vulnerability to execute code in the context of the device. Was ZDI-CAN-26294.",8.8,3.0,CWE-122,cpe:2.3:o:wolfbox:level_2_ev_charger_firmware:3.1.17:*:*:*:*:*:*:*|cpe:2.3:h:wolfbox:level_2_ev_charger:-:*:*:*:*:*:*:*,Yes,High,,Yes,High,,Yes,High,,complete,No,,Yes,ai-consensus
keyword_only,CVE-2025-5751,2025-06-06,"WOLFBOX Level 2 EV Charger Management Card Hard-coded Credentials Authentication Bypass Vulnerability. This vulnerability allows physically present attackers to bypass authentication on affected installations of WOLFBOX Level 2 EV Charger. Authentication is not required to exploit this vulnerability.

The specific flaw exists within the handling of management cards. The issue results from the lack of personalization of management cards. An attacker can leverage this vulnerability to bypass authentication on the system. Was ZDI-CAN-26292.",6.8,3.1,CWE-798,cpe:2.3:o:wolfbox:level_2_ev_charger_firmware:3.1.17:*:*:*:*:*:*:*|cpe:2.3:h:wolfbox:level_2_ev_charger:-:*:*:*:*:*:*:*,Yes,High,,Yes,High,,Yes,High,,complete,No,,Yes,ai-consensus
keyword_only,CVE-2025-5823,2025-06-25,"Autel MaxiCharger AC Wallbox Commercial Serial Number Exposed Dangerous Method Information Disclosure Vulnerability. This vulnerability allows remote attackers to disclose sensitive information on affected installations of Autel MaxiCharger AC Wallbox Commercial EV chargers. Authentication is required to exploit this vulnerability.

The specific flaw exists within the implementation of the Autel Technician API. The issue results from an exposed dangerous method. An attacker can leverage this vulnerability to disclose credentials, leading to further compromise. Was ZDI-CAN-26351.",6.5,3.1,CWE-749,cpe:2.3:o:autel:maxicharger_ac_elite_business_c50_firmware:*:*:*:*:*:*:*:american_standard|cpe:2.3:o:autel:maxicharger_ac_elite_business_c50_firmware:*:*:*:*:*:*:*:european_standard|cpe:2.3:h:autel:maxicharger_ac_elite_business_c50:-:*:*:*:*:*:*:*|cpe:2.3:o:autel:maxicharger_ac_pro_firmware:*:*:*:*:*:*:*:american_standard|cpe:2.3:o:autel:maxicharger_ac_pro_firmware:*:*:*:*:*:*:*:european_standard|cpe:2.3:h:autel:maxicharger_ac_pro:-:*:*:*:*:*:*:*|cpe:2.3:o:autel:maxicharger_ac_ultra_firmware:*:*:*:*:*:*:*:american_standard|cpe:2.3:o:autel:maxicharger_ac_ultra_firmware:*:*:*:*:*:*:*:european_standard|cpe:2.3:h:autel:maxicharger_ac_ultra:-:*:*:*:*:*:*:*|cpe:2.3:o:autel:maxicharger_dc_compact_mobile_firmware:*:*:*:*:*:*:*:american_standard|cpe:2.3:o:autel:maxicharger_dc_compact_mobile_firmware:*:*:*:*:*:*:*:european_standard|cpe:2.3:h:autel:maxicharger_dc_compact_mobile:-:*:*:*:*:*:*:*|cpe:2.3:o:autel:maxicharger_dc_compact_pedestal_firmware:*:*:*:*:*:*:*:american_standard|cpe:2.3:o:autel:maxicharger_dc_compact_pedestal_firmware:*:*:*:*:*:*:*:european_standard|cpe:2.3:h:autel:maxicharger_dc_compact_pedestal:-:*:*:*:*:*:*:*|cpe:2.3:o:autel:maxicharger_dc_fast_firmware:*:*:*:*:*:*:*:american_standard|cpe:2.3:o:autel:maxicharger_dc_fast_firmware:*:*:*:*:*:*:*:european_standard|cpe:2.3:h:autel:maxicharger_dc_fast:-:*:*:*:*:*:*:*|cpe:2.3:o:autel:maxicharger_dc_hipower_firmware:*:*:*:*:*:*:*:american_standard|cpe:2.3:o:autel:maxicharger_dc_hipower_firmware:*:*:*:*:*:*:*:european_standard|cpe:2.3:h:autel:maxicharger_dc_hipower:-:*:*:*:*:*:*:*|cpe:2.3:o:autel:maxicharger_dh480_firmware:*:*:*:*:*:*:*:american_standard|cpe:2.3:o:autel:maxicharger_dh480_firmware:*:*:*:*:*:*:*:european_standard|cpe:2.3:h:autel:maxicharger_dh480:-:*:*:*:*:*:*:*|cpe:2.3:o:autel:maxicharger_single_charger_firmware:*:*:*:*:*:*:*:american_standard|cpe:2.3:o:autel:maxicharger_single_charger_firmware:*:*:*:*:*:*:*:european_standard|cpe:2.3:h:autel:maxicharger_single_charger:-:*:*:*:*:*:*:*,No,High,,Yes,High,,No,High,,complete,Yes,judgments not unanimous,,pending
keyword_only,CVE-2025-5827,2025-06-25,"Autel MaxiCharger AC Wallbox Commercial ble_process_esp32_msg Stack-based Buffer Overflow Remote Code Execution Vulnerability. This vulnerability allows network-adjacent attackers to execute arbitrary code on affected installations of Autel MaxiCharger AC Wallbox Commercial EV chargers. Authentication is not required to exploit this vulnerability.

The specific flaw exists within the ble_process_esp32_msg function. The issue results from the lack of proper validation of the length of user-supplied data prior to copying it to a fixed-length stack-based buffer. An attacker can leverage this vulnerability to execute code in the context of the device. Was ZDI-CAN-26369.",8.8,3.0,CWE-121,cpe:2.3:o:autel:maxicharger_ac_elite_business_c50_firmware:*:*:*:*:*:*:*:american_standard|cpe:2.3:o:autel:maxicharger_ac_elite_business_c50_firmware:*:*:*:*:*:*:*:european_standard|cpe:2.3:h:autel:maxicharger_ac_elite_business_c50:-:*:*:*:*:*:*:*|cpe:2.3:o:autel:maxicharger_ac_pro_firmware:*:*:*:*:*:*:*:american_standard|cpe:2.3:o:autel:maxicharger_ac_pro_firmware:*:*:*:*:*:*:*:european_standard|cpe:2.3:h:autel:maxicharger_ac_pro:-:*:*:*:*:*:*:*|cpe:2.3:o:autel:maxicharger_ac_ultra_firmware:*:*:*:*:*:*:*:american_standard|cpe:2.3:o:autel:maxicharger_ac_ultra_firmware:*:*:*:*:*:*:*:european_standard|cpe:2.3:h:autel:maxicharger_ac_ultra:-:*:*:*:*:*:*:*|cpe:2.3:o:autel:maxicharger_dc_compact_mobile_firmware:*:*:*:*:*:*:*:american_standard|cpe:2.3:o:autel:maxicharger_dc_compact_mobile_firmware:*:*:*:*:*:*:*:european_standard|cpe:2.3:h:autel:maxicharger_dc_compact_mobile:-:*:*:*:*:*:*:*|cpe:2.3:o:autel:maxicharger_dc_compact_pedestal_firmware:*:*:*:*:*:*:*:american_standard|cpe:2.3:o:autel:maxicharger_dc_compact_pedestal_firmware:*:*:*:*:*:*:*:european_standard|cpe:2.3:h:autel:maxicharger_dc_compact_pedestal:-:*:*:*:*:*:*:*|cpe:2.3:o:autel:maxicharger_dc_fast_firmware:*:*:*:*:*:*:*:american_standard|cpe:2.3:o:autel:maxicharger_dc_fast_firmware:*:*:*:*:*:*:*:european_standard|cpe:2.3:h:autel:maxicharger_dc_fast:-:*:*:*:*:*:*:*|cpe:2.3:o:autel:maxicharger_dc_hipower_firmware:*:*:*:*:*:*:*:american_standard|cpe:2.3:o:autel:maxicharger_dc_hipower_firmware:*:*:*:*:*:*:*:european_standard|cpe:2.3:h:autel:maxicharger_dc_hipower:-:*:*:*:*:*:*:*|cpe:2.3:o:autel:maxicharger_dh480_firmware:*:*:*:*:*:*:*:american_standard|cpe:2.3:o:autel:maxicharger_dh480_firmware:*:*:*:*:*:*:*:european_standard|cpe:2.3:h:autel:maxicharger_dh480:-:*:*:*:*:*:*:*|cpe:2.3:o:autel:maxicharger_single_charger_firmware:*:*:*:*:*:*:*:american_standard|cpe:2.3:o:autel:maxicharger_single_charger_firmware:*:*:*:*:*:*:*:european_standard|cpe:2.3:h:autel:maxicharger_single_charger:-:*:*:*:*:*:*:*,No,High,,Yes,High,,No,High,,complete,Yes,judgments not unanimous,,pending
keyword_only,CVE-2025-5828,2025-06-25,"Autel MaxiCharger AC Wallbox Commercial wLength Buffer Overflow Remote Code Execution Vulnerability. This vulnerability allows physically present attackers to execute arbitrary code on affected installations of Autel MaxiCharger AC Wallbox Commercial EV chargers. Authentication is not required to exploit this vulnerability.

The specific flaw exists within the handling of USB frame packets. The issue results from the lack of proper validation of the length of user-supplied data prior to copying it to a fixed-length buffer. An attacker can leverage this vulnerability to execute code in the context of the device. Was ZDI-CAN-26328.",6.8,3.0,CWE-120,cpe:2.3:o:autel:maxicharger_ac_elite_business_c50_firmware:*:*:*:*:*:*:*:american_standard|cpe:2.3:o:autel:maxicharger_ac_elite_business_c50_firmware:*:*:*:*:*:*:*:european_standard|cpe:2.3:h:autel:maxicharger_ac_elite_business_c50:-:*:*:*:*:*:*:*|cpe:2.3:o:autel:maxicharger_ac_pro_firmware:*:*:*:*:*:*:*:american_standard|cpe:2.3:o:autel:maxicharger_ac_pro_firmware:*:*:*:*:*:*:*:european_standard|cpe:2.3:h:autel:maxicharger_ac_pro:-:*:*:*:*:*:*:*|cpe:2.3:o:autel:maxicharger_ac_ultra_firmware:*:*:*:*:*:*:*:american_standard|cpe:2.3:o:autel:maxicharger_ac_ultra_firmware:*:*:*:*:*:*:*:european_standard|cpe:2.3:h:autel:maxicharger_ac_ultra:-:*:*:*:*:*:*:*|cpe:2.3:o:autel:maxicharger_dc_compact_mobile_firmware:*:*:*:*:*:*:*:american_standard|cpe:2.3:o:autel:maxicharger_dc_compact_mobile_firmware:*:*:*:*:*:*:*:european_standard|cpe:2.3:h:autel:maxicharger_dc_compact_mobile:-:*:*:*:*:*:*:*|cpe:2.3:o:autel:maxicharger_dc_compact_pedestal_firmware:*:*:*:*:*:*:*:american_standard|cpe:2.3:o:autel:maxicharger_dc_compact_pedestal_firmware:*:*:*:*:*:*:*:european_standard|cpe:2.3:h:autel:maxicharger_dc_compact_pedestal:-:*:*:*:*:*:*:*|cpe:2.3:o:autel:maxicharger_dc_fast_firmware:*:*:*:*:*:*:*:american_standard|cpe:2.3:o:autel:maxicharger_dc_fast_firmware:*:*:*:*:*:*:*:european_standard|cpe:2.3:h:autel:maxicharger_dc_fast:-:*:*:*:*:*:*:*|cpe:2.3:o:autel:maxicharger_dc_hipower_firmware:*:*:*:*:*:*:*:american_standard|cpe:2.3:o:autel:maxicharger_dc_hipower_firmware:*:*:*:*:*:*:*:european_standard|cpe:2.3:h:autel:maxicharger_dc_hipower:-:*:*:*:*:*:*:*|cpe:2.3:o:autel:maxicharger_dh480_firmware:*:*:*:*:*:*:*:american_standard|cpe:2.3:o:autel:maxicharger_dh480_firmware:*:*:*:*:*:*:*:european_standard|cpe:2.3:h:autel:maxicharger_dh480:-:*:*:*:*:*:*:*|cpe:2.3:o:autel:maxicharger_single_charger_firmware:*:*:*:*:*:*:*:american_standard|cpe:2.3:o:autel:maxicharger_single_charger_firmware:*:*:*:*:*:*:*:european_standard|cpe:2.3:h:autel:maxicharger_single_charger:-:*:*:*:*:*:*:*,No,High,,Yes,High,,No,High,,complete,Yes,judgments not unanimous,,pending
keyword_only,CVE-2025-5829,2025-06-25,"Autel MaxiCharger AC Wallbox Commercial autocharge Stack-based Buffer Overflow Remote Code Execution Vulnerability. This vulnerability allows physically present attackers to execute arbitrary code on affected  affected installations of Autel MaxiCharger AC Wallbox Commercial EV chargers. Authentication is not required to exploit this vulnerability.

The specific flaw exists within the handling of JSON messages. The issue results from the lack of proper validation of the length of user-supplied data prior to copying it to a fixed-length stack-based buffer. An attacker can leverage this vulnerability to execute code in the context of the device. Was ZDI-CAN-26330.",6.8,3.0,CWE-121,cpe:2.3:o:autel:maxicharger_ac_elite_business_c50_firmware:*:*:*:*:*:*:*:american_standard|cpe:2.3:o:autel:maxicharger_ac_elite_business_c50_firmware:*:*:*:*:*:*:*:european_standard|cpe:2.3:h:autel:maxicharger_ac_elite_business_c50:-:*:*:*:*:*:*:*|cpe:2.3:o:autel:maxicharger_ac_pro_firmware:*:*:*:*:*:*:*:american_standard|cpe:2.3:o:autel:maxicharger_ac_pro_firmware:*:*:*:*:*:*:*:european_standard|cpe:2.3:h:autel:maxicharger_ac_pro:-:*:*:*:*:*:*:*|cpe:2.3:o:autel:maxicharger_ac_ultra_firmware:*:*:*:*:*:*:*:american_standard|cpe:2.3:o:autel:maxicharger_ac_ultra_firmware:*:*:*:*:*:*:*:european_standard|cpe:2.3:h:autel:maxicharger_ac_ultra:-:*:*:*:*:*:*:*|cpe:2.3:o:autel:maxicharger_dc_compact_mobile_firmware:*:*:*:*:*:*:*:american_standard|cpe:2.3:o:autel:maxicharger_dc_compact_mobile_firmware:*:*:*:*:*:*:*:european_standard|cpe:2.3:h:autel:maxicharger_dc_compact_mobile:-:*:*:*:*:*:*:*|cpe:2.3:o:autel:maxicharger_dc_compact_pedestal_firmware:*:*:*:*:*:*:*:american_standard|cpe:2.3:o:autel:maxicharger_dc_compact_pedestal_firmware:*:*:*:*:*:*:*:european_standard|cpe:2.3:h:autel:maxicharger_dc_compact_pedestal:-:*:*:*:*:*:*:*|cpe:2.3:o:autel:maxicharger_dc_fast_firmware:*:*:*:*:*:*:*:american_standard|cpe:2.3:o:autel:maxicharger_dc_fast_firmware:*:*:*:*:*:*:*:european_standard|cpe:2.3:h:autel:maxicharger_dc_fast:-:*:*:*:*:*:*:*|cpe:2.3:o:autel:maxicharger_dc_hipower_firmware:*:*:*:*:*:*:*:american_standard|cpe:2.3:o:autel:maxicharger_dc_hipower_firmware:*:*:*:*:*:*:*:european_standard|cpe:2.3:h:autel:maxicharger_dc_hipower:-:*:*:*:*:*:*:*|cpe:2.3:o:autel:maxicharger_dh480_firmware:*:*:*:*:*:*:*:american_standard|cpe:2.3:o:autel:maxicharger_dh480_firmware:*:*:*:*:*:*:*:european_standard|cpe:2.3:h:autel:maxicharger_dh480:-:*:*:*:*:*:*:*|cpe:2.3:o:autel:maxicharger_single_charger_firmware:*:*:*:*:*:*:*:american_standard|cpe:2.3:o:autel:maxicharger_single_charger_firmware:*:*:*:*:*:*:*:european_standard|cpe:2.3:h:autel:maxicharger_single_charger:-:*:*:*:*:*:*:*,No,High,,Yes,High,,No,High,,complete,Yes,judgments not unanimous,,pending
keyword_only,CVE-2025-5830,2025-06-25,"Autel MaxiCharger AC Wallbox Commercial DLB_SlaveRegister Heap-based Buffer Overflow Remote Code Execution Vulnerability. This vulnerability allows network-adjacent attackers to execute arbitrary code on affected installations of Autel MaxiCharger AC Wallbox Commercial EV chargers. Authentication is not required to exploit this vulnerability.

The specific flaw exists within the handling of DLB_SlaveRegister messages. The issue results from the lack of proper validation of the length of user-supplied data prior to copying it to a fixed-length heap-based buffer. An attacker can leverage this vulnerability to execute code in the context of the device. Was ZDI-CAN-26327.",8.8,3.0,CWE-122,cpe:2.3:o:autel:maxicharger_ac_elite_business_c50_firmware:*:*:*:*:*:*:*:american_standard|cpe:2.3:o:autel:maxicharger_ac_elite_business_c50_firmware:*:*:*:*:*:*:*:european_standard|cpe:2.3:h:autel:maxicharger_ac_elite_business_c50:-:*:*:*:*:*:*:*|cpe:2.3:o:autel:maxicharger_ac_pro_firmware:*:*:*:*:*:*:*:american_standard|cpe:2.3:o:autel:maxicharger_ac_pro_firmware:*:*:*:*:*:*:*:european_standard|cpe:2.3:h:autel:maxicharger_ac_pro:-:*:*:*:*:*:*:*|cpe:2.3:o:autel:maxicharger_ac_ultra_firmware:*:*:*:*:*:*:*:american_standard|cpe:2.3:o:autel:maxicharger_ac_ultra_firmware:*:*:*:*:*:*:*:european_standard|cpe:2.3:h:autel:maxicharger_ac_ultra:-:*:*:*:*:*:*:*|cpe:2.3:o:autel:maxicharger_dc_compact_mobile_firmware:*:*:*:*:*:*:*:american_standard|cpe:2.3:o:autel:maxicharger_dc_compact_mobile_firmware:*:*:*:*:*:*:*:european_standard|cpe:2.3:h:autel:maxicharger_dc_compact_mobile:-:*:*:*:*:*:*:*|cpe:2.3:o:autel:maxicharger_dc_compact_pedestal_firmware:*:*:*:*:*:*:*:american_standard|cpe:2.3:o:autel:maxicharger_dc_compact_pedestal_firmware:*:*:*:*:*:*:*:european_standard|cpe:2.3:h:autel:maxicharger_dc_compact_pedestal:-:*:*:*:*:*:*:*|cpe:2.3:o:autel:maxicharger_dc_fast_firmware:*:*:*:*:*:*:*:american_standard|cpe:2.3:o:autel:maxicharger_dc_fast_firmware:*:*:*:*:*:*:*:european_standard|cpe:2.3:h:autel:maxicharger_dc_fast:-:*:*:*:*:*:*:*|cpe:2.3:o:autel:maxicharger_dc_hipower_firmware:*:*:*:*:*:*:*:american_standard|cpe:2.3:o:autel:maxicharger_dc_hipower_firmware:*:*:*:*:*:*:*:european_standard|cpe:2.3:h:autel:maxicharger_dc_hipower:-:*:*:*:*:*:*:*|cpe:2.3:o:autel:maxicharger_dh480_firmware:*:*:*:*:*:*:*:american_standard|cpe:2.3:o:autel:maxicharger_dh480_firmware:*:*:*:*:*:*:*:european_standard|cpe:2.3:h:autel:maxicharger_dh480:-:*:*:*:*:*:*:*|cpe:2.3:o:autel:maxicharger_single_charger_firmware:*:*:*:*:*:*:*:american_standard|cpe:2.3:o:autel:maxicharger_single_charger_firmware:*:*:*:*:*:*:*:european_standard|cpe:2.3:h:autel:maxicharger_single_charger:-:*:*:*:*:*:*:*,No,High,,Yes,High,,No,High,,complete,Yes,judgments not unanimous,,pending
keyword_only,CVE-2025-68133,2026-01-21,"EVerest is an EV charging software stack. In versions 2025.9.0 and below, an attacker can exhaust the operating system's memory and cause the module to terminate by initiating an unlimited number of TCP connections that never proceed to ISO 15118-2 communication. This is possible because a new thread is started for each incoming plain TCP or TLS socket connection before any verification occurs, and the verification performed is too permissive. The EVerest processes and all its modules shut down, affecting all EVSE functionality. This issue is fixed in version 2025.10.0.",7.4,3.1,CWE-770,cpe:2.3:o:linuxfoundation:everest:*:*:*:*:*:*:*:*,No,Low,"EVerest is an open-source EV charging software stack (Linux Foundation project); the vulnerable component is the software framework used to implement EVSE functionality, not a specific home EV wallbox device",Yes,High,,Yes,High,,complete,Yes,judgments not unanimous,,pending
keyword_only,CVE-2025-68134,2026-01-21,"EVerest is an EV charging software stack. Prior to version 2025.10.0, the use of the `assert` function to handle errors frequently causes the module to crash. This is particularly critical because the manager shuts down all other modules and exits when any one of them terminates, leading to a denial of service. In a context where a manager handles multiple EVSE, this would also impact other users. Version 2025.10.0 fixes the issue.",7.4,3.1,CWE-20,cpe:2.3:o:linuxfoundation:everest:*:*:*:*:*:*:*:*,No,Low,"EVerest is an open-source EV charging software stack (Linux Foundation project); the vulnerable component is the software framework used to implement EVSE functionality, not a specific home EV wallbox device",Yes,High,,Yes,High,,complete,Yes,judgments not unanimous,,pending
keyword_only,CVE-2025-68139,2026-01-21,"EVerest is an EV charging software stack. In all versions up to and including 2025.12.1, the default value for `terminate_connection_on_failed_response` is `False`, which leaves the responsibility for session and connection termination to the EV. In this configuration, any errors encountered by the module are logged but do not trigger countermeasures such as session and connection reset or termination. This could be abused by a malicious user in order to exploit other weaknesses or vulnerabilities. While the default will stay at the setting that is described as potentially problematic in this reported issue, a mitigation is available by changing the `terminate_connection_on_failed_response`  setting to `true`. However this cannot be set to this value by default since it can trigger errors in vehicle ECUs requiring ECU resets and lengthy unavailability in charging for vehicles. The maintainers judge this to be a much more important workaround then short-term unavailability of an EVSE, therefore this setting will stay at the current value.",4.3,3.1,CWE-384,cpe:2.3:o:linuxfoundation:everest:*:*:*:*:*:*:*:*,No,Low,"EVerest is an open-source EV charging software stack (Linux Foundation project); the vulnerable component is the software framework used to implement EVSE functionality, not a specific home EV wallbox device",Yes,High,,Yes,High,,complete,Yes,judgments not unanimous,,pending
keyword_only,CVE-2025-68141,2026-01-21,"EVerest is an EV charging software stack. Prior to version 2025.10.0, during the deserialization of a `DC_ChargeLoopRes` message that includes Receipt as well as TaxCosts, the vector `<DetailedTax>tax_costs` in the target `Receipt` structure is accessed out of bounds. This occurs in the method `template <> void convert(const struct iso20_dc_DetailedTaxType& in, datatypes::DetailedTax& out)` which leads to a null pointer dereference and causes the module to terminate. The EVerest processes and all its modules shut down, affecting all EVSE. Version 2025.10.0 fixes the issue.",7.4,3.1,CWE-476,cpe:2.3:o:linuxfoundation:everest:*:*:*:*:*:*:*:*,No,Low,"EVerest is an open-source EV charging software stack (Linux Foundation project); the vulnerable component is the software framework used to implement EVSE functionality, not a specific home EV wallbox device",Yes,High,,Yes,High,,complete,Yes,judgments not unanimous,,pending
keyword_only,CVE-2026-26074,2026-03-26,EVerest is an EV charging software stack. Versions prior to 2026.02.0 have a data race leading to possible `std::map<std::queue>` corruption. The trigger is CSMS GetLog/UpdateFirmware request (network) with an EVSE fault event (physical). This results in TSAN reports concurrent access (data race) to `event_queue`. Version 2026.2.0 contains a patch.,7.0,3.1,CWE-362,cpe:2.3:o:linuxfoundation:everest:*:*:*:*:*:*:*:*,No,Low,"EVerest is an open-source EV charging software stack (Linux Foundation project); the vulnerable component is the software framework used to implement EVSE functionality, not a specific home EV wallbox device",Yes,High,,Yes,High,,complete,Yes,judgments not unanimous,,pending
keyword_only,CVE-2026-27815,2026-03-26,"EVerest is an EV charging software stack. Prior to versions to 2026.02.0, ISO15118_chargerImpl::handle_session_setup copies a variable-length payment_options list into a fixed-size array of length 2 without bounds checking. With schema validation disabled by default, oversized MQTT Cmd payloads can trigger out-of-bounds writes and corrupt adjacent EVSE state or crash the process. Version 2026.02.0 contains a patch.",9.1,3.1,CWE-787,cpe:2.3:o:linuxfoundation:everest:*:*:*:*:*:*:*:*,No,Low,"EVerest is an open-source EV charging software stack (Linux Foundation project); the vulnerable component is the software framework used to implement EVSE functionality, not a specific home EV wallbox device",Yes,High,,Yes,High,,complete,Yes,judgments not unanimous,,pending
keyword_only,CVE-2026-27816,2026-03-26,"EVerest is an EV charging software stack. Prior to versions to 2026.02.0, ISO15118_chargerImpl::handle_update_energy_transfer_modes copies a variable-length list into a fixed-size array of length 6 without bounds checking. With schema validation disabled by default, oversized MQTT Cmd payloads can trigger out-of-bounds writes and corrupt adjacent EVSE state or crash the process. Version 2026.02.0 contains a patch.",9.1,3.1,CWE-787,cpe:2.3:o:linuxfoundation:everest:*:*:*:*:*:*:*:*,No,Low,"EVerest is an open-source EV charging software stack (Linux Foundation project); the vulnerable component is the software framework used to implement EVSE functionality, not a specific home EV wallbox device",Yes,High,,Yes,High,,complete,Yes,judgments not unanimous,,pending
keyword_only,CVE-2026-27828,2026-03-26,"EVerest is an EV charging software stack. Prior to version 2026.02.0, ISO15118_chargerImpl::handle_session_setup uses v2g_ctx after it has been freed when ISO15118 initialization fails (e.g., no IPv6 link-local address). The EVSE process can be crashed remotely by an attacker with MQTT access who issues a session_setup command while v2g_ctx has been released. Version 2026.02.0 contains a patch.",7.5,3.1,CWE-416,cpe:2.3:o:linuxfoundation:everest:*:*:*:*:*:*:*:*,No,Low,"EVerest is an open-source EV charging software stack (Linux Foundation project); the vulnerable component is the software framework used to implement EVSE functionality, not a specific home EV wallbox device",Yes,High,,Yes,High,,complete,Yes,judgments not unanimous,,pending
keyword_only,CVE-2026-33015,2026-03-26,"EVerest is an EV charging software stack. Prior to version 2026.02.0, even immediately after CSMS performs a RemoteStop (StopTransaction), the EVSE can return to `PrepareCharging` via the EV's BCB toggle, allowing session restart. This breaks the irreversibility of remote stop and can bypass operational/billing/safety controls. Version 2026.02.0 contains a patch.",5.2,3.1,CWE-863,cpe:2.3:o:linuxfoundation:everest:*:*:*:*:*:*:*:*,No,Low,"EVerest is an open-source EV charging software stack (Linux Foundation project); the vulnerable component is the software framework used to implement EVSE functionality, not a specific home EV wallbox device",Yes,High,,Yes,High,,complete,Yes,judgments not unanimous,,pending
