Difference Type,cve_id,published,description,cvss_score,cvss_version,cwe_ids,cpe_strings,AI Judgment,AI Judgment Reasoning,AI Confidence,Claude Judgment,Claude Confidence,Claude Reasoning,Codex Judgment,Codex Confidence,Codex Reasoning,Gemini Judgment,Gemini Confidence,Gemini Reasoning,Review Status,Needs Human Review,Review Reason
vendor_only,CVE-2001-0827,2001-12-06,"Cerberus FTP server 1.0 - 1.5 allows remote attackers to cause a denial of service (crash) via a large number of ""PASV"" requests.",7.5,3.1,CWE-400,cpe:2.3:a:grant_averett:ceberus_ftp_server:1.0:*:*:*:*:*:*:*|cpe:2.3:a:grant_averett:ceberus_ftp_server:1.1:*:*:*:*:*:*:*|cpe:2.3:a:grant_averett:ceberus_ftp_server:1.01:*:*:*:*:*:*:*|cpe:2.3:a:grant_averett:ceberus_ftp_server:1.2:*:*:*:*:*:*:*|cpe:2.3:a:grant_averett:ceberus_ftp_server:1.3:*:*:*:*:*:*:*|cpe:2.3:a:grant_averett:ceberus_ftp_server:1.5:*:*:*:*:*:*:*|cpe:2.3:a:grant_averett:ceberus_ftp_server:1.22:*:*:*:*:*:*:*,No,,High,No,High,,No,High,,No,High,,complete,No,
vendor_only,CVE-2001-0702,2001-09-20,"Cerberus FTP 1.5 and earlier allows remote attackers to cause a denial of service, and possibly execute arbitrary code, via a long (1) username, (2) password, or (3) PASV command.",7.5,2.0,,cpe:2.3:a:grant_averett:ceberus_ftp_server:1.0:*:*:*:*:*:*:*|cpe:2.3:a:grant_averett:ceberus_ftp_server:1.1:*:*:*:*:*:*:*|cpe:2.3:a:grant_averett:ceberus_ftp_server:1.01:*:*:*:*:*:*:*|cpe:2.3:a:grant_averett:ceberus_ftp_server:1.2:*:*:*:*:*:*:*|cpe:2.3:a:grant_averett:ceberus_ftp_server:1.3:*:*:*:*:*:*:*|cpe:2.3:a:grant_averett:ceberus_ftp_server:1.5:*:*:*:*:*:*:*|cpe:2.3:a:grant_averett:ceberus_ftp_server:1.22:*:*:*:*:*:*:*,No,,High,No,High,,No,High,,No,High,,complete,No,
vendor_only,CVE-2001-1295,2001-08-21,Directory traversal vulnerability in Cerberus FTP Server 1.5 and earlier allows remote attackers to read arbitrary files via a .. (dot dot) in the CD command.,5.0,2.0,,cpe:2.3:a:grant_averett:cerberus_ftp_server:*:*:*:*:*:*:*:*,No,,High,No,High,,No,High,,No,High,,complete,No,
vendor_only,CVE-2003-1476,2003-12-31,"Cerberus FTP Server 2.1 stores usernames and passwords in plaintext, which could allow local users to gain access.",2.1,2.0,,cpe:2.3:a:cerberus:ftp_server:2.1:*:*:*:*:*:*:*,No,,High,No,High,,No,High,,No,High,,complete,No,
vendor_only,CVE-2004-2769,2010-07-02,"Cerberus FTP Server before 4.0.3.0 allows remote authenticated users to list hidden files, even when the ""Display hidden files"" option is enabled, via the (1) MLSD or (2) MLST commands.",4.0,2.0,CWE-264,cpe:2.3:a:cerberusftp:ftp_server:*:*:*:*:*:*:*:*|cpe:2.3:a:cerberusftp:ftp_server:1.0:-:*:*:*:*:*:*|cpe:2.3:a:cerberusftp:ftp_server:1.01:*:*:*:*:*:*:*|cpe:2.3:a:cerberusftp:ftp_server:1.1:*:*:*:*:*:*:*|cpe:2.3:a:cerberusftp:ftp_server:1.2:*:*:*:*:*:*:*|cpe:2.3:a:cerberusftp:ftp_server:1.02:*:*:*:*:*:*:*|cpe:2.3:a:cerberusftp:ftp_server:1.03:*:*:*:*:*:*:*|cpe:2.3:a:cerberusftp:ftp_server:1.5:*:*:*:*:*:*:*|cpe:2.3:a:cerberusftp:ftp_server:1.05:*:*:*:*:*:*:*|cpe:2.3:a:cerberusftp:ftp_server:1.6:beta:*:*:*:*:*:*|cpe:2.3:a:cerberusftp:ftp_server:1.7:*:*:*:*:*:*:*|cpe:2.3:a:cerberusftp:ftp_server:1.22:*:*:*:*:*:*:*|cpe:2.3:a:cerberusftp:ftp_server:1.71:*:*:*:*:*:*:*|cpe:2.3:a:cerberusftp:ftp_server:2.0:*:*:*:*:*:*:*|cpe:2.3:a:cerberusftp:ftp_server:2.0:beta1:*:*:*:*:*:*|cpe:2.3:a:cerberusftp:ftp_server:2.0:beta2:*:*:*:*:*:*|cpe:2.3:a:cerberusftp:ftp_server:2.0:beta3:*:*:*:*:*:*|cpe:2.3:a:cerberusftp:ftp_server:2.0:beta4:*:*:*:*:*:*|cpe:2.3:a:cerberusftp:ftp_server:2.1:*:*:*:*:*:*:*|cpe:2.3:a:cerberusftp:ftp_server:2.01:*:*:*:*:*:*:*|cpe:2.3:a:cerberusftp:ftp_server:2.02:*:*:*:*:*:*:*|cpe:2.3:a:cerberusftp:ftp_server:2.2:*:*:*:*:*:*:*|cpe:2.3:a:cerberusftp:ftp_server:2.02:beta:*:*:*:*:*:*|cpe:2.3:a:cerberusftp:ftp_server:2.2:beta1:*:*:*:*:*:*|cpe:2.3:a:cerberusftp:ftp_server:2.2:beta2:*:*:*:*:*:*|cpe:2.3:a:cerberusftp:ftp_server:2.2:beta3:*:*:*:*:*:*|cpe:2.3:a:cerberusftp:ftp_server:2.3:*:*:*:*:*:*:*|cpe:2.3:a:cerberusftp:ftp_server:2.4:*:*:*:*:*:*:*|cpe:2.3:a:cerberusftp:ftp_server:2.4:beta1:*:*:*:*:*:*|cpe:2.3:a:cerberusftp:ftp_server:2.4:beta2:*:*:*:*:*:*|cpe:2.3:a:cerberusftp:ftp_server:2.4:beta3:*:*:*:*:*:*|cpe:2.3:a:cerberusftp:ftp_server:2.11:*:*:*:*:*:*:*|cpe:2.3:a:cerberusftp:ftp_server:2.11:beta:*:*:*:*:*:*|cpe:2.3:a:cerberusftp:ftp_server:2.11:beta2:*:*:*:*:*:*|cpe:2.3:a:cerberusftp:ftp_server:2.15:*:*:*:*:*:*:*|cpe:2.3:a:cerberusftp:ftp_server:2.15:beta:*:*:*:*:*:*|cpe:2.3:a:cerberusftp:ftp_server:2.16:*:*:*:*:*:*:*|cpe:2.3:a:cerberusftp:ftp_server:2.21:*:*:*:*:*:*:*|cpe:2.3:a:cerberusftp:ftp_server:2.22:*:*:*:*:*:*:*|cpe:2.3:a:cerberusftp:ftp_server:2.23:beta:*:*:*:*:*:*|cpe:2.3:a:cerberusftp:ftp_server:2.31:*:*:*:*:*:*:*|cpe:2.3:a:cerberusftp:ftp_server:2.32:*:*:*:*:*:*:*|cpe:2.3:a:cerberusftp:ftp_server:2.41:*:*:*:*:*:*:*|cpe:2.3:a:cerberusftp:ftp_server:2.42:*:*:*:*:*:*:*|cpe:2.3:a:cerberusftp:ftp_server:2.43:*:*:*:*:*:*:*|cpe:2.3:a:cerberusftp:ftp_server:2.44:*:*:*:*:*:*:*|cpe:2.3:a:cerberusftp:ftp_server:2.45:*:*:*:*:*:*:*|cpe:2.3:a:cerberusftp:ftp_server:2.46:*:*:*:*:*:*:*|cpe:2.3:a:cerberusftp:ftp_server:2.47:*:*:*:*:*:*:*|cpe:2.3:a:cerberusftp:ftp_server:2.48:*:*:*:*:*:*:*|cpe:2.3:a:cerberusftp:ftp_server:2.49:*:*:*:*:*:*:*|cpe:2.3:a:cerberusftp:ftp_server:2.50:*:*:*:*:*:*:*|cpe:2.3:a:cerberusftp:ftp_server:3.0:*:*:*:*:*:*:*|cpe:2.3:a:cerberusftp:ftp_server:3.0.1:*:*:*:*:*:*:*|cpe:2.3:a:cerberusftp:ftp_server:3.0.2:*:*:*:*:*:*:*|cpe:2.3:a:cerberusftp:ftp_server:3.0.3:*:*:*:*:*:*:*|cpe:2.3:a:cerberusftp:ftp_server:3.0.4:*:*:*:*:*:*:*|cpe:2.3:a:cerberusftp:ftp_server:3.0.5:*:*:*:*:*:*:*|cpe:2.3:a:cerberusftp:ftp_server:3.0.6:*:*:*:*:*:*:*|cpe:2.3:a:cerberusftp:ftp_server:3.0.7:*:*:*:*:*:*:*|cpe:2.3:a:cerberusftp:ftp_server:3.0.7.1:*:*:*:*:*:*:*|cpe:2.3:a:cerberusftp:ftp_server:3.0.8:*:*:*:*:*:*:*|cpe:2.3:a:cerberusftp:ftp_server:3.1:*:*:*:*:*:*:*|cpe:2.3:a:cerberusftp:ftp_server:3.1.0.3:*:*:*:*:*:*:*|cpe:2.3:a:cerberusftp:ftp_server:3.1.0.4:*:*:*:*:*:*:*|cpe:2.3:a:cerberusftp:ftp_server:3.1.0.5:*:*:*:*:*:*:*|cpe:2.3:a:cerberusftp:ftp_server:3.1.1:*:*:*:*:*:*:*|cpe:2.3:a:cerberusftp:ftp_server:3.1.2:*:*:*:*:*:*:*|cpe:2.3:a:cerberusftp:ftp_server:3.1.3:*:*:*:*:*:*:*|cpe:2.3:a:cerberusftp:ftp_server:3.1.3.1:*:*:*:*:*:*:*|cpe:2.3:a:cerberusftp:ftp_server:3.1.4:*:*:*:*:*:*:*|cpe:2.3:a:cerberusftp:ftp_server:4.0.0:*:*:*:*:*:*:*|cpe:2.3:a:cerberusftp:ftp_server:4.0.0.6:*:*:*:*:*:*:*|cpe:2.3:a:cerberusftp:ftp_server:4.0.0.8:*:*:*:*:*:*:*|cpe:2.3:a:cerberusftp:ftp_server:4.0.0.9:*:*:*:*:*:*:*|cpe:2.3:a:cerberusftp:ftp_server:4.0.0.11:*:*:*:*:*:*:*|cpe:2.3:a:cerberusftp:ftp_server:4.0.1:*:*:*:*:*:*:*|cpe:2.3:a:cerberusftp:ftp_server:4.0.1.1:*:*:*:*:*:*:*|cpe:2.3:a:cerberusftp:ftp_server:4.0.2:*:*:*:*:*:*:*,No,,High,No,High,,No,High,,No,High,,complete,No,
vendor_only,CVE-2005-4427,2005-12-20,"Multiple SQL injection vulnerabilities in Cerberus Helpdesk allow remote attackers to execute arbitrary SQL commands via the (1) file_id parameter to attachment_send.php, (2) the $addy variable in email_parser.php, (3) $address variable in email_parser.php, (4) $a_address variable in structs.php, (5) kbid parameter to cer_KnowledgebaseHandler.class.php, (6) queues[] parameter to addresses_export.php, (7) $thread variable to display.php, (8) ticket parameter to display_ticket_thread.php.",7.5,2.0,,cpe:2.3:a:cerberus:cerberus_helpdesk:2.649:*:*:*:*:*:*:*,No,,High,No,High,,No,High,,No,High,,complete,No,
vendor_only,CVE-2005-4428,2005-12-20,Cross-site scripting (XSS) vulnerability in index.php in Cerberus Helpdesk allows remote attackers to inject arbitrary web script or HTML via the kb_ask parameter.,4.3,2.0,,cpe:2.3:a:cerberus:cerberus_helpdesk:2.649:*:*:*:*:*:*:*,No,,High,No,High,,No,High,,No,High,,complete,No,
vendor_only,CVE-2005-3502,2005-11-05,attachment_send.php in Cerberus Helpdesk allows remote attackers to view attachments and tickets of other users via a modified file_id parameter.,5.0,2.0,,cpe:2.3:a:cerberus:cerberus_helpdesk:2.0:*:*:*:*:*:*:*|cpe:2.3:a:cerberus:cerberus_helpdesk:2.1:*:*:*:*:*:*:*|cpe:2.3:a:cerberus:cerberus_helpdesk:2.2:*:*:*:*:*:*:*|cpe:2.3:a:cerberus:cerberus_helpdesk:2.3:*:*:*:*:*:*:*|cpe:2.3:a:cerberus:cerberus_helpdesk:2.4:*:*:*:*:*:*:*|cpe:2.3:a:cerberus:cerberus_helpdesk:2.5:*:*:*:*:*:*:*|cpe:2.3:a:cerberus:cerberus_helpdesk:2.6.1:*:*:*:*:*:*:*,No,,High,No,High,,No,High,,No,High,,complete,No,
vendor_only,CVE-2005-1962,2005-06-16,Cross-site scripting (XSS) vulnerability in Cerberus Helpdesk 0.97.3 allows remote attackers to inject arbitrary web script or HTML via the (1) errorcode parameter to index.php or (2) certain fields to clients.php.,4.3,2.0,,cpe:2.3:a:cerberus:cerberus_helpdesk:0.97.3:*:*:*:*:*:*:*,No,,High,No,High,,No,High,,No,High,,complete,No,
vendor_only,CVE-2005-1963,2005-06-16,"Cerberus Helpdesk 0.97.3 allows remote attackers to obtain sensitive information via certain requests to (1) reports.php, (2) knowledgebase.php, or (3) configuration.php, which leaks the information in a PHP error message.",5.0,2.0,,cpe:2.3:a:cerberus:cerberus_helpdesk:0.97.3:*:*:*:*:*:*:*,No,,High,No,High,,No,High,,No,High,,complete,No,
vendor_only,CVE-2006-6366,2006-12-07,"Cross-site scripting (XSS) vulnerability in includes/elements/spellcheck/spellwin.php in Cerberus Helpdesk 0.97.3, 2.0 through 2.7, 3.2.1, and 3.3 allows remote attackers to inject arbitrary web script or HTML via the js parameter.  NOTE: The provenance of this information is unknown; the details are obtained solely from third party information.",6.8,2.0,,cpe:2.3:a:cerberus:helpdesk:0.97.3:*:*:*:*:*:*:*|cpe:2.3:a:cerberus:helpdesk:2.0:*:*:*:*:*:*:*|cpe:2.3:a:cerberus:helpdesk:2.1:*:*:*:*:*:*:*|cpe:2.3:a:cerberus:helpdesk:2.2:*:*:*:*:*:*:*|cpe:2.3:a:cerberus:helpdesk:2.3:*:*:*:*:*:*:*|cpe:2.3:a:cerberus:helpdesk:2.4:*:*:*:*:*:*:*|cpe:2.3:a:cerberus:helpdesk:2.5:*:*:*:*:*:*:*|cpe:2.3:a:cerberus:helpdesk:2.6.1:*:*:*:*:*:*:*|cpe:2.3:a:cerberus:helpdesk:2.7:*:*:*:*:*:*:*|cpe:2.3:a:cerberus:helpdesk:2.7.1:*:*:*:*:*:*:*|cpe:2.3:a:cerberus:helpdesk:3.2.1:*:*:*:*:*:*:*|cpe:2.3:a:cerberus:helpdesk:3.2.317:*:*:*:*:*:*:*|cpe:2.3:a:cerberus:helpdesk:3.3:*:*:*:*:*:*:*,No,,High,No,High,,No,High,,No,High,,complete,No,
vendor_only,CVE-2006-5428,2006-10-20,"rpc.php in Cerberus Helpdesk 3.2.1 does not verify a client's privileges for a display_get_requesters operation, which allows remote attackers to bypass the GUI login and obtain sensitive information (ticket data) via a direct request.",5.0,2.0,,cpe:2.3:a:cerberus:cerberus_helpdesk:3.2.1:*:*:*:*:*:*:*,No,,High,No,High,,No,High,,No,High,,complete,No,
vendor_only,CVE-2006-4539,2006-09-05,"(1) includes/widgets/module_company_tickets.php and (2) includes/widgets/module_track_tickets.php Client Support Center in Cerberus Helpdesk 3.2 Build 317, and possibly earlier, allows remote attackers to bypass security restrictions and obtain sensitive information via the ticket parameter.  NOTE: the provenance of this information is unknown; the details are obtained from third party information.",7.5,2.0,,cpe:2.3:a:cerberus:cerberus_helpdesk:3.2:*:*:*:*:*:*:*,No,,High,No,High,,No,High,,No,High,,complete,No,
vendor_only,CVE-2006-0509,2006-02-01,"Multiple cross-site scripting (XSS) vulnerabilities in clients.php in Cerberus Helpdesk, possibly 2.7, allow remote attackers to inject arbitrary web script or HTML via (1) the contact_search parameter and (2) unspecified url fields.",4.3,2.0,,cpe:2.3:a:cerberus:cerberus_helpdesk:2.7:*:*:*:*:*:*:*|cpe:2.3:a:cerberus:cerberus_helpdesk:2.7.1_development_release:*:*:*:*:*:*:*,No,,High,No,High,,No,High,,No,High,,complete,No,
vendor_only,CVE-2006-0357,2006-01-22,"Grant Averett Cerberus FTP Server 2.32, and possibly earlier versions, allows remote attackers to cause an unspecified denial of service via a long string that does not contain a valid FTP command.",5.0,2.0,,cpe:2.3:a:grant_averett:cerberus_ftp_server:2.32:*:*:*:*:*:*:*,No,,High,No,High,,No,High,,No,High,,complete,No,
vendor_only,CVE-2007-5930,2007-11-10,Cross-site scripting (XSS) vulnerability in the web interface in Cerberus FTP Server before 2.46 allows remote attackers to inject arbitrary web script or HTML via unspecified vectors.,4.3,2.0,CWE-79,cpe:2.3:a:cerberus:ftp_server:*:*:*:*:*:*:*:*,No,,High,No,High,,No,High,,No,High,,complete,No,
vendor_only,CVE-2008-6440,2009-03-06,"Cerberus Helpdesk before 4.0 (Build 600) allows remote attackers to obtain sensitive information via direct requests for ""controllers ... that aren't standard helpdesk pages,"" possibly involving the (1) /display and (2) /kb URIs.",5.0,2.0,CWE-287,cpe:2.3:a:cerberus:cerberus_helpdesk:2.5:*:*:*:*:*:*:*|cpe:2.3:a:webgroupmedia:cerberus_helpdesk:*:*:*:*:*:*:*:*|cpe:2.3:a:webgroupmedia:cerberus_helpdesk:0.97.3:*:*:*:*:*:*:*|cpe:2.3:a:webgroupmedia:cerberus_helpdesk:2.0:*:*:*:*:*:*:*|cpe:2.3:a:webgroupmedia:cerberus_helpdesk:2.1:*:*:*:*:*:*:*|cpe:2.3:a:webgroupmedia:cerberus_helpdesk:2.2:*:*:*:*:*:*:*|cpe:2.3:a:webgroupmedia:cerberus_helpdesk:2.3:*:*:*:*:*:*:*|cpe:2.3:a:webgroupmedia:cerberus_helpdesk:2.4:*:*:*:*:*:*:*|cpe:2.3:a:webgroupmedia:cerberus_helpdesk:2.6.1:*:*:*:*:*:*:*|cpe:2.3:a:webgroupmedia:cerberus_helpdesk:2.7:*:*:*:*:*:*:*|cpe:2.3:a:webgroupmedia:cerberus_helpdesk:2.7.1:development_release:*:*:*:*:*:*|cpe:2.3:a:webgroupmedia:cerberus_helpdesk:2.649:*:*:*:*:*:*:*|cpe:2.3:a:webgroupmedia:cerberus_helpdesk:3.2:*:*:*:*:*:*:*|cpe:2.3:a:webgroupmedia:cerberus_helpdesk:3.2.1:*:*:*:*:*:*:*,No,,High,No,High,,No,High,,No,High,,complete,No,
vendor_only,CVE-2008-3397,2008-07-31,Cross-site scripting (XSS) vulnerability in Runesoft Cerberus CMS before 3_1.4_0.9 allows remote attackers to inject arbitrary web script or HTML via a cerberus_user cookie.,6.1,3.1,CWE-79,cpe:2.3:a:runesoft:cerberus_cms:*:*:*:*:*:*:*:*,No,,High,No,High,,No,High,,No,High,,complete,No,
vendor_only,CVE-2012-6339,2012-12-31,"Multiple cross-site scripting (XSS) vulnerabilities in the administrative web interface in Cerberus FTP Server before 5.0.6.0 allow (1) remote attackers to inject arbitrary web script or HTML via a log entry that is not properly handled within the Log Manager component, and might allow (2) remote authenticated administrators to inject arbitrary web script or HTML via a Messages field to the servermanager program.",4.3,2.0,CWE-79,cpe:2.3:a:cerberusftp:ftp_server:*:*:*:*:*:*:*:*|cpe:2.3:a:cerberusftp:ftp_server:1.0:-:*:*:*:*:*:*|cpe:2.3:a:cerberusftp:ftp_server:1.01:*:*:*:*:*:*:*|cpe:2.3:a:cerberusftp:ftp_server:1.1:*:*:*:*:*:*:*|cpe:2.3:a:cerberusftp:ftp_server:1.2:*:*:*:*:*:*:*|cpe:2.3:a:cerberusftp:ftp_server:1.02:*:*:*:*:*:*:*|cpe:2.3:a:cerberusftp:ftp_server:1.03:*:*:*:*:*:*:*|cpe:2.3:a:cerberusftp:ftp_server:1.5:*:*:*:*:*:*:*|cpe:2.3:a:cerberusftp:ftp_server:1.05:*:*:*:*:*:*:*|cpe:2.3:a:cerberusftp:ftp_server:1.6:beta:*:*:*:*:*:*|cpe:2.3:a:cerberusftp:ftp_server:1.7:*:*:*:*:*:*:*|cpe:2.3:a:cerberusftp:ftp_server:1.22:*:*:*:*:*:*:*|cpe:2.3:a:cerberusftp:ftp_server:1.71:*:*:*:*:*:*:*|cpe:2.3:a:cerberusftp:ftp_server:2.0:*:*:*:*:*:*:*|cpe:2.3:a:cerberusftp:ftp_server:2.0:beta1:*:*:*:*:*:*|cpe:2.3:a:cerberusftp:ftp_server:2.0:beta2:*:*:*:*:*:*|cpe:2.3:a:cerberusftp:ftp_server:2.0:beta3:*:*:*:*:*:*|cpe:2.3:a:cerberusftp:ftp_server:2.0:beta4:*:*:*:*:*:*|cpe:2.3:a:cerberusftp:ftp_server:2.1:*:*:*:*:*:*:*|cpe:2.3:a:cerberusftp:ftp_server:2.01:*:*:*:*:*:*:*|cpe:2.3:a:cerberusftp:ftp_server:2.02:*:*:*:*:*:*:*|cpe:2.3:a:cerberusftp:ftp_server:2.2:*:*:*:*:*:*:*|cpe:2.3:a:cerberusftp:ftp_server:2.02:beta:*:*:*:*:*:*|cpe:2.3:a:cerberusftp:ftp_server:2.2:beta1:*:*:*:*:*:*|cpe:2.3:a:cerberusftp:ftp_server:2.2:beta2:*:*:*:*:*:*|cpe:2.3:a:cerberusftp:ftp_server:2.2:beta3:*:*:*:*:*:*|cpe:2.3:a:cerberusftp:ftp_server:2.3:*:*:*:*:*:*:*|cpe:2.3:a:cerberusftp:ftp_server:2.4:*:*:*:*:*:*:*|cpe:2.3:a:cerberusftp:ftp_server:2.4:beta1:*:*:*:*:*:*|cpe:2.3:a:cerberusftp:ftp_server:2.4:beta2:*:*:*:*:*:*|cpe:2.3:a:cerberusftp:ftp_server:2.4:beta3:*:*:*:*:*:*|cpe:2.3:a:cerberusftp:ftp_server:2.11:*:*:*:*:*:*:*|cpe:2.3:a:cerberusftp:ftp_server:2.11:beta:*:*:*:*:*:*|cpe:2.3:a:cerberusftp:ftp_server:2.11:beta2:*:*:*:*:*:*|cpe:2.3:a:cerberusftp:ftp_server:2.15:*:*:*:*:*:*:*|cpe:2.3:a:cerberusftp:ftp_server:2.15:beta:*:*:*:*:*:*|cpe:2.3:a:cerberusftp:ftp_server:2.16:*:*:*:*:*:*:*|cpe:2.3:a:cerberusftp:ftp_server:2.21:*:*:*:*:*:*:*|cpe:2.3:a:cerberusftp:ftp_server:2.22:*:*:*:*:*:*:*|cpe:2.3:a:cerberusftp:ftp_server:2.23:beta:*:*:*:*:*:*|cpe:2.3:a:cerberusftp:ftp_server:2.31:*:*:*:*:*:*:*|cpe:2.3:a:cerberusftp:ftp_server:2.32:*:*:*:*:*:*:*|cpe:2.3:a:cerberusftp:ftp_server:2.41:*:*:*:*:*:*:*|cpe:2.3:a:cerberusftp:ftp_server:2.42:*:*:*:*:*:*:*|cpe:2.3:a:cerberusftp:ftp_server:2.43:*:*:*:*:*:*:*|cpe:2.3:a:cerberusftp:ftp_server:2.44:*:*:*:*:*:*:*|cpe:2.3:a:cerberusftp:ftp_server:2.45:*:*:*:*:*:*:*|cpe:2.3:a:cerberusftp:ftp_server:2.46:*:*:*:*:*:*:*|cpe:2.3:a:cerberusftp:ftp_server:2.47:*:*:*:*:*:*:*|cpe:2.3:a:cerberusftp:ftp_server:2.48:*:*:*:*:*:*:*|cpe:2.3:a:cerberusftp:ftp_server:2.49:*:*:*:*:*:*:*|cpe:2.3:a:cerberusftp:ftp_server:2.50:*:*:*:*:*:*:*|cpe:2.3:a:cerberusftp:ftp_server:3.0:*:*:*:*:*:*:*|cpe:2.3:a:cerberusftp:ftp_server:3.0.1:*:*:*:*:*:*:*|cpe:2.3:a:cerberusftp:ftp_server:3.0.2:*:*:*:*:*:*:*|cpe:2.3:a:cerberusftp:ftp_server:3.0.3:*:*:*:*:*:*:*|cpe:2.3:a:cerberusftp:ftp_server:3.0.4:*:*:*:*:*:*:*|cpe:2.3:a:cerberusftp:ftp_server:3.0.5:*:*:*:*:*:*:*|cpe:2.3:a:cerberusftp:ftp_server:3.0.6:*:*:*:*:*:*:*|cpe:2.3:a:cerberusftp:ftp_server:3.0.7:*:*:*:*:*:*:*|cpe:2.3:a:cerberusftp:ftp_server:3.0.7.1:*:*:*:*:*:*:*|cpe:2.3:a:cerberusftp:ftp_server:3.0.8:*:*:*:*:*:*:*|cpe:2.3:a:cerberusftp:ftp_server:3.1:*:*:*:*:*:*:*|cpe:2.3:a:cerberusftp:ftp_server:3.1.0.3:*:*:*:*:*:*:*|cpe:2.3:a:cerberusftp:ftp_server:3.1.0.4:*:*:*:*:*:*:*|cpe:2.3:a:cerberusftp:ftp_server:3.1.0.5:*:*:*:*:*:*:*|cpe:2.3:a:cerberusftp:ftp_server:3.1.1:*:*:*:*:*:*:*|cpe:2.3:a:cerberusftp:ftp_server:3.1.2:*:*:*:*:*:*:*|cpe:2.3:a:cerberusftp:ftp_server:3.1.3:*:*:*:*:*:*:*|cpe:2.3:a:cerberusftp:ftp_server:3.1.3.1:*:*:*:*:*:*:*|cpe:2.3:a:cerberusftp:ftp_server:3.1.4:*:*:*:*:*:*:*|cpe:2.3:a:cerberusftp:ftp_server:4.0.0:*:*:*:*:*:*:*|cpe:2.3:a:cerberusftp:ftp_server:4.0.0.6:*:*:*:*:*:*:*|cpe:2.3:a:cerberusftp:ftp_server:4.0.0.8:*:*:*:*:*:*:*|cpe:2.3:a:cerberusftp:ftp_server:4.0.0.9:*:*:*:*:*:*:*|cpe:2.3:a:cerberusftp:ftp_server:4.0.0.11:*:*:*:*:*:*:*|cpe:2.3:a:cerberusftp:ftp_server:4.0.1:*:*:*:*:*:*:*|cpe:2.3:a:cerberusftp:ftp_server:4.0.1.1:*:*:*:*:*:*:*|cpe:2.3:a:cerberusftp:ftp_server:4.0.2:*:*:*:*:*:*:*|cpe:2.3:a:cerberusftp:ftp_server:4.0.2.2:*:*:*:*:*:*:*|cpe:2.3:a:cerberusftp:ftp_server:4.0.3.0:*:*:*:*:*:*:*|cpe:2.3:a:cerberusftp:ftp_server:4.0.3.1:*:*:*:*:*:*:*|cpe:2.3:a:cerberusftp:ftp_server:4.0.3.2:*:*:*:*:*:*:*|cpe:2.3:a:cerberusftp:ftp_server:4.0.3.3:*:*:*:*:*:*:*|cpe:2.3:a:cerberusftp:ftp_server:4.0.4.0:*:*:*:*:*:*:*|cpe:2.3:a:cerberusftp:ftp_server:4.0.4.1:*:*:*:*:*:*:*|cpe:2.3:a:cerberusftp:ftp_server:4.0.4.2:*:*:*:*:*:*:*|cpe:2.3:a:cerberusftp:ftp_server:4.0.4.3:*:*:*:*:*:*:*|cpe:2.3:a:cerberusftp:ftp_server:4.0.5:*:*:*:*:*:*:*|cpe:2.3:a:cerberusftp:ftp_server:4.0.5.2:*:*:*:*:*:*:*|cpe:2.3:a:cerberusftp:ftp_server:4.0.5.3:*:*:*:*:*:*:*|cpe:2.3:a:cerberusftp:ftp_server:4.0.5.4:*:*:*:*:*:*:*|cpe:2.3:a:cerberusftp:ftp_server:4.0.5.5:*:*:*:*:*:*:*|cpe:2.3:a:cerberusftp:ftp_server:4.0.6:*:*:*:*:*:*:*|cpe:2.3:a:cerberusftp:ftp_server:4.0.7:*:*:*:*:*:*:*|cpe:2.3:a:cerberusftp:ftp_server:4.0.7.2:*:*:*:*:*:*:*|cpe:2.3:a:cerberusftp:ftp_server:4.0.7.3:*:*:*:*:*:*:*|cpe:2.3:a:cerberusftp:ftp_server:4.0.7.5:*:*:*:*:*:*:*|cpe:2.3:a:cerberusftp:ftp_server:4.0.7.6:*:*:*:*:*:*:*|cpe:2.3:a:cerberusftp:ftp_server:4.0.8.0:*:*:*:*:*:*:*|cpe:2.3:a:cerberusftp:ftp_server:4.0.8.1:*:*:*:*:*:*:*|cpe:2.3:a:cerberusftp:ftp_server:4.0.8.3:*:*:*:*:*:*:*|cpe:2.3:a:cerberusftp:ftp_server:4.0.9.0:*:*:*:*:*:*:*|cpe:2.3:a:cerberusftp:ftp_server:4.0.9.1:*:*:*:*:*:*:*|cpe:2.3:a:cerberusftp:ftp_server:4.0.9.2:*:*:*:*:*:*:*|cpe:2.3:a:cerberusftp:ftp_server:4.0.9.3:*:*:*:*:*:*:*|cpe:2.3:a:cerberusftp:ftp_server:4.0.9.4:*:*:*:*:*:*:*|cpe:2.3:a:cerberusftp:ftp_server:4.0.9.5:*:*:*:*:*:*:*|cpe:2.3:a:cerberusftp:ftp_server:4.0.9.6:*:*:*:*:*:*:*|cpe:2.3:a:cerberusftp:ftp_server:4.0.9.7:*:*:*:*:*:*:*|cpe:2.3:a:cerberusftp:ftp_server:4.0.9.8:*:*:*:*:*:*:*|cpe:2.3:a:cerberusftp:ftp_server:4.0.10.0:*:*:*:*:*:*:*|cpe:2.3:a:cerberusftp:ftp_server:4.0.11.0:*:*:*:*:*:*:*|cpe:2.3:a:cerberusftp:ftp_server:5.0.0.0:*:*:*:*:*:*:*|cpe:2.3:a:cerberusftp:ftp_server:5.0.0.1:*:*:*:*:*:*:*|cpe:2.3:a:cerberusftp:ftp_server:5.0.0.2:*:*:*:*:*:*:*|cpe:2.3:a:cerberusftp:ftp_server:5.0.0.3:*:*:*:*:*:*:*|cpe:2.3:a:cerberusftp:ftp_server:5.0.0.4:*:*:*:*:*:*:*|cpe:2.3:a:cerberusftp:ftp_server:5.0.0.5:*:*:*:*:*:*:*|cpe:2.3:a:cerberusftp:ftp_server:5.0.0.6:*:*:*:*:*:*:*|cpe:2.3:a:cerberusftp:ftp_server:5.0.0.7:*:*:*:*:*:*:*|cpe:2.3:a:cerberusftp:ftp_server:5.0.1.0:*:*:*:*:*:*:*|cpe:2.3:a:cerberusftp:ftp_server:5.0.1.1:*:*:*:*:*:*:*|cpe:2.3:a:cerberusftp:ftp_server:5.0.1.2:*:*:*:*:*:*:*|cpe:2.3:a:cerberusftp:ftp_server:5.0.2.0:*:*:*:*:*:*:*|cpe:2.3:a:cerberusftp:ftp_server:5.0.3.0:*:*:*:*:*:*:*|cpe:2.3:a:cerberusftp:ftp_server:5.0.3.1:*:*:*:*:*:*:*|cpe:2.3:a:cerberusftp:ftp_server:5.0.4.0:*:*:*:*:*:*:*|cpe:2.3:a:cerberusftp:ftp_server:5.0.4.1:*:*:*:*:*:*:*|cpe:2.3:a:cerberusftp:ftp_server:5.0.4.2:*:*:*:*:*:*:*|cpe:2.3:a:cerberusftp:ftp_server:5.0.4.3:*:*:*:*:*:*:*|cpe:2.3:a:cerberusftp:ftp_server:5.0.5.0:*:*:*:*:*:*:*,No,,High,No,High,,No,High,,No,High,,complete,No,
vendor_only,CVE-2012-2999,2012-10-04,"Multiple cross-site request forgery (CSRF) vulnerabilities in the web interface in Cerberus FTP Server before 5.0.5.0 allow remote attackers to hijack the authentication of administrators for requests that (1) add a user account or (2) reconfigure the state of the FTP service, as demonstrated by a request to usermanager/users/modify.",6.8,2.0,CWE-352,cpe:2.3:a:cerberusftp:ftp_server:*:*:*:*:*:*:*:*|cpe:2.3:a:cerberusftp:ftp_server:1.0:-:*:*:*:*:*:*|cpe:2.3:a:cerberusftp:ftp_server:1.01:*:*:*:*:*:*:*|cpe:2.3:a:cerberusftp:ftp_server:1.1:*:*:*:*:*:*:*|cpe:2.3:a:cerberusftp:ftp_server:1.2:*:*:*:*:*:*:*|cpe:2.3:a:cerberusftp:ftp_server:1.02:*:*:*:*:*:*:*|cpe:2.3:a:cerberusftp:ftp_server:1.03:*:*:*:*:*:*:*|cpe:2.3:a:cerberusftp:ftp_server:1.5:*:*:*:*:*:*:*|cpe:2.3:a:cerberusftp:ftp_server:1.05:*:*:*:*:*:*:*|cpe:2.3:a:cerberusftp:ftp_server:1.6:beta:*:*:*:*:*:*|cpe:2.3:a:cerberusftp:ftp_server:1.7:*:*:*:*:*:*:*|cpe:2.3:a:cerberusftp:ftp_server:1.22:*:*:*:*:*:*:*|cpe:2.3:a:cerberusftp:ftp_server:1.71:*:*:*:*:*:*:*|cpe:2.3:a:cerberusftp:ftp_server:2.0:*:*:*:*:*:*:*|cpe:2.3:a:cerberusftp:ftp_server:2.0:beta1:*:*:*:*:*:*|cpe:2.3:a:cerberusftp:ftp_server:2.0:beta2:*:*:*:*:*:*|cpe:2.3:a:cerberusftp:ftp_server:2.0:beta3:*:*:*:*:*:*|cpe:2.3:a:cerberusftp:ftp_server:2.0:beta4:*:*:*:*:*:*|cpe:2.3:a:cerberusftp:ftp_server:2.1:*:*:*:*:*:*:*|cpe:2.3:a:cerberusftp:ftp_server:2.01:*:*:*:*:*:*:*|cpe:2.3:a:cerberusftp:ftp_server:2.02:*:*:*:*:*:*:*|cpe:2.3:a:cerberusftp:ftp_server:2.2:*:*:*:*:*:*:*|cpe:2.3:a:cerberusftp:ftp_server:2.02:beta:*:*:*:*:*:*|cpe:2.3:a:cerberusftp:ftp_server:2.2:beta1:*:*:*:*:*:*|cpe:2.3:a:cerberusftp:ftp_server:2.2:beta2:*:*:*:*:*:*|cpe:2.3:a:cerberusftp:ftp_server:2.2:beta3:*:*:*:*:*:*|cpe:2.3:a:cerberusftp:ftp_server:2.3:*:*:*:*:*:*:*|cpe:2.3:a:cerberusftp:ftp_server:2.4:*:*:*:*:*:*:*|cpe:2.3:a:cerberusftp:ftp_server:2.4:beta1:*:*:*:*:*:*|cpe:2.3:a:cerberusftp:ftp_server:2.4:beta2:*:*:*:*:*:*|cpe:2.3:a:cerberusftp:ftp_server:2.4:beta3:*:*:*:*:*:*|cpe:2.3:a:cerberusftp:ftp_server:2.11:*:*:*:*:*:*:*|cpe:2.3:a:cerberusftp:ftp_server:2.11:beta:*:*:*:*:*:*|cpe:2.3:a:cerberusftp:ftp_server:2.11:beta2:*:*:*:*:*:*|cpe:2.3:a:cerberusftp:ftp_server:2.15:*:*:*:*:*:*:*|cpe:2.3:a:cerberusftp:ftp_server:2.15:beta:*:*:*:*:*:*|cpe:2.3:a:cerberusftp:ftp_server:2.16:*:*:*:*:*:*:*|cpe:2.3:a:cerberusftp:ftp_server:2.21:*:*:*:*:*:*:*|cpe:2.3:a:cerberusftp:ftp_server:2.22:*:*:*:*:*:*:*|cpe:2.3:a:cerberusftp:ftp_server:2.23:beta:*:*:*:*:*:*|cpe:2.3:a:cerberusftp:ftp_server:2.31:*:*:*:*:*:*:*|cpe:2.3:a:cerberusftp:ftp_server:2.32:*:*:*:*:*:*:*|cpe:2.3:a:cerberusftp:ftp_server:2.41:*:*:*:*:*:*:*|cpe:2.3:a:cerberusftp:ftp_server:2.42:*:*:*:*:*:*:*|cpe:2.3:a:cerberusftp:ftp_server:2.43:*:*:*:*:*:*:*|cpe:2.3:a:cerberusftp:ftp_server:2.44:*:*:*:*:*:*:*|cpe:2.3:a:cerberusftp:ftp_server:2.45:*:*:*:*:*:*:*|cpe:2.3:a:cerberusftp:ftp_server:2.46:*:*:*:*:*:*:*|cpe:2.3:a:cerberusftp:ftp_server:2.47:*:*:*:*:*:*:*|cpe:2.3:a:cerberusftp:ftp_server:2.48:*:*:*:*:*:*:*|cpe:2.3:a:cerberusftp:ftp_server:2.49:*:*:*:*:*:*:*|cpe:2.3:a:cerberusftp:ftp_server:2.50:*:*:*:*:*:*:*|cpe:2.3:a:cerberusftp:ftp_server:3.0:*:*:*:*:*:*:*|cpe:2.3:a:cerberusftp:ftp_server:3.0.1:*:*:*:*:*:*:*|cpe:2.3:a:cerberusftp:ftp_server:3.0.2:*:*:*:*:*:*:*|cpe:2.3:a:cerberusftp:ftp_server:3.0.3:*:*:*:*:*:*:*|cpe:2.3:a:cerberusftp:ftp_server:3.0.4:*:*:*:*:*:*:*|cpe:2.3:a:cerberusftp:ftp_server:3.0.5:*:*:*:*:*:*:*|cpe:2.3:a:cerberusftp:ftp_server:3.0.6:*:*:*:*:*:*:*|cpe:2.3:a:cerberusftp:ftp_server:3.0.7:*:*:*:*:*:*:*|cpe:2.3:a:cerberusftp:ftp_server:3.0.7.1:*:*:*:*:*:*:*|cpe:2.3:a:cerberusftp:ftp_server:3.0.8:*:*:*:*:*:*:*|cpe:2.3:a:cerberusftp:ftp_server:3.1:*:*:*:*:*:*:*|cpe:2.3:a:cerberusftp:ftp_server:3.1.0.3:*:*:*:*:*:*:*|cpe:2.3:a:cerberusftp:ftp_server:3.1.0.4:*:*:*:*:*:*:*|cpe:2.3:a:cerberusftp:ftp_server:3.1.0.5:*:*:*:*:*:*:*|cpe:2.3:a:cerberusftp:ftp_server:3.1.1:*:*:*:*:*:*:*|cpe:2.3:a:cerberusftp:ftp_server:3.1.2:*:*:*:*:*:*:*|cpe:2.3:a:cerberusftp:ftp_server:3.1.3:*:*:*:*:*:*:*|cpe:2.3:a:cerberusftp:ftp_server:3.1.3.1:*:*:*:*:*:*:*|cpe:2.3:a:cerberusftp:ftp_server:3.1.4:*:*:*:*:*:*:*|cpe:2.3:a:cerberusftp:ftp_server:4.0.0:*:*:*:*:*:*:*|cpe:2.3:a:cerberusftp:ftp_server:4.0.0.6:*:*:*:*:*:*:*|cpe:2.3:a:cerberusftp:ftp_server:4.0.0.8:*:*:*:*:*:*:*|cpe:2.3:a:cerberusftp:ftp_server:4.0.0.9:*:*:*:*:*:*:*|cpe:2.3:a:cerberusftp:ftp_server:4.0.0.11:*:*:*:*:*:*:*|cpe:2.3:a:cerberusftp:ftp_server:4.0.1:*:*:*:*:*:*:*|cpe:2.3:a:cerberusftp:ftp_server:4.0.1.1:*:*:*:*:*:*:*|cpe:2.3:a:cerberusftp:ftp_server:4.0.2:*:*:*:*:*:*:*|cpe:2.3:a:cerberusftp:ftp_server:4.0.2.2:*:*:*:*:*:*:*|cpe:2.3:a:cerberusftp:ftp_server:5.0.0.0:*:*:*:*:*:*:*|cpe:2.3:a:cerberusftp:ftp_server:5.0.0.1:*:*:*:*:*:*:*|cpe:2.3:a:cerberusftp:ftp_server:5.0.0.2:*:*:*:*:*:*:*|cpe:2.3:a:cerberusftp:ftp_server:5.0.0.3:*:*:*:*:*:*:*|cpe:2.3:a:cerberusftp:ftp_server:5.0.0.4:*:*:*:*:*:*:*|cpe:2.3:a:cerberusftp:ftp_server:5.0.0.5:*:*:*:*:*:*:*|cpe:2.3:a:cerberusftp:ftp_server:5.0.0.6:*:*:*:*:*:*:*|cpe:2.3:a:cerberusftp:ftp_server:5.0.0.7:*:*:*:*:*:*:*|cpe:2.3:a:cerberusftp:ftp_server:5.0.1.0:*:*:*:*:*:*:*|cpe:2.3:a:cerberusftp:ftp_server:5.0.1.1:*:*:*:*:*:*:*|cpe:2.3:a:cerberusftp:ftp_server:5.0.1.2:*:*:*:*:*:*:*|cpe:2.3:a:cerberusftp:ftp_server:5.0.2.0:*:*:*:*:*:*:*|cpe:2.3:a:cerberusftp:ftp_server:5.0.3.0:*:*:*:*:*:*:*|cpe:2.3:a:cerberusftp:ftp_server:5.0.3.1:*:*:*:*:*:*:*|cpe:2.3:a:cerberusftp:ftp_server:5.0.4.0:*:*:*:*:*:*:*|cpe:2.3:a:cerberusftp:ftp_server:5.0.4.1:*:*:*:*:*:*:*|cpe:2.3:a:cerberusftp:ftp_server:5.0.4.2:*:*:*:*:*:*:*,No,,High,No,High,,No,High,,No,High,,complete,No,
vendor_only,CVE-2012-5301,2012-10-04,"The default configuration of Cerberus FTP Server before 5.0.4.0 supports the DES cipher for SSH sessions, which makes it easier for remote attackers to obtain sensitive information by sniffing the network and performing a brute-force attack on the encrypted data.",5.0,2.0,CWE-310,cpe:2.3:a:cerberusftp:ftp_server:*:*:*:*:*:*:*:*|cpe:2.3:a:cerberusftp:ftp_server:1.0:-:*:*:*:*:*:*|cpe:2.3:a:cerberusftp:ftp_server:1.01:*:*:*:*:*:*:*|cpe:2.3:a:cerberusftp:ftp_server:1.1:*:*:*:*:*:*:*|cpe:2.3:a:cerberusftp:ftp_server:1.2:*:*:*:*:*:*:*|cpe:2.3:a:cerberusftp:ftp_server:1.02:*:*:*:*:*:*:*|cpe:2.3:a:cerberusftp:ftp_server:1.03:*:*:*:*:*:*:*|cpe:2.3:a:cerberusftp:ftp_server:1.5:*:*:*:*:*:*:*|cpe:2.3:a:cerberusftp:ftp_server:1.05:*:*:*:*:*:*:*|cpe:2.3:a:cerberusftp:ftp_server:1.6:beta:*:*:*:*:*:*|cpe:2.3:a:cerberusftp:ftp_server:1.7:*:*:*:*:*:*:*|cpe:2.3:a:cerberusftp:ftp_server:1.22:*:*:*:*:*:*:*|cpe:2.3:a:cerberusftp:ftp_server:1.71:*:*:*:*:*:*:*|cpe:2.3:a:cerberusftp:ftp_server:2.0:*:*:*:*:*:*:*|cpe:2.3:a:cerberusftp:ftp_server:2.0:beta1:*:*:*:*:*:*|cpe:2.3:a:cerberusftp:ftp_server:2.0:beta2:*:*:*:*:*:*|cpe:2.3:a:cerberusftp:ftp_server:2.0:beta3:*:*:*:*:*:*|cpe:2.3:a:cerberusftp:ftp_server:2.0:beta4:*:*:*:*:*:*|cpe:2.3:a:cerberusftp:ftp_server:2.1:*:*:*:*:*:*:*|cpe:2.3:a:cerberusftp:ftp_server:2.01:*:*:*:*:*:*:*|cpe:2.3:a:cerberusftp:ftp_server:2.02:*:*:*:*:*:*:*|cpe:2.3:a:cerberusftp:ftp_server:2.2:*:*:*:*:*:*:*|cpe:2.3:a:cerberusftp:ftp_server:2.02:beta:*:*:*:*:*:*|cpe:2.3:a:cerberusftp:ftp_server:2.2:beta1:*:*:*:*:*:*|cpe:2.3:a:cerberusftp:ftp_server:2.2:beta2:*:*:*:*:*:*|cpe:2.3:a:cerberusftp:ftp_server:2.2:beta3:*:*:*:*:*:*|cpe:2.3:a:cerberusftp:ftp_server:2.3:*:*:*:*:*:*:*|cpe:2.3:a:cerberusftp:ftp_server:2.4:*:*:*:*:*:*:*|cpe:2.3:a:cerberusftp:ftp_server:2.4:beta1:*:*:*:*:*:*|cpe:2.3:a:cerberusftp:ftp_server:2.4:beta2:*:*:*:*:*:*|cpe:2.3:a:cerberusftp:ftp_server:2.4:beta3:*:*:*:*:*:*|cpe:2.3:a:cerberusftp:ftp_server:2.11:*:*:*:*:*:*:*|cpe:2.3:a:cerberusftp:ftp_server:2.11:beta:*:*:*:*:*:*|cpe:2.3:a:cerberusftp:ftp_server:2.11:beta2:*:*:*:*:*:*|cpe:2.3:a:cerberusftp:ftp_server:2.15:*:*:*:*:*:*:*|cpe:2.3:a:cerberusftp:ftp_server:2.15:beta:*:*:*:*:*:*|cpe:2.3:a:cerberusftp:ftp_server:2.16:*:*:*:*:*:*:*|cpe:2.3:a:cerberusftp:ftp_server:2.21:*:*:*:*:*:*:*|cpe:2.3:a:cerberusftp:ftp_server:2.22:*:*:*:*:*:*:*|cpe:2.3:a:cerberusftp:ftp_server:2.23:beta:*:*:*:*:*:*|cpe:2.3:a:cerberusftp:ftp_server:2.31:*:*:*:*:*:*:*|cpe:2.3:a:cerberusftp:ftp_server:2.32:*:*:*:*:*:*:*|cpe:2.3:a:cerberusftp:ftp_server:2.41:*:*:*:*:*:*:*|cpe:2.3:a:cerberusftp:ftp_server:2.42:*:*:*:*:*:*:*|cpe:2.3:a:cerberusftp:ftp_server:2.43:*:*:*:*:*:*:*|cpe:2.3:a:cerberusftp:ftp_server:2.44:*:*:*:*:*:*:*|cpe:2.3:a:cerberusftp:ftp_server:2.45:*:*:*:*:*:*:*|cpe:2.3:a:cerberusftp:ftp_server:2.46:*:*:*:*:*:*:*|cpe:2.3:a:cerberusftp:ftp_server:2.47:*:*:*:*:*:*:*|cpe:2.3:a:cerberusftp:ftp_server:2.48:*:*:*:*:*:*:*|cpe:2.3:a:cerberusftp:ftp_server:2.49:*:*:*:*:*:*:*|cpe:2.3:a:cerberusftp:ftp_server:2.50:*:*:*:*:*:*:*|cpe:2.3:a:cerberusftp:ftp_server:3.0:*:*:*:*:*:*:*|cpe:2.3:a:cerberusftp:ftp_server:3.0.1:*:*:*:*:*:*:*|cpe:2.3:a:cerberusftp:ftp_server:3.0.2:*:*:*:*:*:*:*|cpe:2.3:a:cerberusftp:ftp_server:3.0.3:*:*:*:*:*:*:*|cpe:2.3:a:cerberusftp:ftp_server:3.0.4:*:*:*:*:*:*:*|cpe:2.3:a:cerberusftp:ftp_server:3.0.5:*:*:*:*:*:*:*|cpe:2.3:a:cerberusftp:ftp_server:3.0.6:*:*:*:*:*:*:*|cpe:2.3:a:cerberusftp:ftp_server:3.0.7:*:*:*:*:*:*:*|cpe:2.3:a:cerberusftp:ftp_server:3.0.7.1:*:*:*:*:*:*:*|cpe:2.3:a:cerberusftp:ftp_server:3.0.8:*:*:*:*:*:*:*|cpe:2.3:a:cerberusftp:ftp_server:3.1:*:*:*:*:*:*:*|cpe:2.3:a:cerberusftp:ftp_server:3.1.0.3:*:*:*:*:*:*:*|cpe:2.3:a:cerberusftp:ftp_server:3.1.0.4:*:*:*:*:*:*:*|cpe:2.3:a:cerberusftp:ftp_server:3.1.0.5:*:*:*:*:*:*:*|cpe:2.3:a:cerberusftp:ftp_server:3.1.1:*:*:*:*:*:*:*|cpe:2.3:a:cerberusftp:ftp_server:3.1.2:*:*:*:*:*:*:*|cpe:2.3:a:cerberusftp:ftp_server:3.1.3:*:*:*:*:*:*:*|cpe:2.3:a:cerberusftp:ftp_server:3.1.3.1:*:*:*:*:*:*:*|cpe:2.3:a:cerberusftp:ftp_server:3.1.4:*:*:*:*:*:*:*|cpe:2.3:a:cerberusftp:ftp_server:4.0.0:*:*:*:*:*:*:*|cpe:2.3:a:cerberusftp:ftp_server:4.0.0.6:*:*:*:*:*:*:*|cpe:2.3:a:cerberusftp:ftp_server:4.0.0.8:*:*:*:*:*:*:*|cpe:2.3:a:cerberusftp:ftp_server:4.0.0.9:*:*:*:*:*:*:*|cpe:2.3:a:cerberusftp:ftp_server:4.0.0.11:*:*:*:*:*:*:*|cpe:2.3:a:cerberusftp:ftp_server:4.0.1:*:*:*:*:*:*:*|cpe:2.3:a:cerberusftp:ftp_server:4.0.1.1:*:*:*:*:*:*:*|cpe:2.3:a:cerberusftp:ftp_server:4.0.2:*:*:*:*:*:*:*|cpe:2.3:a:cerberusftp:ftp_server:4.0.2.2:*:*:*:*:*:*:*|cpe:2.3:a:cerberusftp:ftp_server:4.0.3.0:*:*:*:*:*:*:*|cpe:2.3:a:cerberusftp:ftp_server:4.0.3.1:*:*:*:*:*:*:*|cpe:2.3:a:cerberusftp:ftp_server:4.0.3.2:*:*:*:*:*:*:*|cpe:2.3:a:cerberusftp:ftp_server:4.0.3.3:*:*:*:*:*:*:*|cpe:2.3:a:cerberusftp:ftp_server:4.0.4.0:*:*:*:*:*:*:*|cpe:2.3:a:cerberusftp:ftp_server:4.0.4.1:*:*:*:*:*:*:*|cpe:2.3:a:cerberusftp:ftp_server:4.0.4.2:*:*:*:*:*:*:*|cpe:2.3:a:cerberusftp:ftp_server:4.0.4.3:*:*:*:*:*:*:*|cpe:2.3:a:cerberusftp:ftp_server:4.0.5:*:*:*:*:*:*:*|cpe:2.3:a:cerberusftp:ftp_server:4.0.5.2:*:*:*:*:*:*:*|cpe:2.3:a:cerberusftp:ftp_server:4.0.5.3:*:*:*:*:*:*:*|cpe:2.3:a:cerberusftp:ftp_server:4.0.5.4:*:*:*:*:*:*:*|cpe:2.3:a:cerberusftp:ftp_server:4.0.5.5:*:*:*:*:*:*:*|cpe:2.3:a:cerberusftp:ftp_server:4.0.6:*:*:*:*:*:*:*|cpe:2.3:a:cerberusftp:ftp_server:4.0.7:*:*:*:*:*:*:*|cpe:2.3:a:cerberusftp:ftp_server:4.0.7.2:*:*:*:*:*:*:*|cpe:2.3:a:cerberusftp:ftp_server:4.0.7.3:*:*:*:*:*:*:*|cpe:2.3:a:cerberusftp:ftp_server:4.0.7.5:*:*:*:*:*:*:*|cpe:2.3:a:cerberusftp:ftp_server:4.0.7.6:*:*:*:*:*:*:*|cpe:2.3:a:cerberusftp:ftp_server:4.0.8.0:*:*:*:*:*:*:*|cpe:2.3:a:cerberusftp:ftp_server:4.0.8.1:*:*:*:*:*:*:*|cpe:2.3:a:cerberusftp:ftp_server:4.0.8.3:*:*:*:*:*:*:*|cpe:2.3:a:cerberusftp:ftp_server:4.0.9.0:*:*:*:*:*:*:*|cpe:2.3:a:cerberusftp:ftp_server:4.0.9.1:*:*:*:*:*:*:*|cpe:2.3:a:cerberusftp:ftp_server:4.0.9.2:*:*:*:*:*:*:*|cpe:2.3:a:cerberusftp:ftp_server:4.0.9.3:*:*:*:*:*:*:*|cpe:2.3:a:cerberusftp:ftp_server:4.0.9.4:*:*:*:*:*:*:*|cpe:2.3:a:cerberusftp:ftp_server:4.0.9.5:*:*:*:*:*:*:*|cpe:2.3:a:cerberusftp:ftp_server:4.0.9.6:*:*:*:*:*:*:*|cpe:2.3:a:cerberusftp:ftp_server:4.0.9.7:*:*:*:*:*:*:*|cpe:2.3:a:cerberusftp:ftp_server:4.0.9.8:*:*:*:*:*:*:*|cpe:2.3:a:cerberusftp:ftp_server:4.0.10.0:*:*:*:*:*:*:*|cpe:2.3:a:cerberusftp:ftp_server:4.0.11.0:*:*:*:*:*:*:*|cpe:2.3:a:cerberusftp:ftp_server:5.0.0.0:*:*:*:*:*:*:*|cpe:2.3:a:cerberusftp:ftp_server:5.0.0.1:*:*:*:*:*:*:*|cpe:2.3:a:cerberusftp:ftp_server:5.0.0.2:*:*:*:*:*:*:*|cpe:2.3:a:cerberusftp:ftp_server:5.0.0.3:*:*:*:*:*:*:*|cpe:2.3:a:cerberusftp:ftp_server:5.0.0.4:*:*:*:*:*:*:*|cpe:2.3:a:cerberusftp:ftp_server:5.0.0.5:*:*:*:*:*:*:*|cpe:2.3:a:cerberusftp:ftp_server:5.0.0.6:*:*:*:*:*:*:*|cpe:2.3:a:cerberusftp:ftp_server:5.0.0.7:*:*:*:*:*:*:*|cpe:2.3:a:cerberusftp:ftp_server:5.0.1.0:*:*:*:*:*:*:*|cpe:2.3:a:cerberusftp:ftp_server:5.0.1.1:*:*:*:*:*:*:*|cpe:2.3:a:cerberusftp:ftp_server:5.0.1.2:*:*:*:*:*:*:*|cpe:2.3:a:cerberusftp:ftp_server:5.0.2.0:*:*:*:*:*:*:*|cpe:2.3:a:cerberusftp:ftp_server:5.0.3.0:*:*:*:*:*:*:*,No,,High,No,High,,No,High,,No,High,,complete,No,
vendor_only,CVE-2012-4006,2012-08-17,"The GREE application before 1.4.0, GREE Tanken Dorirando application before 1.0.7, GREE Tsurisuta application before 1.5.0, GREE Monpura application before 1.1.1, GREE Kaizokuoukoku Columbus application before 1.3.5, GREE haconiwa application before 1.1.0, GREE Seisen Cerberus application before 1.1.0, and KDDI&GREE GREE Market application before 2.1.2 for Android do not properly implement the WebView class, which allows remote attackers to obtain sensitive information via a crafted application.",4.3,2.0,CWE-200,cpe:2.3:a:gree:gree:*:*:*:*:*:*:*:*|cpe:2.3:a:gree:haconiwa:*:*:*:*:*:*:*:*|cpe:2.3:a:gree:kaizokuoukoku_columbus:*:*:*:*:*:*:*:*|cpe:2.3:a:gree:monpura:*:*:*:*:*:*:*:*|cpe:2.3:a:gree:seisen_cerberus:*:*:*:*:*:*:*:*|cpe:2.3:a:gree:tanken_dorirando:*:*:*:*:*:*:*:*|cpe:2.3:a:gree:tsurisuta:*:*:*:*:*:*:*:*|cpe:2.3:a:kddi_\&_gree:gree_market:*:*:*:*:*:*:*:*|cpe:2.3:o:google:android:*:*:*:*:*:*:*:*,No,,High,No,High,,No,High,,No,High,,complete,No,
vendor_only,CVE-2015-2867,2017-01-06,A design flaw in the Trane ComfortLink II SCC firmware version 2.0.2 service allows remote attackers to take complete control of the system.,9.8,3.0,CWE-798,cpe:2.3:o:trane:comfortlink_ii_firmware:2.0.2:*:*:*:*:*:*:*,Yes,,High,Yes,High,Trane ComfortLink II is a consumer smart thermostat / home-comfort controller; remote full takeover of it is in scope.,No,High,,Yes,High,,complete,Yes,judgments not unanimous
vendor_only,CVE-2015-2868,2017-01-06,"An exploitable remote code execution vulnerability exists in the Trane ComfortLink II firmware version 2.0.2 in DSS service. An attacker who can connect to the DSS service on the Trane ComfortLink II device can send an overly long REG request that can overflow a fixed size stack buffer, resulting in arbitrary code execution.",9.8,3.0,CWE-119,cpe:2.3:o:trane:comfortlink_ii_firmware:2.0.2:*:*:*:*:*:*:*,Yes,,High,Yes,High,Trane ComfortLink II is a consumer smart thermostat; RCE via a stack overflow in its DSS service is in scope.,No,High,,Yes,High,,complete,Yes,judgments not unanimous
vendor_only,CVE-2017-6880,2017-03-17,Buffer overflow in Cerberus FTP Server 8.0.10.3 allows remote attackers to cause a denial of service (daemon crash) or possibly have unspecified other impact via a long MLST command.,9.8,3.0,CWE-119,cpe:2.3:a:cerberus:cerberus_ftp_server:8.0.10.3:*:*:*:*:*:*:*,No,,High,No,High,,No,High,,No,High,,complete,No,
vendor_only,CVE-2017-6367,2017-03-14,"In Cerberus FTP Server 8.0.10.1, a crafted HTTP request causes the Windows service to crash. The attack methodology involves a long Host header and an invalid Content-Length header.",7.5,3.0,CWE-20,cpe:2.3:a:cerberusftp:ftp_server:8.0.10.1:*:*:*:*:*:*:*,No,,High,No,High,,No,High,,No,High,,complete,No,
vendor_only,CVE-2019-25046,2021-06-10,The Web Client in Cerberus FTP Server Enterprise before 10.0.19 and 11.x before 11.0.4 allows XSS via an SVG document.,6.1,3.1,CWE-79,cpe:2.3:a:cerberusftp:ftp_server:*:*:*:*:enterprise:*:*:*,No,,High,No,High,,No,High,,No,High,,complete,No,
vendor_only,CVE-2019-13466,2019-09-30,Western Digital SSD Dashboard before 2.5.1.0 and SanDisk SSD Dashboard before 2.5.1.0 have Incorrect Access Control. The “generate reports” archive is protected with a hard-coded password. An application update that addresses the protection of archive encryption is available.,7.5,3.1,CWE-798,cpe:2.3:a:sandisk:ssd_dashboard:*:*:*:*:*:*:*:*|cpe:2.3:a:westerndigital:ssd_dashboard:*:*:*:*:*:*:*:*,No,,High,No,High,,No,High,,No,High,,complete,No,
vendor_only,CVE-2020-5194,2020-01-14,The zip API endpoint in Cerberus FTP Server 8 allows an authenticated attacker without zip permission to use the zip functionality via an unrestricted API endpoint. Improper permission verification occurs when calling the file/ajax_download_zip/zip_name endpoint. The result is that a user without permissions can zip and download files even if they do not have permission to view whether the file exists.,5.4,3.1,CWE-639,cpe:2.3:a:cerberusftp:ftp_server:8.0:*:*:*:*:*:*:*,No,,High,No,High,,No,High,,No,High,,complete,No,
vendor_only,CVE-2020-5196,2020-01-14,"Cerberus FTP Server Enterprise Edition prior to versions 11.0.3 and 10.0.18 allows an authenticated attacker to create files, display hidden files, list directories, and list files without the permission to zip and download (or unzip and upload) files. There are multiple ways to bypass certain permissions by utilizing the zip and unzip features. As a result, users without permission can see files, folders, and hidden files, and can create directories without permission.",8.1,3.1,CWE-276,cpe:2.3:a:cerberusftp:ftp_server:*:*:*:*:enterprise:*:*:*,No,,High,No,High,,No,High,,No,High,,complete,No,
vendor_only,CVE-2020-5195,2020-01-13,Reflected XSS through an IMG element in Cerberus FTP Server prior to versions 11.0.1 and 10.0.17 allows a remote attacker to execute arbitrary JavaScript or HTML via a crafted public folder URL. This occurs because of the folder_up.png IMG element not properly sanitizing user-inserted directory paths. The path modification must be done on a publicly shared folder for a remote attacker to insert arbitrary JavaScript or HTML. The vulnerability impacts anyone who clicks the malicious link crafted by the attacker.,6.1,3.1,CWE-79,cpe:2.3:a:cerberusftp:ftp_server:*:*:*:*:enterprise:*:*:*,No,,High,No,High,,No,High,,No,High,,complete,No,
vendor_only,CVE-2021-46778,2022-08-10,"Execution unit scheduler contention may lead to a side channel vulnerability found on AMD CPU microarchitectures codenamed “Zen 1”, “Zen 2” and “Zen 3” that use simultaneous multithreading (SMT). By measuring the contention level on scheduler queues an attacker may potentially leak sensitive information.",5.6,3.1,CWE-203,cpe:2.3:o:amd:athlon_3050ge_firmware:-:*:*:*:*:*:*:*|cpe:2.3:h:amd:athlon_3050ge:-:*:*:*:*:*:*:*|cpe:2.3:o:amd:athlon_3150g_firmware:-:*:*:*:*:*:*:*|cpe:2.3:h:amd:athlon_3150g:-:*:*:*:*:*:*:*|cpe:2.3:o:amd:athlon_3150ge_firmware:-:*:*:*:*:*:*:*|cpe:2.3:h:amd:athlon_3150ge:-:*:*:*:*:*:*:*|cpe:2.3:o:amd:epyc_7001_firmware:-:*:*:*:*:*:*:*|cpe:2.3:h:amd:epyc_7001:-:*:*:*:*:*:*:*|cpe:2.3:o:amd:epyc_7002_firmware:-:*:*:*:*:*:*:*|cpe:2.3:h:amd:epyc_7002:-:*:*:*:*:*:*:*|cpe:2.3:o:amd:epyc_7003_firmware:-:*:*:*:*:*:*:*|cpe:2.3:h:amd:epyc_7003:-:*:*:*:*:*:*:*|cpe:2.3:o:amd:epyc_7232p_firmware:-:*:*:*:*:*:*:*|cpe:2.3:h:amd:epyc_7232p:-:*:*:*:*:*:*:*|cpe:2.3:o:amd:epyc_7251_firmware:-:*:*:*:*:*:*:*|cpe:2.3:h:amd:epyc_7251:-:*:*:*:*:*:*:*|cpe:2.3:o:amd:epyc_7252_firmware:-:*:*:*:*:*:*:*|cpe:2.3:h:amd:epyc_7252:-:*:*:*:*:*:*:*|cpe:2.3:o:amd:epyc_7261_firmware:-:*:*:*:*:*:*:*|cpe:2.3:h:amd:epyc_7261:-:*:*:*:*:*:*:*|cpe:2.3:o:amd:epyc_7262_firmware:-:*:*:*:*:*:*:*|cpe:2.3:h:amd:epyc_7262:-:*:*:*:*:*:*:*|cpe:2.3:o:amd:epyc_7272_firmware:-:*:*:*:*:*:*:*|cpe:2.3:h:amd:epyc_7272:-:*:*:*:*:*:*:*|cpe:2.3:o:amd:epyc_7281_firmware:-:*:*:*:*:*:*:*|cpe:2.3:h:amd:epyc_7281:-:*:*:*:*:*:*:*|cpe:2.3:o:amd:epyc_7282_firmware:-:*:*:*:*:*:*:*|cpe:2.3:h:amd:epyc_7282:-:*:*:*:*:*:*:*|cpe:2.3:o:amd:epyc_72f3_firmware:-:*:*:*:*:*:*:*|cpe:2.3:h:amd:epyc_72f3:-:*:*:*:*:*:*:*|cpe:2.3:o:amd:epyc_7301_firmware:-:*:*:*:*:*:*:*|cpe:2.3:h:amd:epyc_7301:-:*:*:*:*:*:*:*|cpe:2.3:o:amd:epyc_7302_firmware:-:*:*:*:*:*:*:*|cpe:2.3:h:amd:epyc_7302:-:*:*:*:*:*:*:*|cpe:2.3:o:amd:epyc_7302p_firmware:-:*:*:*:*:*:*:*|cpe:2.3:h:amd:epyc_7302p:-:*:*:*:*:*:*:*|cpe:2.3:o:amd:epyc_7313_firmware:-:*:*:*:*:*:*:*|cpe:2.3:h:amd:epyc_7313:-:*:*:*:*:*:*:*|cpe:2.3:o:amd:epyc_7313p_firmware:-:*:*:*:*:*:*:*|cpe:2.3:h:amd:epyc_7313p:-:*:*:*:*:*:*:*|cpe:2.3:o:amd:epyc_7343_firmware:-:*:*:*:*:*:*:*|cpe:2.3:h:amd:epyc_7343:-:*:*:*:*:*:*:*|cpe:2.3:o:amd:epyc_7351_firmware:-:*:*:*:*:*:*:*|cpe:2.3:h:amd:epyc_7351:-:*:*:*:*:*:*:*|cpe:2.3:o:amd:epyc_7351p_firmware:-:*:*:*:*:*:*:*|cpe:2.3:h:amd:epyc_7351p:-:*:*:*:*:*:*:*|cpe:2.3:o:amd:epyc_7352_firmware:-:*:*:*:*:*:*:*|cpe:2.3:h:amd:epyc_7352:-:*:*:*:*:*:*:*|cpe:2.3:o:amd:epyc_7371_firmware:-:*:*:*:*:*:*:*|cpe:2.3:h:amd:epyc_7371:-:*:*:*:*:*:*:*|cpe:2.3:o:amd:epyc_7373x_firmware:-:*:*:*:*:*:*:*|cpe:2.3:h:amd:epyc_7373x:-:*:*:*:*:*:*:*|cpe:2.3:o:amd:epyc_73f3_firmware:-:*:*:*:*:*:*:*|cpe:2.3:h:amd:epyc_73f3:-:*:*:*:*:*:*:*|cpe:2.3:o:amd:epyc_7401_firmware:-:*:*:*:*:*:*:*|cpe:2.3:h:amd:epyc_7401:-:*:*:*:*:*:*:*|cpe:2.3:o:amd:epyc_7401p_firmware:-:*:*:*:*:*:*:*|cpe:2.3:h:amd:epyc_7401p:-:*:*:*:*:*:*:*|cpe:2.3:o:amd:epyc_7402_firmware:-:*:*:*:*:*:*:*|cpe:2.3:h:amd:epyc_7402:-:*:*:*:*:*:*:*|cpe:2.3:o:amd:epyc_7402p_firmware:-:*:*:*:*:*:*:*|cpe:2.3:h:amd:epyc_7402p:-:*:*:*:*:*:*:*|cpe:2.3:o:amd:epyc_7413_firmware:-:*:*:*:*:*:*:*|cpe:2.3:h:amd:epyc_7413:-:*:*:*:*:*:*:*|cpe:2.3:o:amd:epyc_7443_firmware:-:*:*:*:*:*:*:*|cpe:2.3:h:amd:epyc_7443:-:*:*:*:*:*:*:*|cpe:2.3:o:amd:epyc_7443p_firmware:-:*:*:*:*:*:*:*|cpe:2.3:h:amd:epyc_7443p:-:*:*:*:*:*:*:*|cpe:2.3:o:amd:epyc_7451_firmware:-:*:*:*:*:*:*:*|cpe:2.3:h:amd:epyc_7451:-:*:*:*:*:*:*:*|cpe:2.3:o:amd:epyc_7452_firmware:-:*:*:*:*:*:*:*|cpe:2.3:h:amd:epyc_7452:-:*:*:*:*:*:*:*|cpe:2.3:o:amd:epyc_7453_firmware:-:*:*:*:*:*:*:*|cpe:2.3:h:amd:epyc_7453:-:*:*:*:*:*:*:*|cpe:2.3:o:amd:epyc_7473x_firmware:-:*:*:*:*:*:*:*|cpe:2.3:h:amd:epyc_7473x:-:*:*:*:*:*:*:*|cpe:2.3:o:amd:epyc_74f3_firmware:-:*:*:*:*:*:*:*|cpe:2.3:h:amd:epyc_74f3:-:*:*:*:*:*:*:*|cpe:2.3:o:amd:epyc_7501_firmware:-:*:*:*:*:*:*:*|cpe:2.3:h:amd:epyc_7501:-:*:*:*:*:*:*:*|cpe:2.3:o:amd:epyc_7502_firmware:-:*:*:*:*:*:*:*|cpe:2.3:h:amd:epyc_7502:-:*:*:*:*:*:*:*|cpe:2.3:o:amd:epyc_7502p_firmware:-:*:*:*:*:*:*:*|cpe:2.3:h:amd:epyc_7502p:-:*:*:*:*:*:*:*|cpe:2.3:o:amd:epyc_7513_firmware:-:*:*:*:*:*:*:*|cpe:2.3:h:amd:epyc_7513:-:*:*:*:*:*:*:*|cpe:2.3:o:amd:epyc_7532_firmware:-:*:*:*:*:*:*:*|cpe:2.3:h:amd:epyc_7532:-:*:*:*:*:*:*:*|cpe:2.3:o:amd:epyc_7542_firmware:-:*:*:*:*:*:*:*|cpe:2.3:h:amd:epyc_7542:-:*:*:*:*:*:*:*|cpe:2.3:o:amd:epyc_7543_firmware:-:*:*:*:*:*:*:*|cpe:2.3:h:amd:epyc_7543:-:*:*:*:*:*:*:*|cpe:2.3:o:amd:epyc_7543p_firmware:-:*:*:*:*:*:*:*|cpe:2.3:h:amd:epyc_7543p:-:*:*:*:*:*:*:*|cpe:2.3:o:amd:epyc_7551_firmware:-:*:*:*:*:*:*:*|cpe:2.3:h:amd:epyc_7551:-:*:*:*:*:*:*:*|cpe:2.3:o:amd:epyc_7551p_firmware:-:*:*:*:*:*:*:*|cpe:2.3:h:amd:epyc_7551p:-:*:*:*:*:*:*:*|cpe:2.3:o:amd:epyc_7552_firmware:-:*:*:*:*:*:*:*|cpe:2.3:h:amd:epyc_7552:-:*:*:*:*:*:*:*|cpe:2.3:o:amd:epyc_7573x_firmware:-:*:*:*:*:*:*:*|cpe:2.3:h:amd:epyc_7573x:-:*:*:*:*:*:*:*|cpe:2.3:o:amd:epyc_75f3_firmware:-:*:*:*:*:*:*:*|cpe:2.3:h:amd:epyc_75f3:-:*:*:*:*:*:*:*|cpe:2.3:o:amd:epyc_7601_firmware:-:*:*:*:*:*:*:*|cpe:2.3:h:amd:epyc_7601:-:*:*:*:*:*:*:*|cpe:2.3:o:amd:epyc_7642_firmware:-:*:*:*:*:*:*:*|cpe:2.3:h:amd:epyc_7642:-:*:*:*:*:*:*:*|cpe:2.3:o:amd:epyc_7643_firmware:-:*:*:*:*:*:*:*|cpe:2.3:h:amd:epyc_7643:-:*:*:*:*:*:*:*|cpe:2.3:o:amd:epyc_7662_firmware:-:*:*:*:*:*:*:*|cpe:2.3:h:amd:epyc_7662:-:*:*:*:*:*:*:*|cpe:2.3:o:amd:epyc_7663_firmware:-:*:*:*:*:*:*:*|cpe:2.3:h:amd:epyc_7663:-:*:*:*:*:*:*:*|cpe:2.3:o:amd:epyc_7702_firmware:-:*:*:*:*:*:*:*|cpe:2.3:h:amd:epyc_7702:-:*:*:*:*:*:*:*|cpe:2.3:o:amd:epyc_7702p_firmware:-:*:*:*:*:*:*:*|cpe:2.3:h:amd:epyc_7702p:-:*:*:*:*:*:*:*|cpe:2.3:o:amd:epyc_7713_firmware:-:*:*:*:*:*:*:*|cpe:2.3:h:amd:epyc_7713:-:*:*:*:*:*:*:*|cpe:2.3:o:amd:epyc_7713p_firmware:-:*:*:*:*:*:*:*|cpe:2.3:h:amd:epyc_7713p:-:*:*:*:*:*:*:*|cpe:2.3:o:amd:epyc_7742_firmware:-:*:*:*:*:*:*:*|cpe:2.3:h:amd:epyc_7742:-:*:*:*:*:*:*:*|cpe:2.3:o:amd:epyc_7763_firmware:-:*:*:*:*:*:*:*|cpe:2.3:h:amd:epyc_7763:-:*:*:*:*:*:*:*|cpe:2.3:o:amd:epyc_7773x_firmware:-:*:*:*:*:*:*:*|cpe:2.3:h:amd:epyc_7773x:-:*:*:*:*:*:*:*|cpe:2.3:o:amd:epyc_7f32_firmware:-:*:*:*:*:*:*:*|cpe:2.3:h:amd:epyc_7f32:-:*:*:*:*:*:*:*|cpe:2.3:o:amd:epyc_7f52_firmware:-:*:*:*:*:*:*:*|cpe:2.3:h:amd:epyc_7f52:-:*:*:*:*:*:*:*|cpe:2.3:o:amd:epyc_7f72_firmware:-:*:*:*:*:*:*:*|cpe:2.3:h:amd:epyc_7f72:-:*:*:*:*:*:*:*|cpe:2.3:o:amd:epyc_7h12_firmware:-:*:*:*:*:*:*:*|cpe:2.3:h:amd:epyc_7h12:-:*:*:*:*:*:*:*|cpe:2.3:o:amd:ryzen_3_2200u_firmware:-:*:*:*:*:*:*:*|cpe:2.3:h:amd:ryzen_3_2200u:-:*:*:*:*:*:*:*|cpe:2.3:o:amd:ryzen_3_2300u_firmware:-:*:*:*:*:*:*:*|cpe:2.3:h:amd:ryzen_3_2300u:-:*:*:*:*:*:*:*|cpe:2.3:o:amd:ryzen_3_3100_firmware:-:*:*:*:*:*:*:*|cpe:2.3:h:amd:ryzen_3_3100:-:*:*:*:*:*:*:*|cpe:2.3:o:amd:ryzen_3_3200u_firmware:-:*:*:*:*:*:*:*|cpe:2.3:h:amd:ryzen_3_3200u:-:*:*:*:*:*:*:*|cpe:2.3:o:amd:ryzen_3_3250u_firmware:-:*:*:*:*:*:*:*|cpe:2.3:h:amd:ryzen_3_3250u:-:*:*:*:*:*:*:*|cpe:2.3:o:amd:ryzen_3_3300g_firmware:-:*:*:*:*:*:*:*|cpe:2.3:h:amd:ryzen_3_3300g:-:*:*:*:*:*:*:*|cpe:2.3:o:amd:ryzen_3_3300u_firmware:-:*:*:*:*:*:*:*|cpe:2.3:h:amd:ryzen_3_3300u:-:*:*:*:*:*:*:*|cpe:2.3:o:amd:ryzen_3_3300x_firmware:-:*:*:*:*:*:*:*|cpe:2.3:h:amd:ryzen_3_3300x:-:*:*:*:*:*:*:*|cpe:2.3:o:amd:ryzen_3_3350u_firmware:-:*:*:*:*:*:*:*|cpe:2.3:h:amd:ryzen_3_3350u:-:*:*:*:*:*:*:*|cpe:2.3:o:amd:ryzen_3_3450u_firmware:-:*:*:*:*:*:*:*|cpe:2.3:h:amd:ryzen_3_3450u:-:*:*:*:*:*:*:*|cpe:2.3:o:amd:ryzen_3_3500c_firmware:-:*:*:*:*:*:*:*|cpe:2.3:h:amd:ryzen_3_3500c:-:*:*:*:*:*:*:*|cpe:2.3:o:amd:ryzen_3_3500u_firmware:-:*:*:*:*:*:*:*|cpe:2.3:h:amd:ryzen_3_3500u:-:*:*:*:*:*:*:*|cpe:2.3:o:amd:ryzen_3_3550h_firmware:-:*:*:*:*:*:*:*|cpe:2.3:h:amd:ryzen_3_3550h:-:*:*:*:*:*:*:*|cpe:2.3:o:amd:ryzen_3_3580u_firmware:-:*:*:*:*:*:*:*|cpe:2.3:h:amd:ryzen_3_3580u:-:*:*:*:*:*:*:*|cpe:2.3:o:amd:ryzen_3_3700c_firmware:-:*:*:*:*:*:*:*|cpe:2.3:h:amd:ryzen_3_3700c:-:*:*:*:*:*:*:*|cpe:2.3:o:amd:ryzen_3_3700u_firmware:-:*:*:*:*:*:*:*|cpe:2.3:h:amd:ryzen_3_3700u:-:*:*:*:*:*:*:*|cpe:2.3:o:amd:ryzen_3_3750h_firmware:-:*:*:*:*:*:*:*|cpe:2.3:h:amd:ryzen_3_3750h:-:*:*:*:*:*:*:*|cpe:2.3:o:amd:ryzen_3_3780u_firmware:-:*:*:*:*:*:*:*|cpe:2.3:h:amd:ryzen_3_3780u:-:*:*:*:*:*:*:*|cpe:2.3:o:amd:ryzen_3_4300g_firmware:-:*:*:*:*:*:*:*|cpe:2.3:h:amd:ryzen_3_4300g:-:*:*:*:*:*:*:*|cpe:2.3:o:amd:ryzen_3_4300ge_firmware:-:*:*:*:*:*:*:*|cpe:2.3:h:amd:ryzen_3_4300ge:-:*:*:*:*:*:*:*|cpe:2.3:o:amd:ryzen_3_4300u_firmware:-:*:*:*:*:*:*:*|cpe:2.3:h:amd:ryzen_3_4300u:-:*:*:*:*:*:*:*|cpe:2.3:o:amd:ryzen_3_5125c_firmware:-:*:*:*:*:*:*:*|cpe:2.3:h:amd:ryzen_3_5125c:-:*:*:*:*:*:*:*|cpe:2.3:o:amd:ryzen_3_5300g_firmware:-:*:*:*:*:*:*:*|cpe:2.3:h:amd:ryzen_3_5300g:-:*:*:*:*:*:*:*|cpe:2.3:o:amd:ryzen_3_5300ge_firmware:-:*:*:*:*:*:*:*|cpe:2.3:h:amd:ryzen_3_5300ge:-:*:*:*:*:*:*:*|cpe:2.3:o:amd:ryzen_3_5300u_firmware:-:*:*:*:*:*:*:*|cpe:2.3:h:amd:ryzen_3_5300u:-:*:*:*:*:*:*:*|cpe:2.3:o:amd:ryzen_3_5400u_firmware:-:*:*:*:*:*:*:*|cpe:2.3:h:amd:ryzen_3_5400u:-:*:*:*:*:*:*:*|cpe:2.3:o:amd:ryzen_3_5425c_firmware:-:*:*:*:*:*:*:*|cpe:2.3:h:amd:ryzen_3_5425c:-:*:*:*:*:*:*:*|cpe:2.3:o:amd:ryzen_3_5425u_firmware:-:*:*:*:*:*:*:*|cpe:2.3:h:amd:ryzen_3_5425u:-:*:*:*:*:*:*:*|cpe:2.3:o:amd:ryzen_5_2500u_firmware:-:*:*:*:*:*:*:*|cpe:2.3:h:amd:ryzen_5_2500u:-:*:*:*:*:*:*:*|cpe:2.3:o:amd:ryzen_5_2600_firmware:-:*:*:*:*:*:*:*|cpe:2.3:h:amd:ryzen_5_2600:-:*:*:*:*:*:*:*|cpe:2.3:o:amd:ryzen_5_2600h_firmware:-:*:*:*:*:*:*:*|cpe:2.3:h:amd:ryzen_5_2600h:-:*:*:*:*:*:*:*|cpe:2.3:o:amd:ryzen_5_2600x_firmware:-:*:*:*:*:*:*:*|cpe:2.3:h:amd:ryzen_5_2600x:-:*:*:*:*:*:*:*|cpe:2.3:o:amd:ryzen_5_2700x_firmware:-:*:*:*:*:*:*:*|cpe:2.3:h:amd:ryzen_5_2700x:-:*:*:*:*:*:*:*|cpe:2.3:o:amd:ryzen_5_3400g_firmware:-:*:*:*:*:*:*:*|cpe:2.3:h:amd:ryzen_5_3400g:-:*:*:*:*:*:*:*|cpe:2.3:o:amd:ryzen_5_3450g_firmware:-:*:*:*:*:*:*:*|cpe:2.3:h:amd:ryzen_5_3450g:-:*:*:*:*:*:*:*|cpe:2.3:o:amd:ryzen_5_3500u_firmware:-:*:*:*:*:*:*:*|cpe:2.3:h:amd:ryzen_5_3500u:-:*:*:*:*:*:*:*|cpe:2.3:o:amd:ryzen_5_3550h_firmware:-:*:*:*:*:*:*:*|cpe:2.3:h:amd:ryzen_5_3550h:-:*:*:*:*:*:*:*|cpe:2.3:o:amd:ryzen_5_3580u_firmware:-:*:*:*:*:*:*:*|cpe:2.3:h:amd:ryzen_5_3580u:-:*:*:*:*:*:*:*|cpe:2.3:o:amd:ryzen_5_3600_firmware:-:*:*:*:*:*:*:*|cpe:2.3:h:amd:ryzen_5_3600:-:*:*:*:*:*:*:*|cpe:2.3:o:amd:ryzen_5_3600x_firmware:-:*:*:*:*:*:*:*|cpe:2.3:h:amd:ryzen_5_3600x:-:*:*:*:*:*:*:*|cpe:2.3:o:amd:ryzen_5_3600xt_firmware:-:*:*:*:*:*:*:*|cpe:2.3:h:amd:ryzen_5_3600xt:-:*:*:*:*:*:*:*|cpe:2.3:o:amd:ryzen_5_4500u_firmware:-:*:*:*:*:*:*:*|cpe:2.3:h:amd:ryzen_5_4500u:-:*:*:*:*:*:*:*|cpe:2.3:o:amd:ryzen_5_4600g_firmware:-:*:*:*:*:*:*:*|cpe:2.3:h:amd:ryzen_5_4600g:-:*:*:*:*:*:*:*|cpe:2.3:o:amd:ryzen_5_4600ge_firmware:-:*:*:*:*:*:*:*|cpe:2.3:h:amd:ryzen_5_4600ge:-:*:*:*:*:*:*:*|cpe:2.3:o:amd:ryzen_5_4600h_firmware:-:*:*:*:*:*:*:*|cpe:2.3:h:amd:ryzen_5_4600h:-:*:*:*:*:*:*:*|cpe:2.3:o:amd:ryzen_5_4600u_firmware:-:*:*:*:*:*:*:*|cpe:2.3:h:amd:ryzen_5_4600u:-:*:*:*:*:*:*:*|cpe:2.3:o:amd:ryzen_5_5500u_firmware:-:*:*:*:*:*:*:*|cpe:2.3:h:amd:ryzen_5_5500u:-:*:*:*:*:*:*:*|cpe:2.3:o:amd:ryzen_5_5560u_firmware:-:*:*:*:*:*:*:*|cpe:2.3:h:amd:ryzen_5_5560u:-:*:*:*:*:*:*:*|cpe:2.3:o:amd:ryzen_5_5600g_firmware:-:*:*:*:*:*:*:*|cpe:2.3:h:amd:ryzen_5_5600g:-:*:*:*:*:*:*:*|cpe:2.3:o:amd:ryzen_5_5600ge_firmware:-:*:*:*:*:*:*:*|cpe:2.3:h:amd:ryzen_5_5600ge:-:*:*:*:*:*:*:*|cpe:2.3:o:amd:ryzen_5_5600h_firmware:-:*:*:*:*:*:*:*|cpe:2.3:h:amd:ryzen_5_5600h:-:*:*:*:*:*:*:*|cpe:2.3:o:amd:ryzen_5_5600hs_firmware:-:*:*:*:*:*:*:*|cpe:2.3:h:amd:ryzen_5_5600hs:-:*:*:*:*:*:*:*|cpe:2.3:o:amd:ryzen_5_5600u_firmware:-:*:*:*:*:*:*:*|cpe:2.3:h:amd:ryzen_5_5600u:-:*:*:*:*:*:*:*|cpe:2.3:o:amd:ryzen_5_5600x_firmware:-:*:*:*:*:*:*:*|cpe:2.3:h:amd:ryzen_5_5600x:-:*:*:*:*:*:*:*|cpe:2.3:o:amd:ryzen_5_5625c_firmware:-:*:*:*:*:*:*:*|cpe:2.3:h:amd:ryzen_5_5625c:-:*:*:*:*:*:*:*|cpe:2.3:o:amd:ryzen_5_5625u_firmware:-:*:*:*:*:*:*:*|cpe:2.3:h:amd:ryzen_5_5625u:-:*:*:*:*:*:*:*|cpe:2.3:o:amd:ryzen_5_5700g_firmware:-:*:*:*:*:*:*:*|cpe:2.3:h:amd:ryzen_5_5700g:-:*:*:*:*:*:*:*|cpe:2.3:o:amd:ryzen_5_5700ge_firmware:-:*:*:*:*:*:*:*|cpe:2.3:h:amd:ryzen_5_5700ge:-:*:*:*:*:*:*:*|cpe:2.3:o:amd:ryzen_7_2700_firmware:-:*:*:*:*:*:*:*|cpe:2.3:h:amd:ryzen_7_2700:-:*:*:*:*:*:*:*|cpe:2.3:o:amd:ryzen_7_2700u_firmware:-:*:*:*:*:*:*:*|cpe:2.3:h:amd:ryzen_7_2700u:-:*:*:*:*:*:*:*|cpe:2.3:o:amd:ryzen_7_2700x_firmware:-:*:*:*:*:*:*:*|cpe:2.3:h:amd:ryzen_7_2700x:-:*:*:*:*:*:*:*|cpe:2.3:o:amd:ryzen_7_2800h_firmware:-:*:*:*:*:*:*:*|cpe:2.3:h:amd:ryzen_7_2800h:-:*:*:*:*:*:*:*|cpe:2.3:o:amd:ryzen_7_3700u_firmware:-:*:*:*:*:*:*:*|cpe:2.3:h:amd:ryzen_7_3700u:-:*:*:*:*:*:*:*|cpe:2.3:o:amd:ryzen_7_3700x_firmware:-:*:*:*:*:*:*:*|cpe:2.3:h:amd:ryzen_7_3700x:-:*:*:*:*:*:*:*|cpe:2.3:o:amd:ryzen_7_3750h_firmware:-:*:*:*:*:*:*:*|cpe:2.3:h:amd:ryzen_7_3750h:-:*:*:*:*:*:*:*|cpe:2.3:o:amd:ryzen_7_3780u_firmware:-:*:*:*:*:*:*:*|cpe:2.3:h:amd:ryzen_7_3780u:-:*:*:*:*:*:*:*|cpe:2.3:o:amd:ryzen_7_3800x_firmware:-:*:*:*:*:*:*:*|cpe:2.3:h:amd:ryzen_7_3800x:-:*:*:*:*:*:*:*|cpe:2.3:o:amd:ryzen_7_3800xt_firmware:-:*:*:*:*:*:*:*|cpe:2.3:h:amd:ryzen_7_3800xt:-:*:*:*:*:*:*:*|cpe:2.3:o:amd:ryzen_7_4700g_firmware:-:*:*:*:*:*:*:*|cpe:2.3:h:amd:ryzen_7_4700g:-:*:*:*:*:*:*:*|cpe:2.3:o:amd:ryzen_7_4700ge_firmware:-:*:*:*:*:*:*:*|cpe:2.3:h:amd:ryzen_7_4700ge:-:*:*:*:*:*:*:*|cpe:2.3:o:amd:ryzen_7_4700u_firmware:-:*:*:*:*:*:*:*|cpe:2.3:h:amd:ryzen_7_4700u:-:*:*:*:*:*:*:*|cpe:2.3:o:amd:ryzen_7_4800h_firmware:-:*:*:*:*:*:*:*|cpe:2.3:h:amd:ryzen_7_4800h:-:*:*:*:*:*:*:*|cpe:2.3:o:amd:ryzen_7_4800u_firmware:-:*:*:*:*:*:*:*|cpe:2.3:h:amd:ryzen_7_4800u:-:*:*:*:*:*:*:*|cpe:2.3:o:amd:ryzen_7_5700g_firmware:-:*:*:*:*:*:*:*|cpe:2.3:h:amd:ryzen_7_5700g:-:*:*:*:*:*:*:*|cpe:2.3:o:amd:ryzen_7_5700ge_firmware:-:*:*:*:*:*:*:*|cpe:2.3:h:amd:ryzen_7_5700ge:-:*:*:*:*:*:*:*|cpe:2.3:o:amd:ryzen_7_5700u_firmware:-:*:*:*:*:*:*:*|cpe:2.3:h:amd:ryzen_7_5700u:-:*:*:*:*:*:*:*|cpe:2.3:o:amd:ryzen_7_5700x_firmware:-:*:*:*:*:*:*:*|cpe:2.3:h:amd:ryzen_7_5700x:-:*:*:*:*:*:*:*|cpe:2.3:o:amd:ryzen_7_5800h_firmware:-:*:*:*:*:*:*:*|cpe:2.3:h:amd:ryzen_7_5800h:-:*:*:*:*:*:*:*|cpe:2.3:o:amd:ryzen_7_5800hs_firmware:-:*:*:*:*:*:*:*|cpe:2.3:h:amd:ryzen_7_5800hs:-:*:*:*:*:*:*:*|cpe:2.3:o:amd:ryzen_7_5800u_firmware:-:*:*:*:*:*:*:*|cpe:2.3:h:amd:ryzen_7_5800u:-:*:*:*:*:*:*:*|cpe:2.3:o:amd:ryzen_7_5800x_firmware:-:*:*:*:*:*:*:*|cpe:2.3:h:amd:ryzen_7_5800x:-:*:*:*:*:*:*:*|cpe:2.3:o:amd:ryzen_7_5800x3d_firmware:-:*:*:*:*:*:*:*|cpe:2.3:h:amd:ryzen_7_5800x3d:-:*:*:*:*:*:*:*|cpe:2.3:o:amd:ryzen_7_5825c_firmware:-:*:*:*:*:*:*:*|cpe:2.3:h:amd:ryzen_7_5825c:-:*:*:*:*:*:*:*|cpe:2.3:o:amd:ryzen_7_5825u_firmware:-:*:*:*:*:*:*:*|cpe:2.3:h:amd:ryzen_7_5825u:-:*:*:*:*:*:*:*|cpe:2.3:o:amd:ryzen_9_3900x_firmware:-:*:*:*:*:*:*:*|cpe:2.3:h:amd:ryzen_9_3900x:-:*:*:*:*:*:*:*|cpe:2.3:o:amd:ryzen_9_3950x_firmware:-:*:*:*:*:*:*:*|cpe:2.3:h:amd:ryzen_9_3950x:-:*:*:*:*:*:*:*|cpe:2.3:o:amd:ryzen_9_4900h_firmware:-:*:*:*:*:*:*:*|cpe:2.3:h:amd:ryzen_9_4900h:-:*:*:*:*:*:*:*|cpe:2.3:o:amd:ryzen_9_4900hs_firmware:-:*:*:*:*:*:*:*|cpe:2.3:h:amd:ryzen_9_4900hs:-:*:*:*:*:*:*:*|cpe:2.3:o:amd:ryzen_9_5900hs_firmware:-:*:*:*:*:*:*:*|cpe:2.3:h:amd:ryzen_9_5900hs:-:*:*:*:*:*:*:*|cpe:2.3:o:amd:ryzen_9_5900hx_firmware:-:*:*:*:*:*:*:*|cpe:2.3:h:amd:ryzen_9_5900hx:-:*:*:*:*:*:*:*|cpe:2.3:o:amd:ryzen_9_5900x_firmware:-:*:*:*:*:*:*:*|cpe:2.3:h:amd:ryzen_9_5900x:-:*:*:*:*:*:*:*|cpe:2.3:o:amd:ryzen_9_5950x_firmware:-:*:*:*:*:*:*:*|cpe:2.3:h:amd:ryzen_9_5950x:-:*:*:*:*:*:*:*|cpe:2.3:o:amd:ryzen_9_5980hs_firmware:-:*:*:*:*:*:*:*|cpe:2.3:h:amd:ryzen_9_5980hs:-:*:*:*:*:*:*:*|cpe:2.3:o:amd:ryzen_9_5980hx_firmware:-:*:*:*:*:*:*:*|cpe:2.3:h:amd:ryzen_9_5980hx:-:*:*:*:*:*:*:*|cpe:2.3:o:amd:ryzen_threadripper_2920x_firmware:-:*:*:*:*:*:*:*|cpe:2.3:h:amd:ryzen_threadripper_2920x:-:*:*:*:*:*:*:*|cpe:2.3:o:amd:ryzen_threadripper_2950x_firmware:-:*:*:*:*:*:*:*|cpe:2.3:h:amd:ryzen_threadripper_2950x:-:*:*:*:*:*:*:*|cpe:2.3:o:amd:ryzen_threadripper_2970wx_firmware:-:*:*:*:*:*:*:*|cpe:2.3:h:amd:ryzen_threadripper_2970wx:-:*:*:*:*:*:*:*|cpe:2.3:o:amd:ryzen_threadripper_2990wx_firmware:-:*:*:*:*:*:*:*|cpe:2.3:h:amd:ryzen_threadripper_2990wx:-:*:*:*:*:*:*:*|cpe:2.3:o:amd:ryzen_threadripper_3960x_firmware:-:*:*:*:*:*:*:*|cpe:2.3:h:amd:ryzen_threadripper_3960x:-:*:*:*:*:*:*:*|cpe:2.3:o:amd:ryzen_threadripper_3970x_firmware:-:*:*:*:*:*:*:*|cpe:2.3:h:amd:ryzen_threadripper_3970x:-:*:*:*:*:*:*:*|cpe:2.3:o:amd:ryzen_threadripper_3990x_firmware:-:*:*:*:*:*:*:*|cpe:2.3:h:amd:ryzen_threadripper_3990x:-:*:*:*:*:*:*:*|cpe:2.3:o:amd:ryzen_threadripper_pro_3795wx_firmware:-:*:*:*:*:*:*:*|cpe:2.3:h:amd:ryzen_threadripper_pro_3795wx:-:*:*:*:*:*:*:*|cpe:2.3:o:amd:ryzen_threadripper_pro_3945wx_firmware:-:*:*:*:*:*:*:*|cpe:2.3:h:amd:ryzen_threadripper_pro_3945wx:-:*:*:*:*:*:*:*|cpe:2.3:o:amd:ryzen_threadripper_pro_3955wx_firmware:-:*:*:*:*:*:*:*|cpe:2.3:h:amd:ryzen_threadripper_pro_3955wx:-:*:*:*:*:*:*:*|cpe:2.3:o:amd:ryzen_threadripper_pro_3975wx_firmware:-:*:*:*:*:*:*:*|cpe:2.3:h:amd:ryzen_threadripper_pro_3975wx:-:*:*:*:*:*:*:*|cpe:2.3:o:amd:ryzen_threadripper_pro_3995wx_firmware:-:*:*:*:*:*:*:*|cpe:2.3:h:amd:ryzen_threadripper_pro_3995wx:-:*:*:*:*:*:*:*|cpe:2.3:o:amd:ryzen_threadripper_pro_5945wx_firmware:-:*:*:*:*:*:*:*|cpe:2.3:h:amd:ryzen_threadripper_pro_5945wx:-:*:*:*:*:*:*:*|cpe:2.3:o:amd:ryzen_threadripper_pro_5955wx_firmware:-:*:*:*:*:*:*:*|cpe:2.3:h:amd:ryzen_threadripper_pro_5955wx:-:*:*:*:*:*:*:*|cpe:2.3:o:amd:ryzen_threadripper_pro_5965wx_firmware:-:*:*:*:*:*:*:*|cpe:2.3:h:amd:ryzen_threadripper_pro_5965wx:-:*:*:*:*:*:*:*|cpe:2.3:o:amd:ryzen_threadripper_pro_5975wx_firmware:-:*:*:*:*:*:*:*|cpe:2.3:h:amd:ryzen_threadripper_pro_5975wx:-:*:*:*:*:*:*:*|cpe:2.3:o:amd:ryzen_threadripper_pro_5995wx_firmware:-:*:*:*:*:*:*:*|cpe:2.3:h:amd:ryzen_threadripper_pro_5995wx:-:*:*:*:*:*:*:*,No,,High,No,High,,No,High,,No,High,,complete,No,
vendor_only,CVE-2021-21877,2021-12-22,Specially-crafted HTTP requests can lead to arbitrary command execution in “GET” requests. An attacker can make authenticated HTTP requests to trigger this vulnerability.,9.1,3.1,CWE-78,cpe:2.3:o:lantronix:premierwave_2050_firmware:8.9.0.0:r4:*:*:*:*:*:*|cpe:2.3:h:lantronix:premierwave_2050:-:*:*:*:*:*:*:*,No,,High,No,High,,No,High,,No,High,,complete,No,
vendor_only,CVE-2021-37181,2021-09-14,"A vulnerability has been identified in Cerberus DMS V4.0 (All versions), Cerberus DMS V4.1 (All versions), Cerberus DMS V4.2 (All versions), Cerberus DMS V5.0 (All versions < v5.0 QU1), Desigo CC Compact V4.0 (All versions), Desigo CC Compact V4.1 (All versions), Desigo CC Compact V4.2 (All versions), Desigo CC Compact V5.0 (All versions < V5.0 QU1), Desigo CC V4.0 (All versions), Desigo CC V4.1 (All versions), Desigo CC V4.2 (All versions), Desigo CC V5.0 (All versions < V5.0 QU1). The application deserialises untrusted data without sufficient validations, that could result in an arbitrary deserialization. This could allow an unauthenticated attacker to execute code in the affected system. The CCOM communication component used for Windows App / Click-Once and IE Web / XBAP client connectivity are affected by the vulnerability.",10.0,3.1,CWE-502,cpe:2.3:a:siemens:cerberus_dms:4.0:*:*:*:*:*:*:*|cpe:2.3:a:siemens:cerberus_dms:4.1:*:*:*:*:*:*:*|cpe:2.3:a:siemens:cerberus_dms:4.2:*:*:*:*:*:*:*|cpe:2.3:a:siemens:cerberus_dms:5.0:-:*:*:*:*:*:*|cpe:2.3:a:siemens:desigo_cc:4.0:*:*:*:*:*:*:*|cpe:2.3:a:siemens:desigo_cc:4.1:*:*:*:*:*:*:*|cpe:2.3:a:siemens:desigo_cc:4.2:*:*:*:*:*:*:*|cpe:2.3:a:siemens:desigo_cc:5.0:-:*:*:*:*:*:*|cpe:2.3:a:siemens:desigo_cc_compact:4.0:*:*:*:*:*:*:*|cpe:2.3:a:siemens:desigo_cc_compact:4.1:*:*:*:*:*:*:*|cpe:2.3:a:siemens:desigo_cc_compact:4.2:*:*:*:*:*:*:*|cpe:2.3:a:siemens:desigo_cc_compact:5.0:-:*:*:*:*:*:*,No,"Siemens Cerberus DMS and Desigo CC are enterprise building management/fire alarm platforms used in commercial buildings, not residential homes. Fails criterion 1 — not a residential deployment without dedicated security oversight.",Low,No,High,,No,High,,No,High,,complete,No,
vendor_only,CVE-2022-33139,2022-06-21,"A vulnerability has been identified in Cerberus DMS (All versions), Desigo CC (All versions), Desigo CC Compact (All versions), SIMATIC WinCC OA V3.16 (All versions in default configuration), SIMATIC WinCC OA V3.17 (All versions in non-default configuration), SIMATIC WinCC OA V3.18 (All versions in non-default configuration). Affected applications use client-side only authentication, when neither server-side authentication (SSA) nor Kerberos authentication is enabled. In this configuration, attackers could impersonate other users or exploit the client-server protocol without being authenticated.",9.8,3.1,CWE-603|CWE-287,cpe:2.3:a:siemens:cerberus_dms:*:*:*:*:*:*:*:*|cpe:2.3:a:siemens:desigo_cc:*:*:*:*:*:*:*:*|cpe:2.3:a:siemens:desigo_cc_compact:*:*:*:*:*:*:*:*|cpe:2.3:a:siemens:wincc_open_architecture:3.16:*:*:*:*:*:*:*|cpe:2.3:a:siemens:wincc_open_architecture:3.17:*:*:*:*:*:*:*|cpe:2.3:a:siemens:wincc_open_architecture:3.18:*:*:*:*:*:*:*,No,Siemens Cerberus DMS and WinCC OA are industrial SCADA/building automation platforms. Same reasoning as CVE-2021-37181 — fails criterion 1 (residential deployment without dedicated security oversight).,Low,No,High,,No,High,,No,High,,complete,No,
vendor_only,CVE-2023-30962,2023-09-12,The Gotham Cerberus service was found to have a stored cross-site scripting (XSS) vulnerability that could have allowed an attacker with access to Gotham to launch attacks against other users. This vulnerability is resolved in Cerberus 100.230704.0-27-g031dd58 .,5.4,3.1,CWE-434|CWE-79,cpe:2.3:a:palantir:gotham_cerberus:*:*:*:*:*:*:*:*,No,,High,No,High,,No,High,,No,High,,complete,No,
vendor_only,CVE-2023-20593,2023-07-24,"An issue in “Zen 2” CPUs, under specific microarchitectural circumstances, may allow an attacker to potentially access sensitive information.",5.5,3.1,CWE-209,cpe:2.3:o:xen:xen:4.14.0:*:*:*:*:*:x86:*|cpe:2.3:o:xen:xen:4.15.0:*:*:*:*:*:x86:*|cpe:2.3:o:xen:xen:4.16.0:*:*:*:*:*:x86:*|cpe:2.3:o:xen:xen:4.17.0:*:*:*:*:*:x86:*|cpe:2.3:o:debian:debian_linux:10.0:*:*:*:*:*:*:*|cpe:2.3:o:debian:debian_linux:11.0:*:*:*:*:*:*:*|cpe:2.3:o:debian:debian_linux:12.0:*:*:*:*:*:*:*|cpe:2.3:o:amd:ryzen_3_3100_firmware:-:*:*:*:*:*:*:*|cpe:2.3:h:amd:ryzen_3_3100:-:*:*:*:*:*:*:*|cpe:2.3:o:amd:ryzen_3_3300x_firmware:-:*:*:*:*:*:*:*|cpe:2.3:h:amd:ryzen_3_3300x:-:*:*:*:*:*:*:*|cpe:2.3:o:amd:ryzen_5_3500_firmware:-:*:*:*:*:*:*:*|cpe:2.3:h:amd:ryzen_5_3500:-:*:*:*:*:*:*:*|cpe:2.3:o:amd:ryzen_5_3500x_firmware:-:*:*:*:*:*:*:*|cpe:2.3:h:amd:ryzen_5_3500x:-:*:*:*:*:*:*:*|cpe:2.3:o:amd:ryzen_5_3600_firmware:-:*:*:*:*:*:*:*|cpe:2.3:h:amd:ryzen_5_3600:-:*:*:*:*:*:*:*|cpe:2.3:o:amd:ryzen_5_3600x_firmware:-:*:*:*:*:*:*:*|cpe:2.3:h:amd:ryzen_5_3600x:-:*:*:*:*:*:*:*|cpe:2.3:o:amd:ryzen_5_3600xt_firmware:-:*:*:*:*:*:*:*|cpe:2.3:h:amd:ryzen_5_3600xt:-:*:*:*:*:*:*:*|cpe:2.3:o:amd:ryzen_7_3700x_firmware:-:*:*:*:*:*:*:*|cpe:2.3:h:amd:ryzen_7_3700x:-:*:*:*:*:*:*:*|cpe:2.3:o:amd:ryzen_7_3800x_firmware:-:*:*:*:*:*:*:*|cpe:2.3:h:amd:ryzen_7_3800x:-:*:*:*:*:*:*:*|cpe:2.3:o:amd:ryzen_7_3800xt_firmware:-:*:*:*:*:*:*:*|cpe:2.3:h:amd:ryzen_7_3800xt:-:*:*:*:*:*:*:*|cpe:2.3:o:amd:ryzen_9_3900_firmware:-:*:*:*:*:*:*:*|cpe:2.3:h:amd:ryzen_9_3900:-:*:*:*:*:*:*:*|cpe:2.3:o:amd:ryzen_9_3900x_firmware:-:*:*:*:*:*:*:*|cpe:2.3:h:amd:ryzen_9_3900x:-:*:*:*:*:*:*:*|cpe:2.3:o:amd:ryzen_9_3900xt_firmware:-:*:*:*:*:*:*:*|cpe:2.3:h:amd:ryzen_9_3900xt:-:*:*:*:*:*:*:*|cpe:2.3:o:amd:ryzen_9_3950x_firmware:-:*:*:*:*:*:*:*|cpe:2.3:h:amd:ryzen_9_3950x:-:*:*:*:*:*:*:*|cpe:2.3:o:amd:ryzen_9_pro_3900_firmware:-:*:*:*:*:*:*:*|cpe:2.3:h:amd:ryzen_9_pro_3900:-:*:*:*:*:*:*:*|cpe:2.3:o:amd:ryzen_threadripper_pro_3995wx_firmware:-:*:*:*:*:*:*:*|cpe:2.3:h:amd:ryzen_threadripper_pro_3995wx:-:*:*:*:*:*:*:*|cpe:2.3:o:amd:ryzen_threadripper_pro_3975wx_firmware:-:*:*:*:*:*:*:*|cpe:2.3:h:amd:ryzen_threadripper_pro_3975wx:-:*:*:*:*:*:*:*|cpe:2.3:o:amd:ryzen_threadripper_pro_3955wx_firmware:-:*:*:*:*:*:*:*|cpe:2.3:h:amd:ryzen_threadripper_pro_3955wx:-:*:*:*:*:*:*:*|cpe:2.3:o:amd:ryzen_threadripper_pro_3945wx_firmware:-:*:*:*:*:*:*:*|cpe:2.3:h:amd:ryzen_threadripper_pro_3945wx:-:*:*:*:*:*:*:*|cpe:2.3:o:amd:ryzen_threadripper_3990x_firmware:-:*:*:*:*:*:*:*|cpe:2.3:h:amd:ryzen_threadripper_3990x:-:*:*:*:*:*:*:*|cpe:2.3:o:amd:ryzen_threadripper_3970x_firmware:-:*:*:*:*:*:*:*|cpe:2.3:h:amd:ryzen_threadripper_3970x:-:*:*:*:*:*:*:*|cpe:2.3:o:amd:ryzen_threadripper_3960x_firmware:-:*:*:*:*:*:*:*|cpe:2.3:h:amd:ryzen_threadripper_3960x:-:*:*:*:*:*:*:*|cpe:2.3:o:amd:ryzen_7_4700g_firmware:-:*:*:*:*:*:*:*|cpe:2.3:h:amd:ryzen_7_4700g:-:*:*:*:*:*:*:*|cpe:2.3:o:amd:ryzen_7_4700ge_firmware:-:*:*:*:*:*:*:*|cpe:2.3:h:amd:ryzen_7_4700ge:-:*:*:*:*:*:*:*|cpe:2.3:o:amd:ryzen_5_4600g_firmware:-:*:*:*:*:*:*:*|cpe:2.3:h:amd:ryzen_5_4600g:-:*:*:*:*:*:*:*|cpe:2.3:o:amd:ryzen_5_4600ge_firmware:-:*:*:*:*:*:*:*|cpe:2.3:h:amd:ryzen_5_4600ge:-:*:*:*:*:*:*:*|cpe:2.3:o:amd:ryzen_3_4300g_firmware:-:*:*:*:*:*:*:*|cpe:2.3:h:amd:ryzen_3_4300g:-:*:*:*:*:*:*:*|cpe:2.3:o:amd:ryzen_3_4300ge_firmware:-:*:*:*:*:*:*:*|cpe:2.3:h:amd:ryzen_3_4300ge:-:*:*:*:*:*:*:*|cpe:2.3:o:amd:ryzen_3_pro_4450u_firmware:-:*:*:*:*:*:*:*|cpe:2.3:h:amd:ryzen_3_pro_4450u:-:*:*:*:*:*:*:*|cpe:2.3:o:amd:ryzen_3_pro_4350ge_firmware:-:*:*:*:*:*:*:*|cpe:2.3:h:amd:ryzen_3_pro_4350ge:-:*:*:*:*:*:*:*|cpe:2.3:o:amd:ryzen_3_pro_4350g_firmware:-:*:*:*:*:*:*:*|cpe:2.3:h:amd:ryzen_3_pro_4350g:-:*:*:*:*:*:*:*|cpe:2.3:o:amd:ryzen_3_pro_4200g_firmware:-:*:*:*:*:*:*:*|cpe:2.3:h:amd:ryzen_3_pro_4200g:-:*:*:*:*:*:*:*|cpe:2.3:o:amd:ryzen_5_pro_4650ge_firmware:-:*:*:*:*:*:*:*|cpe:2.3:h:amd:ryzen_5_pro_4650ge:-:*:*:*:*:*:*:*|cpe:2.3:o:amd:ryzen_5_pro_4650g_firmware:-:*:*:*:*:*:*:*|cpe:2.3:h:amd:ryzen_5_pro_4650g:-:*:*:*:*:*:*:*|cpe:2.3:o:amd:ryzen_5_pro_4400g_firmware:-:*:*:*:*:*:*:*|cpe:2.3:h:amd:ryzen_5_pro_4400g:-:*:*:*:*:*:*:*|cpe:2.3:o:amd:ryzen_7_pro_4750u_firmware:-:*:*:*:*:*:*:*|cpe:2.3:h:amd:ryzen_7_pro_4750u:-:*:*:*:*:*:*:*|cpe:2.3:o:amd:ryzen_7_pro_4750ge_firmware:-:*:*:*:*:*:*:*|cpe:2.3:h:amd:ryzen_7_pro_4750ge:-:*:*:*:*:*:*:*|cpe:2.3:o:amd:ryzen_7_pro_4750g_firmware:-:*:*:*:*:*:*:*|cpe:2.3:h:amd:ryzen_7_pro_4750g:-:*:*:*:*:*:*:*|cpe:2.3:o:amd:ryzen_7_5700u_firmware:-:*:*:*:*:*:*:*|cpe:2.3:h:amd:ryzen_7_5700u:-:*:*:*:*:*:*:*|cpe:2.3:o:amd:ryzen_5_5500u_firmware:-:*:*:*:*:*:*:*|cpe:2.3:h:amd:ryzen_5_5500u:-:*:*:*:*:*:*:*|cpe:2.3:o:amd:ryzen_3_5300u_firmware:-:*:*:*:*:*:*:*|cpe:2.3:h:amd:ryzen_3_5300u:-:*:*:*:*:*:*:*|cpe:2.3:o:amd:ryzen_5_7520u_firmware:-:*:*:*:*:*:*:*|cpe:2.3:h:amd:ryzen_5_7520u:-:*:*:*:*:*:*:*|cpe:2.3:o:amd:ryzen_3_7320u_firmware:-:*:*:*:*:*:*:*|cpe:2.3:h:amd:ryzen_3_7320u:-:*:*:*:*:*:*:*|cpe:2.3:o:amd:athlon_gold_7220u_firmware:-:*:*:*:*:*:*:*|cpe:2.3:h:amd:athlon_gold_7220u:-:*:*:*:*:*:*:*|cpe:2.3:o:amd:epyc_7232p_firmware:-:*:*:*:*:*:*:*|cpe:2.3:h:amd:epyc_7232p:-:*:*:*:*:*:*:*|cpe:2.3:o:amd:epyc_7302p_firmware:-:*:*:*:*:*:*:*|cpe:2.3:h:amd:epyc_7302p:-:*:*:*:*:*:*:*|cpe:2.3:o:amd:epyc_7402p_firmware:-:*:*:*:*:*:*:*|cpe:2.3:h:amd:epyc_7402p:-:*:*:*:*:*:*:*|cpe:2.3:o:amd:epyc_7502p_firmware:-:*:*:*:*:*:*:*|cpe:2.3:h:amd:epyc_7502p:-:*:*:*:*:*:*:*|cpe:2.3:o:amd:epyc_7702p_firmware:-:*:*:*:*:*:*:*|cpe:2.3:h:amd:epyc_7702p:-:*:*:*:*:*:*:*|cpe:2.3:o:amd:epyc_7252_firmware:-:*:*:*:*:*:*:*|cpe:2.3:h:amd:epyc_7252:-:*:*:*:*:*:*:*|cpe:2.3:o:amd:epyc_7262_firmware:-:*:*:*:*:*:*:*|cpe:2.3:h:amd:epyc_7262:-:*:*:*:*:*:*:*|cpe:2.3:o:amd:epyc_7272_firmware:-:*:*:*:*:*:*:*|cpe:2.3:h:amd:epyc_7272:-:*:*:*:*:*:*:*|cpe:2.3:o:amd:epyc_7282_firmware:-:*:*:*:*:*:*:*|cpe:2.3:h:amd:epyc_7282:-:*:*:*:*:*:*:*|cpe:2.3:o:amd:epyc_7302_firmware:-:*:*:*:*:*:*:*|cpe:2.3:h:amd:epyc_7302:-:*:*:*:*:*:*:*|cpe:2.3:o:amd:epyc_7352_firmware:-:*:*:*:*:*:*:*|cpe:2.3:h:amd:epyc_7352:-:*:*:*:*:*:*:*|cpe:2.3:o:amd:epyc_7402_firmware:-:*:*:*:*:*:*:*|cpe:2.3:h:amd:epyc_7402:-:*:*:*:*:*:*:*|cpe:2.3:o:amd:epyc_7452_firmware:-:*:*:*:*:*:*:*|cpe:2.3:h:amd:epyc_7452:-:*:*:*:*:*:*:*|cpe:2.3:o:amd:epyc_7502_firmware:-:*:*:*:*:*:*:*|cpe:2.3:h:amd:epyc_7502:-:*:*:*:*:*:*:*|cpe:2.3:o:amd:epyc_7532_firmware:-:*:*:*:*:*:*:*|cpe:2.3:h:amd:epyc_7532:-:*:*:*:*:*:*:*|cpe:2.3:o:amd:epyc_7542_firmware:-:*:*:*:*:*:*:*|cpe:2.3:h:amd:epyc_7542:-:*:*:*:*:*:*:*|cpe:2.3:o:amd:epyc_7552_firmware:-:*:*:*:*:*:*:*|cpe:2.3:h:amd:epyc_7552:-:*:*:*:*:*:*:*|cpe:2.3:o:amd:epyc_7642_firmware:-:*:*:*:*:*:*:*|cpe:2.3:h:amd:epyc_7642:-:*:*:*:*:*:*:*|cpe:2.3:o:amd:epyc_7662_firmware:-:*:*:*:*:*:*:*|cpe:2.3:h:amd:epyc_7662:-:*:*:*:*:*:*:*|cpe:2.3:o:amd:epyc_7702_firmware:-:*:*:*:*:*:*:*|cpe:2.3:h:amd:epyc_7702:-:*:*:*:*:*:*:*|cpe:2.3:o:amd:epyc_7742_firmware:-:*:*:*:*:*:*:*|cpe:2.3:h:amd:epyc_7742:-:*:*:*:*:*:*:*|cpe:2.3:o:amd:epyc_7h12_firmware:-:*:*:*:*:*:*:*|cpe:2.3:h:amd:epyc_7h12:-:*:*:*:*:*:*:*|cpe:2.3:o:amd:epyc_7f32_firmware:-:*:*:*:*:*:*:*|cpe:2.3:h:amd:epyc_7f32:-:*:*:*:*:*:*:*|cpe:2.3:o:amd:epyc_7f52_firmware:-:*:*:*:*:*:*:*|cpe:2.3:h:amd:epyc_7f52:-:*:*:*:*:*:*:*|cpe:2.3:o:amd:epyc_7f72_firmware:-:*:*:*:*:*:*:*|cpe:2.3:h:amd:epyc_7f72:-:*:*:*:*:*:*:*,No,,High,No,High,,No,High,,No,High,,complete,No,
vendor_only,CVE-2024-42642,2024-09-04,"Micron Crucial MX500 Series Solid State Drives M3CR046 is vulnerable to Buffer Overflow, which can be triggered by sending specially crafted ATA packets from the host to the drive controller. NOTE: The supplier states that this vulnerability was fully remediated in December 2024 and that updated firmware is available through Crucial’s official support page.",6.7,3.1,CWE-787|CWE-120,cpe:2.3:o:crucial:mx500_firmware:m3cr046:*:*:*:*:*:*:*|cpe:2.3:h:crucial:ct1000mx500ssd1:-:*:*:*:*:*:*:*|cpe:2.3:h:crucial:ct2000mx500ssd1:-:*:*:*:*:*:*:*|cpe:2.3:h:crucial:ct250mx500ssd1:-:*:*:*:*:*:*:*|cpe:2.3:h:crucial:ct4000mx500ssd1:-:*:*:*:*:*:*:*|cpe:2.3:h:crucial:ct500mx500ssd1:-:*:*:*:*:*:*:*,No,,High,No,High,,No,High,,No,High,,complete,No,
vendor_only,CVE-2024-0397,2024-06-17,"A defect was discovered in the Python “ssl” module where there is a memory
race condition with the ssl.SSLContext methods “cert_store_stats()” and
“get_ca_certs()”. The race condition can be triggered if the methods are
called at the same time as certificates are loaded into the SSLContext,
such as during the TLS handshake with a certificate directory configured.
This issue is fixed in CPython 3.10.14, 3.11.9, 3.12.3, and 3.13.0a5.",7.4,3.1,CWE-362,,No,,High,No,High,,No,High,,No,High,,complete,No,
vendor_only,CVE-2024-5052,2024-05-17,"Denial of Service (DoS) vulnerability for Cerberus Enterprise 8.0.10.3 web administration. The vulnerability exists when the web server, default port 10001, attempts to process a large number of incomplete HTTP requests.",7.5,3.1,CWE-400,,No,,High,No,High,,No,High,,No,High,,complete,No,
vendor_only,CVE-2024-1630,2024-05-14,"Path traversal vulnerability in “getAllFolderContents” function of Common Service Desktop, a GE HealthCare ultrasound device component",7.7,3.1,CWE-22,,No,,High,No,High,,No,High,,No,High,,complete,No,
vendor_only,CVE-2024-22039,2024-03-12,"A vulnerability has been identified in Cerberus PRO EN Engineering Tool (All versions < IP8), Cerberus PRO EN Fire Panel FC72x IP6 (All versions < IP6 SR3), Cerberus PRO EN Fire Panel FC72x IP7 (All versions < IP7 SR5), Cerberus PRO EN X200 Cloud Distribution IP7 (All versions < V3.0.6602), Cerberus PRO EN X200 Cloud Distribution IP8 (All versions < V4.0.5016), Cerberus PRO EN X300 Cloud Distribution IP7 (All versions < V3.2.6601), Cerberus PRO EN X300 Cloud Distribution IP8 (All versions < V4.2.5015), Cerberus PRO UL Compact Panel FC922/924 (All versions < MP4), Cerberus PRO UL Engineering Tool (All versions < MP4), Cerberus PRO UL X300 Cloud Distribution (All versions < V4.3.0001), Desigo Fire Safety UL Compact Panel FC2025/2050 (All versions < MP4), Desigo Fire Safety UL Engineering Tool (All versions < MP4), Desigo Fire Safety UL X300 Cloud Distribution (All versions < V4.3.0001), Sinteso FS20 EN Engineering Tool (All versions < MP8), Sinteso FS20 EN Fire Panel FC20 MP6 (All versions < MP6 SR3), Sinteso FS20 EN Fire Panel FC20 MP7 (All versions < MP7 SR5), Sinteso FS20 EN X200 Cloud Distribution MP7 (All versions < V3.0.6602), Sinteso FS20 EN X200 Cloud Distribution MP8 (All versions < V4.0.5016), Sinteso FS20 EN X300 Cloud Distribution MP7 (All versions < V3.2.6601), Sinteso FS20 EN X300 Cloud Distribution MP8 (All versions < V4.2.5015), Sinteso Mobile (All versions < V3.0.0). The network communication library in affected systems does not validate the length of certain X.509 certificate attributes which might result in a stack-based buffer overflow.
This could allow an unauthenticated remote attacker to execute code on the underlying operating system with root privileges.",9.8,3.1,CWE-120,cpe:2.3:a:siemens:cerberus_pro_en_engineering_tool:*:*:*:*:*:*:*:*|cpe:2.3:a:siemens:cerberus_pro_en_fire_panel_fc72x:*:*:*:*:*:*:*:*|cpe:2.3:a:siemens:cerberus_pro_en_x200_cloud_distribution:*:*:*:*:*:*:*:*|cpe:2.3:a:siemens:cerberus_pro_en_x300_cloud_distribution:*:*:*:*:*:*:*:*|cpe:2.3:a:siemens:sinteso_fs20_en_engineering_tool:*:*:*:*:*:*:*:*|cpe:2.3:a:siemens:sinteso_fs20_en_fire_panel_fc20:*:*:*:*:*:*:*:*|cpe:2.3:a:siemens:sinteso_fs20_en_x200_cloud_distribution:*:*:*:*:*:*:*:*|cpe:2.3:a:siemens:sinteso_fs20_en_x300_cloud_distribution:*:*:*:*:*:*:*:*|cpe:2.3:a:siemens:sinteso_mobile:*:*:*:*:*:*:*:*,Maybe,Siemens Cerberus PRO EN is a professional fire detection system primarily deployed in commercial buildings. Residential fire panels do exist but this is an enterprise-grade product line. CPE confirms Siemens commercial product — not typical home IoT.,Low,No,High,,No,High,,No,High,,complete,No,
vendor_only,CVE-2024-22040,2024-03-12,"A vulnerability has been identified in Cerberus PRO EN Engineering Tool (All versions), Cerberus PRO EN Fire Panel FC72x IP6 (All versions), Cerberus PRO EN Fire Panel FC72x IP7 (All versions), Cerberus PRO EN Fire Panel FC72x IP8 (All versions < IP8 SR4), Cerberus PRO EN X200 Cloud Distribution IP7 (All versions), Cerberus PRO EN X200 Cloud Distribution IP8 (All versions < V4.3.5618), Cerberus PRO EN X300 Cloud Distribution IP7 (All versions), Cerberus PRO EN X300 Cloud Distribution IP8 (All versions < V4.3.5617), Cerberus PRO UL Compact Panel FC922/924 (All versions < MP4), Cerberus PRO UL Engineering Tool (All versions < MP4), Cerberus PRO UL X300 Cloud Distribution (All versions < V4.3.0001), Desigo Fire Safety UL Compact Panel FC2025/2050 (All versions < MP4), Desigo Fire Safety UL Engineering Tool (All versions < MP4), Desigo Fire Safety UL X300 Cloud Distribution (All versions < V4.3.0001), Sinteso FS20 EN Engineering Tool (All versions), Sinteso FS20 EN Fire Panel FC20 MP6 (All versions), Sinteso FS20 EN Fire Panel FC20 MP7 (All versions), Sinteso FS20 EN Fire Panel FC20 MP8 (All versions < MP8 SR4), Sinteso FS20 EN X200 Cloud Distribution MP7 (All versions), Sinteso FS20 EN X200 Cloud Distribution MP8 (All versions < V4.3.5618), Sinteso FS20 EN X300 Cloud Distribution MP7 (All versions), Sinteso FS20 EN X300 Cloud Distribution MP8 (All versions < V4.3.5617), Sinteso Mobile (All versions). The network communication library in affected systems insufficiently validates HMAC values which might result in a buffer overread.
This could allow an unauthenticated remote attacker to crash the network service.",7.5,3.1,CWE-125,,Maybe,Same as CVE-2024-22039 — Siemens Cerberus PRO EN commercial fire detection system. No CPE string available to further confirm device context.,Low,No,High,,No,High,,No,High,,complete,No,
vendor_only,CVE-2024-22041,2024-03-12,"A vulnerability has been identified in Cerberus PRO EN Engineering Tool (All versions), Cerberus PRO EN Fire Panel FC72x IP6 (All versions), Cerberus PRO EN Fire Panel FC72x IP7 (All versions), Cerberus PRO EN Fire Panel FC72x IP8 (All versions < IP8 SR4), Cerberus PRO EN X200 Cloud Distribution IP7 (All versions), Cerberus PRO EN X200 Cloud Distribution IP8 (All versions < V4.3.5618), Cerberus PRO EN X300 Cloud Distribution IP7 (All versions), Cerberus PRO EN X300 Cloud Distribution IP8 (All versions < V4.3.5617), Cerberus PRO UL Compact Panel FC922/924 (All versions < MP4), Cerberus PRO UL Engineering Tool (All versions < MP4), Cerberus PRO UL X300 Cloud Distribution (All versions < V4.3.0001), Desigo Fire Safety UL Compact Panel FC2025/2050 (All versions < MP4), Desigo Fire Safety UL Engineering Tool (All versions < MP4), Desigo Fire Safety UL X300 Cloud Distribution (All versions < V4.3.0001), Sinteso FS20 EN Engineering Tool (All versions), Sinteso FS20 EN Fire Panel FC20 MP6 (All versions), Sinteso FS20 EN Fire Panel FC20 MP7 (All versions), Sinteso FS20 EN Fire Panel FC20 MP8 (All versions < MP8 SR4), Sinteso FS20 EN X200 Cloud Distribution MP7 (All versions), Sinteso FS20 EN X200 Cloud Distribution MP8 (All versions < V4.3.5618), Sinteso FS20 EN X300 Cloud Distribution MP7 (All versions), Sinteso FS20 EN X300 Cloud Distribution MP8 (All versions < V4.3.5617), Sinteso Mobile (All versions). The network communication library in affected systems improperly handles memory buffers when parsing X.509 certificates.
This could allow an unauthenticated remote attacker to crash the network service.",7.5,3.1,CWE-119,,Maybe,Same as CVE-2024-22039 — Siemens Cerberus PRO EN commercial fire detection system. No CPE string available.,Low,No,High,,No,High,,No,High,,complete,No,
vendor_only,CVE-2025-67124,2026-01-23,"A TOCTOU and symlink race in svenstaro/miniserve 0.32.0 upload finalization (when uploads are enabled) can allow an attacker to overwrite arbitrary files outside the intended upload/document root in deployments where the attacker can create/replace filesystem entries in the upload destination directory (e.g., shared writable directory/volume).",6.8,3.1,CWE-59|CWE-367,cpe:2.3:a:svenstaro:miniserve:0.32.0:*:*:*:*:*:*:*,No,,High,No,High,,No,High,,No,High,,complete,No,
vendor_only,CVE-2025-7718,2025-09-10,"The Resideo Plugin for Resideo - Real Estate WordPress Theme plugin for WordPress is vulnerable to privilege escalation via account takeover in all versions up to, and including, 2.5.4. This is due to the plugin not properly validating a user's identity prior to updating their details like email. This makes it possible for authenticated attackers, with Subscriber-level access and above, to change arbitrary user's email addresses, including administrators, and leverage that to reset the user's password and gain access to their account.",8.8,3.1,CWE-639,,No,,High,No,Low,"The name coincides with Resideo (Honeywell Home) thermostats, but this CVE is in a 'Resideo' real-estate WordPress theme plugin - a web theme unrelated to any thermostat device.",No,High,,No,High,,complete,No,
vendor_only,CVE-2026-23634,2026-01-16,"Pepr is a type safe K8s middleware. Prior to 1.0.5 , Pepr defaults to a cluster-admin RBAC configuration and does not explicitly force or enforce least-privilege guidance for module authors. The default behavior exists to make the “getting started” experience smooth: new users can experiment with Pepr and create resources dynamically without needing to pre-configure RBAC. This vulnerability is fixed in 1.0.5.",4.3,3.1,CWE-272,cpe:2.3:a:defenseunicorns:pepr:*:*:*:*:*:*:*:*,No,,High,No,High,,No,High,,No,High,,complete,No,
