Difference Type,cve_id,published,description,cvss_score,cvss_version,cwe_ids,cpe_strings,Codex Judgment,Codex Confidence,Codex Reasoning
vendor_only,CVE-2016-10115,2017-01-04,"NETGEAR Arlo base stations with firmware 1.7.5_6178 and earlier, Arlo Q devices with firmware 1.8.0_5551 and earlier, and Arlo Q Plus devices with firmware 1.8.1_6094 and earlier have a default password of 12345678, which makes it easier for remote attackers to obtain access after a factory reset or in a factory configuration.",9.8,3.0,CWE-798,cpe:2.3:o:netgear:arlo_base_station_firmware:*:*:*:*:*:*:*:*|cpe:2.3:h:netgear:vmb30x0:-:*:*:*:*:*:*:*|cpe:2.3:h:netgear:vmk3xx0:-:*:*:*:*:*:*:*|cpe:2.3:h:netgear:vms3xx0:-:*:*:*:*:*:*:*|cpe:2.3:o:netgear:arlo_q_camera_firmware:*:*:*:*:*:*:*:*|cpe:2.3:h:netgear:vmc3040:-:*:*:*:*:*:*:*|cpe:2.3:o:netgear:arlo_q_plus_camera_firmware:*:*:*:*:*:*:*:*|cpe:2.3:h:netgear:vmc3040s:-:*:*:*:*:*:*:*,No,High,
vendor_only,CVE-2016-10116,2017-01-04,"NETGEAR Arlo base stations with firmware 1.7.5_6178 and earlier, Arlo Q devices with firmware 1.8.0_5551 and earlier, and Arlo Q Plus devices with firmware 1.8.1_6094 and earlier use a pattern of adjective, noun, and three-digit number for the customized password, which makes it easier for remote attackers to obtain access via a dictionary attack.",8.1,3.0,CWE-264,cpe:2.3:o:netgear:arlo_base_station_firmware:*:*:*:*:*:*:*:*|cpe:2.3:h:netgear:vmb30x0:-:*:*:*:*:*:*:*|cpe:2.3:h:netgear:vmk3xx0:-:*:*:*:*:*:*:*|cpe:2.3:h:netgear:vms3xx0:-:*:*:*:*:*:*:*|cpe:2.3:o:netgear:arlo_q_camera_firmware:*:*:*:*:*:*:*:*|cpe:2.3:h:netgear:vmc3040:-:*:*:*:*:*:*:*|cpe:2.3:o:netgear:arlo_q_plus_camera_firmware:*:*:*:*:*:*:*:*|cpe:2.3:h:netgear:vmc3040s:-:*:*:*:*:*:*:*,No,High,
vendor_only,CVE-2018-11399,2018-05-24,"SimpliSafe Original has Unencrypted Sensor Transmissions, which allows physically proximate attackers to obtain potentially sensitive information about the specific times when alarm-system events occur.",4.3,3.0,CWE-319,cpe:2.3:o:simplisafe:u9k-es1000_firmware:-:*:*:*:*:*:*:*|cpe:2.3:h:simplisafe:u9k-es1000:-:*:*:*:*:*:*:*|cpe:2.3:o:simplisafe:u9k-kr1_firmware:-:*:*:*:*:*:*:*|cpe:2.3:h:simplisafe:u9k-kr1:-:*:*:*:*:*:*:*|cpe:2.3:o:simplisafe:u9k-ms1000_firmware:-:*:*:*:*:*:*:*|cpe:2.3:h:simplisafe:u9k-ms1000:-:*:*:*:*:*:*:*|cpe:2.3:o:simplisafe:u9k-wt1000_firmware:-:*:*:*:*:*:*:*|cpe:2.3:h:simplisafe:u9k-wt1000:-:*:*:*:*:*:*:*,Yes,High,
vendor_only,CVE-2018-11400,2018-05-24,"In SimpliSafe Original, the Base Station fails to detect tamper attempts: it does not send a notification if a physically proximate attacker removes the battery and external power.",4.6,3.0,,cpe:2.3:o:simplisafe:u9k-bs1000_firmware:-:*:*:*:*:*:*:*|cpe:2.3:h:simplisafe:u9k-bs1000:-:*:*:*:*:*:*:*,Yes,High,
vendor_only,CVE-2018-11401,2018-05-24,"In SimpliSafe Original, RF Interference (e.g., an extremely strong 433.92 MHz signal) by a physically proximate attacker does not cause a notification.",4.6,3.0,,cpe:2.3:o:simplisafe:u9k-bs1000_firmware:-:*:*:*:*:*:*:*|cpe:2.3:h:simplisafe:u9k-bs1000:-:*:*:*:*:*:*:*,Yes,High,
vendor_only,CVE-2018-11402,2018-05-24,"SimpliSafe Original has Unencrypted Keypad Transmissions, which allows physically proximate attackers to discover the PIN.",6.6,3.0,CWE-319,cpe:2.3:o:simplisafe:u9k-kp1000_firmware:-:*:*:*:*:*:*:*|cpe:2.3:h:simplisafe:u9k-kp1000:-:*:*:*:*:*:*:*,Yes,High,
vendor_only,CVE-2018-12073,2018-06-17,"An issue was discovered on Eminent EM4544 9.10 devices. The device does not require the user's current password to set a new one within the web interface. Therefore, it is possible to exploit this issue (e.g., in combination with a successful XSS, or at an unattended workstation) to change the admin password to an attacker-chosen value without knowing the current password.",5.3,3.0,CWE-79,cpe:2.3:a:eminent-online:em4544:9.10:*:*:*:*:*:*:*,Yes,High,
vendor_only,CVE-2015-9263,2018-08-27,"An issue was discovered in post2file.php in Up.Time Monitoring Station 7.5.0 (build 16) and 7.4.0 (build 13). It allows an attacker to upload an arbitrary file, such as a .php file that can execute arbitrary OS commands.",9.8,3.0,CWE-434,cpe:2.3:a:idera:uptime_infrastructure_monitor:7.4.0:*:*:*:*:*:*:*|cpe:2.3:a:idera:uptime_infrastructure_monitor:7.5.0:*:*:*:*:*:*:*,No,High,
vendor_only,CVE-2018-19588,2019-07-11,Alarm.com ADC-V522IR 0100b9 devices have Incorrect Access Control.,7.2,3.0,CWE-284,cpe:2.3:o:alarm:adc-v522ir_firmware:0100b9:*:*:*:*:*:*:*|cpe:2.3:h:alarm:adc-v522ir:-:*:*:*:*:*:*:*,No,High,
vendor_only,CVE-2019-9657,2019-07-11,"Alarm.com ADC-V522IR 0100b9 devices have Incorrect Access Control, a different issue than CVE-2018-19588. This occurs because of incorrect protection of VPN certificates (used for initiating a VPN session to the Alarm.com infrastructure) on the local camera device.",7.8,3.0,CWE-522,cpe:2.3:o:alarm:adc-v522ir_firmware:0100b9:*:*:*:*:*:*:*|cpe:2.3:h:alarm:adc-v522ir:-:*:*:*:*:*:*:*,No,High,
vendor_only,CVE-2019-3997,2020-01-16,"Authentication bypass using an alternate path or channel in SimpliSafe SS3 firmware 1.0-1.3 allows a local, unauthenticated attacker to pair a rogue keypad to an armed system.",4.6,3.1,CWE-287,cpe:2.3:o:simplisafe:ss3_firmware:*:*:*:*:*:*:*:*|cpe:2.3:h:simplisafe:ss3:-:*:*:*:*:*:*:*,Yes,High,
vendor_only,CVE-2023-1748,2023-04-04,The listed versions of Nexx Smart Home devices use hard-coded credentials. An attacker with unauthenticated access to the Nexx Home mobile application or the affected firmware could view the credentials and access the MQ Telemetry Server (MQTT) server and the ability to remotely control garage doors or smart plugs for any customer.,10.0,3.1,CWE-798,cpe:2.3:o:getnexx:nxal-100_firmware:*:*:*:*:*:*:*:*|cpe:2.3:h:getnexx:nxal-100:-:*:*:*:*:*:*:*|cpe:2.3:o:getnexx:nxg-100b_firmware:*:*:*:*:*:*:*:*|cpe:2.3:h:getnexx:nxg-100b:-:*:*:*:*:*:*:*|cpe:2.3:o:getnexx:nxpg-100w_firmware:*:*:*:*:*:*:*:*|cpe:2.3:h:getnexx:nxpg-100w:-:*:*:*:*:*:*:*|cpe:2.3:o:getnexx:nxg-200_firmware:*:*:*:*:*:*:*:*|cpe:2.3:h:getnexx:nxg-200:-:*:*:*:*:*:*:*,No,High,
vendor_only,CVE-2023-1749,2023-04-04,The listed versions of Nexx Smart Home devices lack proper access control when executing actions. An attacker with a valid NexxHome deviceId could send API requests that the affected devices would execute.,6.5,3.1,CWE-639,cpe:2.3:o:getnexx:nxal-100_firmware:*:*:*:*:*:*:*:*|cpe:2.3:h:getnexx:nxal-100:-:*:*:*:*:*:*:*|cpe:2.3:o:getnexx:nxg-100b_firmware:*:*:*:*:*:*:*:*|cpe:2.3:h:getnexx:nxg-100b:-:*:*:*:*:*:*:*|cpe:2.3:o:getnexx:nxpg-100w_firmware:*:*:*:*:*:*:*:*|cpe:2.3:h:getnexx:nxpg-100w:-:*:*:*:*:*:*:*|cpe:2.3:o:getnexx:nxg-200_firmware:*:*:*:*:*:*:*:*|cpe:2.3:h:getnexx:nxg-200:-:*:*:*:*:*:*:*,No,High,
vendor_only,CVE-2023-1750,2023-04-04,"The listed versions of Nexx Smart Home devices lack proper access control when executing actions. An attacker with a valid NexxHome deviceId could retrieve device history, set device settings, and retrieve device information.",7.1,3.1,CWE-639,cpe:2.3:o:getnexx:nxal-100_firmware:*:*:*:*:*:*:*:*|cpe:2.3:h:getnexx:nxal-100:-:*:*:*:*:*:*:*|cpe:2.3:o:getnexx:nxg-100b_firmware:*:*:*:*:*:*:*:*|cpe:2.3:h:getnexx:nxg-100b:-:*:*:*:*:*:*:*|cpe:2.3:o:getnexx:nxpg-100w_firmware:*:*:*:*:*:*:*:*|cpe:2.3:h:getnexx:nxpg-100w:-:*:*:*:*:*:*:*|cpe:2.3:o:getnexx:nxg-200_firmware:*:*:*:*:*:*:*:*|cpe:2.3:h:getnexx:nxg-200:-:*:*:*:*:*:*:*,No,High,
vendor_only,CVE-2023-1751,2023-04-04,The listed versions of Nexx Smart Home devices use a WebSocket server that does not validate if the bearer token in the Authorization header belongs to the device attempting to associate. This could allow any authorized user to receive alarm information and signals meant for other devices which leak a deviceId.,5.3,3.1,,cpe:2.3:o:getnexx:nxal-100_firmware:*:*:*:*:*:*:*:*|cpe:2.3:h:getnexx:nxal-100:-:*:*:*:*:*:*:*|cpe:2.3:o:getnexx:nxg-100b_firmware:*:*:*:*:*:*:*:*|cpe:2.3:h:getnexx:nxg-100b:-:*:*:*:*:*:*:*|cpe:2.3:o:getnexx:nxpg-100w_firmware:*:*:*:*:*:*:*:*|cpe:2.3:h:getnexx:nxpg-100w:-:*:*:*:*:*:*:*|cpe:2.3:o:getnexx:nxg-200_firmware:*:*:*:*:*:*:*:*|cpe:2.3:h:getnexx:nxg-200:-:*:*:*:*:*:*:*,No,High,
vendor_only,CVE-2023-1752,2023-04-04,The listed versions of Nexx Smart Home devices could allow any user to register an already registered alarm or associated device with only the device’s MAC address.,4.3,3.1,CWE-287,cpe:2.3:o:getnexx:nxal-100_firmware:*:*:*:*:*:*:*:*|cpe:2.3:h:getnexx:nxal-100:-:*:*:*:*:*:*:*|cpe:2.3:o:getnexx:nxg-100b_firmware:*:*:*:*:*:*:*:*|cpe:2.3:h:getnexx:nxg-100b:-:*:*:*:*:*:*:*|cpe:2.3:o:getnexx:nxpg-100w_firmware:*:*:*:*:*:*:*:*|cpe:2.3:h:getnexx:nxpg-100w:-:*:*:*:*:*:*:*|cpe:2.3:o:getnexx:nxg-200_firmware:*:*:*:*:*:*:*:*|cpe:2.3:h:getnexx:nxg-200:-:*:*:*:*:*:*:*,No,High,
vendor_only,CVE-2023-31761,2023-05-24,Weak security in the transmitter of Blitzwolf BW-IS22 Smart Home Security Alarm v1.0 allows attackers to gain full access to the system via a code replay attack.,7.5,3.1,CWE-294,cpe:2.3:o:blitzwolf:bw-is22_firmware:1.0:*:*:*:*:*:*:*|cpe:2.3:h:blitzwolf:bw-is22:-:*:*:*:*:*:*:*,Yes,High,
vendor_only,CVE-2015-6032,2015-10-31,"Qolsys IQ Panel (aka QOL) before 1.5.1 has hardcoded cryptographic keys, which allows remote attackers to create digital signatures for code by leveraging knowledge of a key from a different installation.",9.3,2.0,CWE-255,cpe:2.3:a:qolsys:iq_panel:*:*:*:*:*:android:*:*,Yes,High,
vendor_only,CVE-2015-6033,2015-10-31,"Qolsys IQ Panel (aka QOL) before 1.5.1 does not verify the digital signatures of software updates, which allows man-in-the-middle attackers to bypass intended access restrictions via a modified update.",9.3,2.0,CWE-310,cpe:2.3:a:qolsys:iq_panel:*:*:*:*:*:android:*:*,Yes,High,
vendor_only,CVE-2017-9475,2017-07-31,Comcast XFINITY WiFi Home Hotspot devices allow remote attackers to spoof the identities of Comcast customers via a forged MAC address.,5.9,3.0,CWE-287,cpe:2.3:a:comcast:xfinity_wifi_hotspot:-:*:*:*:*:*:*:*,No,High,
vendor_only,CVE-2017-9657,2018-04-30,"Under specific 802.11 network conditions, a partial re-association of the Philips IntelliVue MX40 Version B.06.18 WLAN monitor to the central monitoring station is possible. In this state, the central monitoring station can indicate the MX40 is not connected or associated to the central monitor, and thus should be operating in local monitoring mode (local audio-on, screen-on), but the MX40 WLAN itself can instead still be operating in telemetry mode (local audio-off, screen-off). If a patient experiences an alarm event and clinical staff expects the MX40 to provide local alarming when it is not available from the local device, a delay of treatment can occur. CVSS v3 base score: 6.5, CVSS vector string: AV:A/AC:L/PR:N/UI:N/S:U/C:N/I:N/A:H. Philips has released software update, Version B.06.18, to fix the improper cleanup on thrown exception vulnerability, and implement mitigations to reduce the risk associated with the improper handling of exceptional conditions vulnerability. The software update implements messaging and alarming on the MX40 and at the central monitoring station, when the MX40 disconnects from the access point.",6.5,3.0,CWE-460|CWE-755,cpe:2.3:o:philips:intellivue_mx40_firmware:*:*:*:*:*:*:*:*|cpe:2.3:h:philips:intellivue_mx40:-:*:*:*:*:*:*:*,No,High,
vendor_only,CVE-2017-9658,2018-04-30,"Certain 802.11 network management messages have been determined to invoke wireless access point blacklisting security defenses when not required, which can necessitate intervention by hospital staff to reset the device and reestablish a network connection to the Wi-Fi access point. During this state, the Philips IntelliVue MX40 Version B.06.18 can either connect to an alternative access point within signal range for association to a central monitoring station, or it can remain in local monitoring mode until the device is reset by hospital staff. CVSS v3 base score: 6.5, CVSS vector string: AV:A/AC:L/PR:N/UI:N/S:U/C:N/I:N/A:H. Philips has released software update, Version B.06.18, to fix the improper cleanup on thrown exception vulnerability, and implement mitigations to reduce the risk associated with the improper handling of exceptional conditions vulnerability. The software update implements messaging and alarming on the MX40 and at the central monitoring station, when the MX40 disconnects from the access point.",6.5,3.0,CWE-755,cpe:2.3:o:philips:intellivue_mx40_firmware:*:*:*:*:*:*:*:*|cpe:2.3:h:philips:intellivue_mx40:-:*:*:*:*:*:*:*,No,High,
vendor_only,CVE-2019-3998,2020-02-13,"Authentication bypass using an alternate path or channel in SimpliSafe SS3 firmware 1.4 allows a local, unauthenticated attacker to modify the Wi-Fi network the base station connects to.",5.5,3.1,CWE-287,cpe:2.3:o:simplisafe:simplisafe_ss3_firmware:1.4:*:*:*:*:*:*:*|cpe:2.3:h:simplisafe:simplisafe_ss3:-:*:*:*:*:*:*:*,Yes,High,
vendor_only,CVE-2020-5727,2020-05-02,"Authentication bypass using an alternate path or channel in SimpliSafe SS3 firmware 1.4 allows a local, unauthenticated attacker to pair a rogue keypad to an armed system.",4.6,3.1,CWE-287,cpe:2.3:o:simplisafe:ss3_firmware:*:*:*:*:*:*:*:*|cpe:2.3:h:simplisafe:ss3:-:*:*:*:*:*:*:*,Yes,High,
vendor_only,CVE-2020-14158,2020-07-30,The ABUS Secvest FUMO50110 hybrid module does not have any security mechanism that ensures confidentiality or integrity of RF packets that are exchanged with an alarm panel. This makes it easier to conduct wAppLoxx authentication-bypass attacks.,9.1,3.1,CWE-287,cpe:2.3:o:abus:secvest_hybrid_fumo50110_firmware:-:*:*:*:*:*:*:*|cpe:2.3:h:abus:secvest_hybrid_fumo50110:-:*:*:*:*:*:*:*,Yes,High,
vendor_only,CVE-2021-20989,2021-04-19,Fibaro Home Center 2 and Lite devices with firmware version 4.600 and older initiate SSH connections to the Fibaro cloud to provide remote access and remote support capabilities. This connection can be intercepted using DNS spoofing attack and a device initiated remote port-forward channel can be used to connect to the web management interface. Knowledge of authorization credentials to the management interface is required to perform any further actions.,5.9,3.1,CWE-295,cpe:2.3:o:fibaro:home_center_2_firmware:*:*:*:*:*:*:*:*|cpe:2.3:h:fibaro:home_center_2:-:*:*:*:*:*:*:*|cpe:2.3:o:fibaro:home_center_lite_firmware:*:*:*:*:*:*:*:*|cpe:2.3:h:fibaro:home_center_lite:-:*:*:*:*:*:*:*,No,High,
vendor_only,CVE-2021-20990,2021-04-19,"In Fibaro Home Center 2 and Lite devices with firmware version 4.600 and older an internal management service is accessible on port 8000 and some API endpoints could be accessed without authentication to trigger a shutdown, a reboot or a reboot into recovery mode.",7.5,3.1,CWE-306,cpe:2.3:o:fibaro:home_center_2_firmware:*:*:*:*:*:*:*:*|cpe:2.3:h:fibaro:home_center_2:-:*:*:*:*:*:*:*|cpe:2.3:o:fibaro:home_center_lite_firmware:*:*:*:*:*:*:*:*|cpe:2.3:h:fibaro:home_center_lite:-:*:*:*:*:*:*:*,No,High,
vendor_only,CVE-2021-20991,2021-04-19,In Fibaro Home Center 2 and Lite devices with firmware version 4.540 and older an authenticated user can run commands as root user using a command injection vulnerability.,8.8,3.1,CWE-78|CWE-77,cpe:2.3:o:fibaro:home_center_2_firmware:*:*:*:*:*:*:*:*|cpe:2.3:h:fibaro:home_center_2:-:*:*:*:*:*:*:*|cpe:2.3:o:fibaro:home_center_lite_firmware:*:*:*:*:*:*:*:*|cpe:2.3:h:fibaro:home_center_lite:-:*:*:*:*:*:*:*,No,High,
vendor_only,CVE-2021-20992,2021-04-19,"In Fibaro Home Center 2 and Lite devices in all versions provide a web based management interface over unencrypted HTTP protocol. Communication between the user and the device can be eavesdropped to hijack sessions, tokens and passwords.",7.5,3.1,CWE-319,cpe:2.3:o:fibaro:home_center_2_firmware:*:*:*:*:*:*:*:*|cpe:2.3:h:fibaro:home_center_2:-:*:*:*:*:*:*:*|cpe:2.3:o:fibaro:home_center_lite_firmware:*:*:*:*:*:*:*:*|cpe:2.3:h:fibaro:home_center_lite:-:*:*:*:*:*:*:*,No,High,
vendor_only,CVE-2020-8105,2021-12-20,OS Command Injection vulnerability in the wirelessConnect handler of Abode iota All-In-One Security Kit allows an attacker to inject commands and gain root access. This issue affects: Abode iota All-In-One Security Kit versions prior to 1.0.2.23_6.9V_dev_t2_homekit_RF_2.0.19_s2_kvsABODE oz.,7.8,3.1,CWE-78,cpe:2.3:o:goabode:iota_all-in-one_security_kit_firmware:*:*:*:*:*:*:*:*|cpe:2.3:h:goabode:iota_all-in-one_security_kit:-:*:*:*:*:*:*:*,Yes,High,
vendor_only,CVE-2024-0242,2024-02-08,Under certain circumstances IQ Panel4 and IQ4 Hub panel software prior to version 4.4.2 could allow unauthorized access to settings.,9.8,3.1,CWE-200,cpe:2.3:o:johnsoncontrols:qolsys_iq_panel_4_firmware:*:*:*:*:*:*:*:*|cpe:2.3:h:johnsoncontrols:qolsys_iq_panel_4:-:*:*:*:*:*:*:*|cpe:2.3:o:johnsoncontrols:qolsys_iq4_hub_firmware:*:*:*:*:*:*:*:*|cpe:2.3:h:johnsoncontrols:qolsys_iq4_hub:-:*:*:*:*:*:*:*,No,High,
vendor_only,CVE-2024-41623,2024-08-13,An issue in D3D Security D3D IP Camera (D8801) v.V9.1.17.1.4-20180428 allows a local attacker to execute arbitrary code via a crafted payload,9.8,3.1,CWE-94,cpe:2.3:o:d3dsecurity:d8801_firmware:9.1.17.1.4-20180428:*:*:*:*:*:*:*|cpe:2.3:h:d3dsecurity:d8801:-:*:*:*:*:*:*:*,No,High,
vendor_only,CVE-2025-34121,2025-07-16,"An unauthenticated arbitrary file upload vulnerability exists in Idera Up.Time Monitoring Station versions up to and including 7.2. The `wizards/post2file.php` script accepts arbitrary POST parameters, allowing attackers to upload crafted PHP files to the webroot. Successful exploitation results in remote code execution as the web server user. NOTE: The bypass for this vulnerability is tracked as CVE-2015-9263.",,,CWE-306|CWE-434,,No,High,
vendor_only,CVE-2025-15111,2025-12-30,Ksenia Security lares (legacy model) version 1.6 contains a default credentials vulnerability that allows unauthorized attackers to gain administrative access. Attackers can exploit the weak default administrative credentials to obtain full control of the home automation system.,9.8,3.1,CWE-259,cpe:2.3:o:kseniasecurity:lares_firmware:1.6:*:*:*:*:*:*:*|cpe:2.3:h:kseniasecurity:lares:4.0:*:*:*:*:*:*:*,No,Low,No consumer home alarm system identified.
vendor_only,CVE-2025-15112,2025-12-30,Ksenia Security lares (legacy model) version 1.6 contains a URL redirection vulnerability in the 'cmdOk.xml' script that allows attackers to manipulate the 'redirectPage' GET parameter. Attackers can craft malicious links that redirect authenticated users to arbitrary websites when clicking on a specially constructed link hosted on a trusted domain.,5.4,3.1,CWE-601,cpe:2.3:o:kseniasecurity:lares_firmware:1.6:*:*:*:*:*:*:*|cpe:2.3:h:kseniasecurity:lares:4.0:*:*:*:*:*:*:*,No,Low,No consumer home alarm system identified.
vendor_only,CVE-2025-15113,2025-12-30,Ksenia Security lares (legacy model) Home Automation version 1.6 contains an unprotected endpoint vulnerability that allows authenticated attackers to upload MPFS File System binary images. Attackers can exploit this vulnerability to overwrite flash program memory and potentially execute arbitrary code on the home automation system's web server.,9.3,3.1,CWE-256|CWE-522,cpe:2.3:o:kseniasecurity:lares_firmware:1.6:*:*:*:*:*:*:*|cpe:2.3:h:kseniasecurity:lares:4.0:*:*:*:*:*:*:*,No,Low,No consumer home alarm system identified.
vendor_only,CVE-2026-1201,2026-01-22,An Authorization Bypass Through User-Controlled Key vulnerability in Hubitat Elevation home automation controllers prior to version 2.4.2.157 could allow a remote authenticated user to control connected devices outside of their authorized scope via client-side request manipulation.,,,CWE-639,,No,High,
keyword_only,CVE-2005-2779,2005-09-02,"The iTAN Online-Banking Security System allows remote attackers to obtain TAN numbers via a man-in-the-middle (MITM) attack while the transaction is taking place, which facilitates a ""phishing"" attack.",5.0,2.0,,cpe:2.3:a:itan_online-banking_security_system:itan_online-banking_security_system:*:*:*:*:*:*:*:*,No,High,
keyword_only,CVE-2008-1073,2008-02-29,Cross-site scripting (XSS) vulnerability in the report interface in Internet Security Systems (ISS) Internet Scanner 7.0 Service Pack 2 Build 7.2.2005.52 allows remote attackers to inject arbitrary web script or HTML via unspecified vectors.,4.3,2.0,CWE-79,cpe:2.3:a:internet_security_systems:internet_scanner:7.0_sp2:*:*:*:*:*:*:*,No,High,
keyword_only,CVE-2009-1240,2009-04-03,"Unspecified vulnerability in the IBM Proventia engine 4.9.0.0.44 20081231, as used in IBM Proventia Network Mail Security System, Network Mail Security System Virtual Appliance, Desktop Endpoint Security, Network Multi-Function Security (MFS), and possibly other products, allows remote attackers to bypass detection of malware via a modified RAR archive.",10.0,2.0,,cpe:2.3:a:ibm:proventia_desktop_endpoint_security:*:*:*:*:*:*:*:*|cpe:2.3:a:ibm:proventia_network_mail_security_system:*:*:*:*:*:*:*:*|cpe:2.3:h:ibm:network_multi-function_security:*:*:*:*:*:*:*:*|cpe:2.3:h:ibm:proventia_network_mail_security_system_virtual_appliance:*:*:*:*:*:*:*:*,No,High,
keyword_only,CVE-2009-2543,2009-07-20,"Multiple unspecified vulnerabilities in the IBM Proventia engine 4.9.0.0.44 20081231, as used in IBM Proventia Network Mail Security System, Network Mail Security System Virtual Appliance, Desktop Endpoint Security, Network Multi-Function Security (MFS), and possibly other products, allow remote attackers to bypass detection of malware via a modified (1) ZIP or (2) CAB archive, a related issue to CVE-2009-1240.",10.0,2.0,,cpe:2.3:a:ibm:proventia_desktop_endpoint_security:*:*:*:*:*:*:*:*|cpe:2.3:a:ibm:proventia_network_mail_security_system:*:*:*:*:*:*:*:*|cpe:2.3:a:ibm:proventia_network_mail_security_system_vitual_appliance:*:*:*:*:*:*:*:*|cpe:2.3:a:ibm:proventia_network_multi-function_security:*:*:*:*:*:*:*:*,No,High,
keyword_only,CVE-2010-0152,2010-09-14,"Multiple cross-site scripting (XSS) vulnerabilities in the Local Management Interface (LMI) on the IBM Proventia Network Mail Security System (PNMSS) appliance with firmware before 2.5.0.2 allow remote attackers to inject arbitrary web script or HTML via (1) the date1 parameter to pvm_messagestore.php, (2) the userfilter parameter to pvm_user_management.php, (3) the ping parameter to sys_tools.php in a sys_ping.php action, (4) the action parameter to pvm_cert_commaction.php, (5) the action parameter to pvm_cert_serveraction.php, (6) the action parameter to pvm_smtpstore.php, (7) the l parameter to sla/index.php, or (8) unspecified stored data; and allow remote authenticated users to inject arbitrary web script or HTML via (9) saved search filters.",4.3,2.0,CWE-79,cpe:2.3:a:ibm:proventia_network_mail_security_system_virtual_appliance:*:*:*:*:*:*:*:*|cpe:2.3:a:ibm:proventia_network_mail_security_system_virtual_appliance_firmware:1.6:*:*:*:*:*:*:*|cpe:2.3:a:ibm:proventia_network_mail_security_system_virtual_appliance_firmware:2.5:*:*:*:*:*:*:*,No,High,
keyword_only,CVE-2010-0153,2010-09-14,Multiple cross-site request forgery (CSRF) vulnerabilities in the Local Management Interface (LMI) on the IBM Proventia Network Mail Security System (PNMSS) appliance with firmware before 2.5.0.2 allow remote attackers to hijack the authentication of administrators for requests that (1) change settings or (2) conduct denial of service attacks.,6.8,2.0,CWE-352,cpe:2.3:a:ibm:proventia_network_mail_security_system_virtual_appliance:*:*:*:*:*:*:*:*|cpe:2.3:a:ibm:proventia_network_mail_security_system_virtual_appliance_firmware:1.6:*:*:*:*:*:*:*|cpe:2.3:a:ibm:proventia_network_mail_security_system_virtual_appliance_firmware:2.5:*:*:*:*:*:*:*,No,High,
keyword_only,CVE-2010-0154,2010-09-14,"Directory traversal vulnerability in sla/index.php in the Local Management Interface (LMI) on the IBM Proventia Network Mail Security System (PNMSS) appliance with firmware before 2.5 allows remote authenticated users to read arbitrary files via a .. (dot dot) in the l parameter, related to an ""Insecure Direct Object Reference vulnerability.""",4.0,2.0,CWE-22,cpe:2.3:a:ibm:proventia_network_mail_security_system_virtual_appliance:*:*:*:*:*:*:*:*|cpe:2.3:a:ibm:proventia_network_mail_security_system_virtual_appliance_firmware:1.6:*:*:*:*:*:*:*,No,High,
keyword_only,CVE-2010-0155,2010-09-14,CRLF injection vulnerability in load.php in the Local Management Interface (LMI) on the IBM Proventia Network Mail Security System (PNMSS) appliance with firmware before 2.5 allows remote authenticated users to inject arbitrary HTTP headers and conduct HTTP response splitting attacks via the javaVersion parameter.,3.5,2.0,CWE-94,cpe:2.3:a:ibm:proventia_network_mail_security_system_virtual_appliance:*:*:*:*:*:*:*:*|cpe:2.3:a:ibm:proventia_network_mail_security_system_virtual_appliance_firmware:1.6:*:*:*:*:*:*:*,No,High,
keyword_only,CVE-2012-2955,2012-07-20,"Multiple cross-site scripting (XSS) vulnerabilities in the administrative user interface in IBM Lotus Protector for Mail Security 2.1, 2.5, 2.5.1, and 2.8 and IBM ISS Proventia Network Mail Security System allow remote attackers to inject arbitrary web script or HTML via the query string.",4.3,2.0,CWE-79,cpe:2.3:o:ibm:proventia_network_mail_security_system_firmware:2.5:*:*:*:*:*:*:*|cpe:2.3:o:ibm:proventia_network_mail_security_system_firmware:2.5.0.2:*:*:*:*:*:*:*|cpe:2.3:o:ibm:proventia_network_mail_security_system_firmware:2.5.1:*:*:*:*:*:*:*|cpe:2.3:o:ibm:proventia_network_mail_security_system_firmware:2.6:*:*:*:*:*:*:*|cpe:2.3:o:ibm:proventia_network_mail_security_system_firmware:2.8:*:*:*:*:*:*:*|cpe:2.3:h:ibm:proventia_network_mail_security_system:*:*:*:*:*:*:*:*|cpe:2.3:h:ibm:proventia_network_mail_security_system:ms3004:*:*:*:*:*:*:*|cpe:2.3:a:ibm:lotus_protector_for_mail_security:2.1:*:*:*:*:*:*:*|cpe:2.3:a:ibm:lotus_protector_for_mail_security:2.5:*:*:*:*:*:*:*|cpe:2.3:a:ibm:lotus_protector_for_mail_security:2.5.1:*:*:*:*:*:*:*|cpe:2.3:a:ibm:lotus_protector_for_mail_security:2.8:*:*:*:*:*:*:*,No,High,
keyword_only,CVE-2012-2202,2012-07-27,"Directory traversal vulnerability in javatester_init.php in IBM Lotus Protector for Mail Security 2.1, 2.5, 2.5.1, and 2.8 and IBM ISS Proventia Network Mail Security System allows remote authenticated administrators to read arbitrary files via a .. (dot dot) in the template parameter.",3.5,2.0,CWE-22,cpe:2.3:a:ibm:lotus_protector_for_mail_security:2.1:*:*:*:*:*:*:*|cpe:2.3:a:ibm:lotus_protector_for_mail_security:2.5:*:*:*:*:*:*:*|cpe:2.3:a:ibm:lotus_protector_for_mail_security:2.5.1:*:*:*:*:*:*:*|cpe:2.3:a:ibm:lotus_protector_for_mail_security:2.8:*:*:*:*:*:*:*|cpe:2.3:o:ibm:proventia_network_mail_security_system_firmware:2.5:*:*:*:*:*:*:*|cpe:2.3:o:ibm:proventia_network_mail_security_system_firmware:2.5.0.2:*:*:*:*:*:*:*|cpe:2.3:o:ibm:proventia_network_mail_security_system_firmware:2.5.1:*:*:*:*:*:*:*|cpe:2.3:o:ibm:proventia_network_mail_security_system_firmware:2.6:*:*:*:*:*:*:*|cpe:2.3:o:ibm:proventia_network_mail_security_system_firmware:2.8:*:*:*:*:*:*:*|cpe:2.3:h:ibm:proventia_network_mail_security_system:*:*:*:*:*:*:*:*,No,High,
keyword_only,CVE-2014-8362,2017-01-23,Vivint Sky Control Panel 1.1.1.9926 allows remote attackers to enable and disable the alarm system and modify other security settings via the Web-enabled interface.,9.8,3.0,CWE-284,cpe:2.3:o:vivint:sky_control_panel_firmware:1.1.1.9926:*:*:*:*:*:*:*|cpe:2.3:h:vivint:sky_control_panel:-:*:*:*:*:*:*:*,Yes,High,
keyword_only,CVE-2018-5560,2019-01-31,"A reliance on a static, hard-coded credential in the design of the cloud-based storage system of Practecol's Guardzilla All-In-One Video Security System allows an attacker to view the private data of all users of the Guardzilla device.",7.5,3.0,CWE-798,cpe:2.3:o:guardzilla:gz521w_firmware:*:*:*:*:*:*:*:*|cpe:2.3:h:guardzilla:gz521w:-:*:*:*:*:*:*:*,No,High,
keyword_only,CVE-2021-36794,2021-11-02,"In Siren Investigate before 11.1.4, when enabling the cluster feature of the Siren Alert application, TLS verifications are disabled globally in the Siren Investigate main process.",9.8,3.1,,cpe:2.3:a:siren:investigate:*:*:*:*:*:*:*:*,No,High,
keyword_only,CVE-2022-47543,2023-01-05,An issue was discovered in Siren Investigate before 12.1.7. There is an ACL bypass on global objects.,5.3,3.1,CWE-284,cpe:2.3:a:siren:investigate:*:*:*:*:*:*:*:*,No,High,
keyword_only,CVE-2022-47544,2023-01-05,An issue was discovered in Siren Investigate before 12.1.7. Script variable whitelisting is insufficiently sandboxed.,9.8,3.1,CWE-693,cpe:2.3:a:siren:investigate:*:*:*:*:*:*:*:*,No,High,
keyword_only,CVE-2023-24709,2023-03-21,An issue found in Paradox Security Systems IPR512 allows attackers to cause a denial of service via the login.html and login.xml parameters.,7.5,3.1,CWE-94,cpe:2.3:o:paradox:ipr512_firmware:-:*:*:*:*:*:*:*|cpe:2.3:h:paradox:ipr512:-:*:*:*:*:*:*:*,No,High,
keyword_only,CVE-2023-31759,2023-05-24,Weak Security in the 433MHz keyfob of Kerui W18 Alarm System v1.0 allows attackers to gain full access via a code replay attack.,7.5,3.1,CWE-294,cpe:2.3:o:keruistore:kerui_w18_firmware:1.0:*:*:*:*:*:*:*|cpe:2.3:h:keruistore:kerui_w18:-:*:*:*:*:*:*:*,Yes,High,
keyword_only,CVE-2024-10534,2024-11-15,"Origin Validation Error vulnerability in Dataprom Informatics Personnel Attendance Control Systems (PACS) / Access Control Security Systems (ACSS) allows Traffic Injection.

This issue affects Personnel Attendance Control Systems (PACS) / Access Control Security Systems (ACSS): before 2024.",9.8,3.1,CWE-346,cpe:2.3:a:dataprom:personnel_attendance_control_systems_\/_access_control_security_systems:*:*:*:*:*:*:*:*,No,High,
keyword_only,CVE-2015-6970,2020-02-18,The web interface in Bosch Security Systems NBN-498 Dinion2X Day/Night IP Cameras with H.264 Firmware 4.54.0026 allows remote attackers to conduct XML injection attacks via the idstring parameter to rcp.xml.,9.8,3.1,CWE-91,cpe:2.3:o:boschsecurity:nbn-498_dinion2x_day\/night_ip_cameras_firmware:4.54.0026:*:*:*:*:*:*:*|cpe:2.3:h:boschsecurity:nbn-498_dinion2x_day\/night_ip_cameras:-:*:*:*:*:*:*:*,No,High,
keyword_only,CVE-2020-29193,2020-12-28,Panasonic Security System WV-S2231L 4.25 has an insecure hard-coded password of lkjhgfdsa (which is just the asdf keyboard row in reverse order).,6.8,3.1,CWE-798,cpe:2.3:o:panasonic:wv-s2231l_firmware:4.25:*:*:*:*:*:*:*|cpe:2.3:h:panasonic:wv-s2231l:-:*:*:*:*:*:*:*,No,High,
keyword_only,CVE-2020-29194,2020-12-28,Panasonic Security System WV-S2231L 4.25 allows a denial of service of the admin control panel (which will require a physical reset to restore administrative control) via Randomnum=99AC8CEC6E845B28&mode=1 in a POST request to the cgi-bin/set_factory URI.,7.5,3.1,,cpe:2.3:o:panasonic:wv-s2231l_firmware:4.25:*:*:*:*:*:*:*|cpe:2.3:h:panasonic:wv-s2231l:-:*:*:*:*:*:*:*,No,High,
keyword_only,CVE-2021-28938,2021-04-13,"Siren Federate before 6.8.14-10.3.9, 6.9.x through 7.6.x before 7.6.2-20.2, 7.7.x through 7.9.x before 7.9.3-21.6, 7.10.x before 7.10.2-22.2, and 7.11.x before 7.11.2-23.0 can leak user information across thread contexts. This occurs in opportunistic circumstances when there is concurrent query execution by a low-privilege user and a high-privilege user. The former query might run with the latter query's privileges.",4.3,3.1,,cpe:2.3:a:siren:federate:*:*:*:*:*:elasticsearch:*:*,No,High,
keyword_only,CVE-2021-31216,2021-07-19,Siren Investigate before 11.1.1 contains a server side request forgery (SSRF) defect in the built-in image proxy route (which is enabled by default). An attacker with access to the Investigate installation can specify an arbitrary URL in the parameters of the image proxy route and fetch external URLs as the Investigate process on the host.,8.1,3.1,CWE-918,cpe:2.3:a:siren:investigate:*:*:*:*:*:*:*:*,No,High,
keyword_only,CVE-2021-41268,2021-11-24,"Symfony/SecurityBundle is the security system for Symfony, a PHP framework for web and console applications and a set of reusable PHP components. Since the rework of the Remember me cookie in version 5.3.0, the cookie is not invalidated when the user changes their password. Attackers can therefore maintain their access to the account even if the password is changed as long as they have had the chance to login once and get a valid remember me cookie. Starting with version 5.3.12, Symfony makes the password part of the signature by default. In that way, when the password changes, then the cookie is not valid anymore.",8.8,3.1,CWE-384,cpe:2.3:a:sensiolabs:symfony:*:*:*:*:*:*:*:*,No,High,
keyword_only,CVE-2023-35857,2023-06-19,"In Siren Investigate before 13.2.2, session keys remain active even after logging out.",9.8,3.1,CWE-613,cpe:2.3:a:siren:investigate:*:*:*:*:*:*:*:*,No,High,
keyword_only,CVE-2023-39343,2023-08-04,"Sulu is an open-source PHP content management system based on the Symfony framework. It allows over the Admin Login form to detect which user (username, email) exists and which one do not exist. Sulu Installation not using the old Symfony 5.4 security System and previous version are not impacted by this Security issue. The vulnerability has been patched in version 2.5.10. 

",4.3,3.1,CWE-204,cpe:2.3:a:sulu:sulu:*:*:*:*:*:*:*:*,No,High,
keyword_only,CVE-2023-46846,2023-11-03,"SQUID is vulnerable to HTTP request smuggling, caused by chunked decoder lenience, allows a remote attacker to perform Request/Response smuggling past firewall and frontend security systems.",5.3,3.1,CWE-444,cpe:2.3:a:squid-cache:squid:*:*:*:*:*:*:*:*|cpe:2.3:o:redhat:enterprise_linux:8.0:*:*:*:*:*:*:*|cpe:2.3:o:redhat:enterprise_linux:9.0:*:*:*:*:*:*:*|cpe:2.3:o:redhat:enterprise_linux_eus:8.6:*:*:*:*:*:*:*|cpe:2.3:o:redhat:enterprise_linux_eus:8.8:*:*:*:*:*:*:*|cpe:2.3:o:redhat:enterprise_linux_eus:9.0:*:*:*:*:*:*:*|cpe:2.3:o:redhat:enterprise_linux_eus:9.2:*:*:*:*:*:*:*|cpe:2.3:o:redhat:enterprise_linux_for_arm_64:8.0_aarch64:*:*:*:*:*:*:*|cpe:2.3:o:redhat:enterprise_linux_for_ibm_z_systems:8.0_s390x:*:*:*:*:*:*:*|cpe:2.3:o:redhat:enterprise_linux_for_power_little_endian:8.0_ppc64le:*:*:*:*:*:*:*|cpe:2.3:o:redhat:enterprise_linux_server_aus:8.2:*:*:*:*:*:*:*|cpe:2.3:o:redhat:enterprise_linux_server_aus:8.4:*:*:*:*:*:*:*|cpe:2.3:o:redhat:enterprise_linux_server_aus:8.6:*:*:*:*:*:*:*|cpe:2.3:o:redhat:enterprise_linux_server_aus:9.2:*:*:*:*:*:*:*|cpe:2.3:o:redhat:enterprise_linux_server_tus:8.2:*:*:*:*:*:*:*|cpe:2.3:o:redhat:enterprise_linux_server_tus:8.4:*:*:*:*:*:*:*|cpe:2.3:o:redhat:enterprise_linux_server_tus:8.6:*:*:*:*:*:*:*|cpe:2.3:o:redhat:enterprise_linux_server_tus:8.8:*:*:*:*:*:*:*|cpe:2.3:o:redhat:enterprise_linux_server_tus:9.2:*:*:*:*:*:*:*,No,High,
keyword_only,CVE-2021-31314,2024-01-20,File upload vulnerability in ejinshan v8+ terminal security system allows attackers to upload arbitrary files to arbitrary locations on the server.,9.8,3.1,CWE-434,cpe:2.3:a:ejinshan:terminal_security_system:8.0:*:*:*:*:*:*:*,No,High,
keyword_only,CVE-2024-27915,2024-03-06,"Sulu is a PHP content management system. Starting in verson 2.2.0 and prior to version 2.4.17 and 2.5.13, access to pages is granted regardless of role permissions for webspaces which have a security system configured and permission check enabled. Webspaces without do not have this issue. The problem is patched in versions 2.4.17 and 2.5.13. Some workarounds are available. One may apply the patch to `vendor/symfony/security-http/HttpUtils.php` manually or avoid installing `symfony/security-http` versions greater equal than `v5.4.30` or `v6.3.6`.",8.1,3.1,CWE-863,cpe:2.3:a:sulu:sulu:*:*:*:*:*:*:*:*,No,High,
keyword_only,CVE-2023-36483,2024-03-16,"Authorization bypass can be achieved by session ID prediction in MASmobile Classic Android  version 1.16.18 and earlier and 

MASmobile Classic iOS version 1.7.24 and earlier

which allows remote attackers to retrieve sensitive data  including customer data, security system status, and event history.",6.5,3.1,CWE-639,cpe:2.3:a:honeywell:masmobile_asp.net_services:*:*:*:*:*:*:*:*|cpe:2.3:a:honeywell:masmobile_classic:*:*:*:*:*:iphone_os:*:*|cpe:2.3:a:honeywell:masmobile_classic:*:*:*:*:*:android:*:*,No,High,
keyword_only,CVE-2024-12580,2025-03-20,"A vulnerability in danny-avila/librechat prior to version 0.7.6 allows for logs debug injection. The parameters sessionId, fileId, userId, and file_id in the /code/download/:sessionId/:fileId and /download/:userId/:file_id APIs are not validated or filtered, leading to potential log injection attacks. This can cause distortion of monitoring and investigation information, evade detection from security systems, and create difficulties in maintenance and operation.",5.3,3.1,CWE-117,cpe:2.3:a:librechat:librechat:*:*:*:*:*:*:*:*,No,High,
keyword_only,CVE-2025-47280,2025-05-13,"Umbraco Forms is a form builder that integrates with the Umbraco content management system. Starting in the 7.x branch and prior to versions 13.4.2 and 15.1.2, the 'Send email' workflow does not HTML encode the user-provided field values in the sent email message, making any form with this workflow configured vulnerable, as it allows sending the message from a trusted system and address, potentially bypassing spam and email client security systems. This issue affects all (supported) versions Umbraco Forms and is patched in 13.4.2 and 15.1.2. Unpatched or unsupported versions can workaround this issue by using the `Send email with template (Razor)` workflow instead or writing a custom workflow type. To avoid accidentally using the vulnerable workflow again, the `SendEmail` workflow type can be removed using a composer available in the GitHub Security Advisory for this vulnerability.",6.1,3.1,CWE-116,cpe:2.3:a:umbraco:umbraco_forms:*:*:*:*:*:*:*:*,No,High,
keyword_only,CVE-2025-56448,2025-09-15,"The Positron PX360BT SW REV 8 car alarm system is vulnerable to a replay attack due to a failure in implementing rolling code security. The alarm system does not properly rotate or invalidate used codes, allowing repeated reuse of captured transmissions. This exposes users to significant security risks, including vehicle theft and loss of trust in the alarm's anti-cloning claims.",6.8,3.1,CWE-294,cpe:2.3:o:positron:px360bt_firmware:rev8:*:*:*:*:*:*:*|cpe:2.3:h:positron:px360bt:8200101542:*:*:*:*:*:*:*,Yes,High,
keyword_only,CVE-2025-7636,2026-02-10,"Improper Neutralization of Special Elements used in an SQL Command ('SQL Injection') vulnerability in Ergosis Security Systems Computer Industry and Trade Inc. ZEUS PDKS allows SQL Injection.

This issue affects ZEUS PDKS: from <1.0.5.10 through 10022026.

NOTE: The vendor was contacted early about this disclosure but did not respond in any way.",8.8,3.1,CWE-89,,No,High,
keyword_only,CVE-2025-67135,2026-02-11,Weak Security in the PF-50 1.2 keyfob of PGST PG107 Alarm System 1.25.05.hf allows attackers to compromise access control via a code replay attack.,9.8,3.1,CWE-294,,Yes,High,
keyword_only,CVE-2026-2539,2026-02-15,"The RF communication protocol in the Micca KE700 car alarm system does not encrypt its data frames. An attacker with a radio interception tool (e.g., SDR) can capture the random number and counters transmitted in cleartext, which is sensitive information required for authentication.",,,CWE-319,,Yes,High,
keyword_only,CVE-2026-33631,2026-03-26,"ClearanceKit intercepts file-system access events on macOS and enforces per-process access policies. In versions on the 4.1 branch and earlier, the opfilter Endpoint Security system extension enforced file access policy exclusively by intercepting ES_EVENT_TYPE_AUTH_OPEN events. Seven additional file operation event types were not intercepted, allowing any locally running process to bypass the configured FAA policy without triggering a denial. Commit a3d1733 adds subscriptions for all seven event types and routes them through the existing FAA policy evaluator. AUTH_RENAME and AUTH_UNLINK additionally preserve XProtect change detection: events on the XProtect path are allowed and trigger the existing onXProtectChanged callback rather than being evaluated against user policy. All versions on the 4.2 branch contain the fix. No known workarounds are available.",8.7,3.1,CWE-862,cpe:2.3:a:craigjbass:clearancekit:*:*:*:*:*:*:*:*,No,High,
keyword_only,CVE-2016-20032,2026-03-16,ZKTeco ZKAccess Security System 5.3.1 contains a stored cross-site scripting vulnerability that allows attackers to execute arbitrary HTML and script code by injecting malicious payloads through the 'holiday_name' and 'memo' POST parameters. Attackers can submit crafted requests with script code in these parameters to compromise user browser sessions and steal sensitive information.,7.2,3.1,CWE-79,,No,High,
keyword_only,CVE-2026-40604,2026-04-21,"ClearanceKit intercepts file-system access events on macOS and enforces per-process access policies. Prior to 5.0.6, the opfilter Endpoint Security system extension (bundle ID uk.craigbass.clearancekit.opfilter) can be suspended with SIGSTOP or kill -STOP, or killed with SIGKILL/SIGTERM, by any process running as root. While the extension is suspended, all AUTH Endpoint Security events time out and default to allow, silently disabling ClearanceKit's file-access policy enforcement for the duration of the suspension. This vulnerability is fixed in 5.0.6.",4.4,3.1,CWE-693,cpe:2.3:a:craigjbass:clearancekit:*:*:*:*:*:*:*:*|cpe:2.3:o:apple:macos:-:*:*:*:*:*:*:*,No,High,
keyword_only,CVE-2026-44544,2026-05-14,"gittuf is a platform-agnostic Git security system. Prior to 0.14.0, an attacker with push access to gittuf's Reference State Log (RSL) can roll back the current policy to any previous policy trusted by the current set of root keys. gittuf determines the policy to load by inspecting the RSL. Except for the very first policy (which is automatically trusted given gittuf's TOFU model, or verified against manually specified keys), whenever an RSL entry that points to a new policy is encountered, gittuf validates that this policy is trusted. This is done by checking that the new policy’s root metadata is signed by the required threshold of the current policy's root keys. Because of this, an attacker with push access to the RSL may create a new entry that references an old policy (that is trusted by the most recent policy's set of root keys), thereby rolling back gittuf's policy to the attacker's chosen state.  This vulnerability is fixed in 0.14.0.",,,CWE-639,,No,High,
keyword_only,CVE-2025-52465,2026-06-18,"GeoServer is an open source server that allows users to share and edit geospatial data. Prior to versions 2.26.4 and 2.27.3, a vulnerability exists that allows an authenticated administrator with access to GeoServer's security system to pass arbitrary file names to the Master Password Dump web page and create files containing the master password in plaintext. The provided file name must be an absolute path to the target file, the target file can not already exist and all parent directories must already exist. Versions 2.26.4 and 2.27.3 contain a fix. GeoServer installations where the web interface is either disabled or completely removed are not affected since the vulnerability exists in one of the web pages.",7.2,3.1,CWE-73,cpe:2.3:a:osgeo:geoserver:*:*:*:*:*:*:*:*,No,High,
keyword_only,CVE-2022-31322,2022-09-13,Penta Security Systems Inc WAPPLES v6.0 r3 4.10-hotfix1 allows attackers to escalate privileges via overwriting files using SUID flagged executables.,7.8,3.1,CWE-798,cpe:2.3:a:pentasecurity:wapples:*:*:*:*:*:*:*:*|cpe:2.3:a:pentasecurity:wapples:v6.0.r3.4.10:-:*:*:*:*:*:*|cpe:2.3:a:pentasecurity:wapples:v6.0.r3.4.10:hotfix1:*:*:*:*:*:*,No,High,
keyword_only,CVE-2022-31324,2022-09-13,An arbitrary file download vulnerability in the downloadAction() function of Penta Security Systems Inc WAPPLES v6.0 r3 4.10-hotfix1 allows attackers to download arbitrary files via a crafted POST request.,6.5,3.1,CWE-494,cpe:2.3:a:pentasecurity:wapples:*:*:*:*:*:*:*:*|cpe:2.3:a:pentasecurity:wapples:v6.0.r3.4.10:-:*:*:*:*:*:*|cpe:2.3:a:pentasecurity:wapples:v6.0.r3.4.10:hotfix1:*:*:*:*:*:*,No,High,
keyword_only,CVE-2022-35582,2022-09-13,"Penta Security Systems Inc WAPPLES 4.0.*, 5.0.0.*, 5.0.12.* are vulnerable to Incorrect Access Control. The operating system that WAPPLES runs on has a built-in non-privileged user penta with a predefined password. The password for this user, as well as its existence, is not disclosed in the documentation. Knowing the credentials, attackers can use this feature to gain uncontrolled access to the device and therefore are considered an undocumented possibility for remote control.",8.8,3.1,CWE-798,cpe:2.3:a:pentasecurity:wapples:4.0.0:*:*:*:*:*:*:*|cpe:2.3:a:pentasecurity:wapples:5.0.0.0:*:*:*:*:*:*:*|cpe:2.3:a:pentasecurity:wapples:5.0.12.0:*:*:*:*:*:*:*,No,High,
cpe_expansion,CVE-2022-27804,2022-10-25,"An os command injection vulnerability exists in the web interface util_set_abode_code functionality of Abode Systems, Inc. iota All-In-One Security Kit 6.9X and 6.9Z. A specially-crafted HTTP request can lead to arbitrary command execution. An attacker can send an HTTP request to trigger this vulnerability.",9.8,3.1,CWE-78,cpe:2.3:o:goabode:iota_all-in-one_security_kit_firmware:6.9z:*:*:*:*:*:*:*|cpe:2.3:h:goabode:iota_all-in-one_security_kit:-:*:*:*:*:*:*:*|cpe:2.3:o:goabode:iota_all-in-one_security_kit_firmware:6.9x:*:*:*:*:*:*:*,Yes,High,
cpe_expansion,CVE-2022-27805,2022-10-25,"An authentication bypass vulnerability exists in the GHOME control functionality of Abode Systems, Inc. iota All-In-One Security Kit 6.9X and 6.9Z. A specially-crafted network request can lead to arbitrary XCMD execution. An attacker can send a malicious XML payload to trigger this vulnerability.",9.8,3.1,CWE-284,cpe:2.3:o:goabode:iota_all-in-one_security_kit_firmware:6.9z:*:*:*:*:*:*:*|cpe:2.3:h:goabode:iota_all-in-one_security_kit:-:*:*:*:*:*:*:*|cpe:2.3:o:goabode:iota_all-in-one_security_kit_firmware:6.9x:*:*:*:*:*:*:*,Yes,High,
cpe_expansion,CVE-2022-29472,2022-10-25,"An OS command injection vulnerability exists in the web interface util_set_serial_mac functionality of Abode Systems, Inc. iota All-In-One Security Kit 6.9X and 6.9Z. A specially-crafted HTTP request can lead to arbitrary command execution. An attacker can send an HTTP request to trigger this vulnerability.",9.8,3.1,CWE-78,cpe:2.3:o:goabode:iota_all-in-one_security_kit_firmware:6.9z:*:*:*:*:*:*:*|cpe:2.3:h:goabode:iota_all-in-one_security_kit:-:*:*:*:*:*:*:*|cpe:2.3:o:goabode:iota_all-in-one_security_kit_firmware:6.9x:*:*:*:*:*:*:*,Yes,High,
cpe_expansion,CVE-2022-29475,2022-10-25,"An information disclosure vulnerability exists in the XFINDER functionality of Abode Systems, Inc. iota All-In-One Security Kit 6.9X and 6.9Z. A specially-crafted man-in-the-middle attack can lead to increased privileges. An attacker can perform a man-in-the-middle attack to trigger this vulnerability.",8.1,3.1,CWE-294,cpe:2.3:o:goabode:iota_all-in-one_security_kit_firmware:6.9z:*:*:*:*:*:*:*|cpe:2.3:h:goabode:iota_all-in-one_security_kit:-:*:*:*:*:*:*:*|cpe:2.3:o:goabode:iota_all-in-one_security_kit_firmware:6.9x:*:*:*:*:*:*:*,Yes,High,
cpe_expansion,CVE-2022-29477,2022-10-25,"An authentication bypass vulnerability exists in the web interface /action/factory* functionality of Abode Systems, Inc. iota All-In-One Security Kit 6.9X and 6.9Z. A specially-crafted HTTP header can lead to authentication bypass. An attacker can send an HTTP request to trigger this vulnerability.",9.8,3.1,CWE-798,cpe:2.3:o:goabode:iota_all-in-one_security_kit_firmware:6.9z:*:*:*:*:*:*:*|cpe:2.3:h:goabode:iota_all-in-one_security_kit:-:*:*:*:*:*:*:*|cpe:2.3:o:goabode:iota_all-in-one_security_kit_firmware:6.9x:*:*:*:*:*:*:*,Yes,High,
cpe_expansion,CVE-2022-29520,2022-10-25,"An OS command injection vulnerability exists in the console_main_loop :sys functionality of Abode Systems, Inc. iota All-In-One Security Kit 6.9Z. A specially-crafted XCMD can lead to arbitrary command execution. An attacker can send an XML payload to trigger this vulnerability.",9.8,3.1,CWE-489|CWE-78,cpe:2.3:o:goabode:iota_all-in-one_security_kit_firmware:6.9z:*:*:*:*:*:*:*|cpe:2.3:h:goabode:iota_all-in-one_security_kit:-:*:*:*:*:*:*:*,Yes,High,
cpe_expansion,CVE-2022-29889,2022-10-25,"A hard-coded password vulnerability exists in the telnet functionality of Abode Systems, Inc. iota All-In-One Security Kit 6.9Z. Use of a hard-coded root password can lead to arbitrary command execution. An attacker can authenticate with hard-coded credentials to trigger this vulnerability.",9.8,3.1,CWE-798,cpe:2.3:o:goabode:iota_all-in-one_security_kit_firmware:6.9z:*:*:*:*:*:*:*|cpe:2.3:h:goabode:iota_all-in-one_security_kit:-:*:*:*:*:*:*:*,Yes,High,
cpe_expansion,CVE-2022-30541,2022-10-25,"An OS command injection vulnerability exists in the XCMD setUPnP functionality of Abode Systems, Inc. iota All-In-One Security Kit 6.9X and 6.9Z. A specially-crafted XCMD can lead to arbitrary command execution. An attacker can send a malicious XML payload to trigger this vulnerability.",9.8,3.1,CWE-78,cpe:2.3:o:goabode:iota_all-in-one_security_kit_firmware:6.9z:*:*:*:*:*:*:*|cpe:2.3:h:goabode:iota_all-in-one_security_kit:-:*:*:*:*:*:*:*|cpe:2.3:o:goabode:iota_all-in-one_security_kit_firmware:6.9x:*:*:*:*:*:*:*,Yes,High,
cpe_expansion,CVE-2022-30603,2022-10-25,"An OS command injection vulnerability exists in the web interface /action/iperf functionality of Abode Systems, Inc. iota All-In-One Security Kit 6.9X and 6.9Z. A specially-crafted HTTP request can lead to arbitrary command execution. An attacker can make an authenticated HTTP request to trigger this vulnerability.",8.8,3.1,CWE-78,cpe:2.3:o:goabode:iota_all-in-one_security_kit_firmware:6.9z:*:*:*:*:*:*:*|cpe:2.3:h:goabode:iota_all-in-one_security_kit:-:*:*:*:*:*:*:*|cpe:2.3:o:goabode:iota_all-in-one_security_kit_firmware:6.9x:*:*:*:*:*:*:*,Yes,High,
cpe_expansion,CVE-2022-32454,2022-10-25,"A stack-based buffer overflow vulnerability exists in the XCMD setIPCam functionality of Abode Systems, Inc. iota All-In-One Security Kit 6.9X and 6.9Z. A specially-crafted XCMD can lead to remote code execution. An attacker can send a malicious XML payload to trigger this vulnerability.",9.8,3.1,CWE-121,cpe:2.3:o:goabode:iota_all-in-one_security_kit_firmware:6.9z:*:*:*:*:*:*:*|cpe:2.3:h:goabode:iota_all-in-one_security_kit:-:*:*:*:*:*:*:*|cpe:2.3:o:goabode:iota_all-in-one_security_kit_firmware:6.9x:*:*:*:*:*:*:*,Yes,High,
cpe_expansion,CVE-2022-32574,2022-10-25,"A double-free vulnerability exists in the web interface /action/ipcamSetParamPost functionality of Abode Systems, Inc. iota All-In-One Security Kit 6.9X and 6.9Z. A specially-crafted HTTP request can lead to memory corruption. An attacker can make an authenticated HTTP request to trigger this vulnerability.",6.5,3.1,CWE-415,cpe:2.3:o:goabode:iota_all-in-one_security_kit_firmware:6.9z:*:*:*:*:*:*:*|cpe:2.3:h:goabode:iota_all-in-one_security_kit:-:*:*:*:*:*:*:*|cpe:2.3:o:goabode:iota_all-in-one_security_kit_firmware:6.9x:*:*:*:*:*:*:*,Yes,High,
cpe_expansion,CVE-2022-32586,2022-10-25,"An OS command injection vulnerability exists in the web interface /action/ipcamRecordPost functionality of Abode Systems, Inc. iota All-In-One Security Kit 6.9X and 6.9Z. A specially-crafted HTTP request can lead to arbitrary command execution. An attacker can make an authenticated HTTP request to trigger this vulnerability.",8.8,3.1,CWE-78,cpe:2.3:o:goabode:iota_all-in-one_security_kit_firmware:6.9z:*:*:*:*:*:*:*|cpe:2.3:h:goabode:iota_all-in-one_security_kit:-:*:*:*:*:*:*:*|cpe:2.3:o:goabode:iota_all-in-one_security_kit_firmware:6.9x:*:*:*:*:*:*:*,Yes,High,
cpe_expansion,CVE-2022-32760,2022-10-25,"A denial of service vulnerability exists in the XCMD doDebug functionality of Abode Systems, Inc. iota All-In-One Security Kit 6.9X and 6.9Z. A specially-crafted XCMD can lead to denial of service. An attacker can send a malicious XML payload to trigger this vulnerability.",7.5,3.1,CWE-489,cpe:2.3:o:goabode:iota_all-in-one_security_kit_firmware:6.9z:*:*:*:*:*:*:*|cpe:2.3:h:goabode:iota_all-in-one_security_kit:-:*:*:*:*:*:*:*|cpe:2.3:o:goabode:iota_all-in-one_security_kit_firmware:6.9x:*:*:*:*:*:*:*,Yes,High,
cpe_expansion,CVE-2022-32773,2022-10-25,"An OS command injection vulnerability exists in the XCMD doDebug functionality of Abode Systems, Inc. iota All-In-One Security Kit 6.9X and 6.9Z. A specially-crafted XCMD can lead to arbitrary command execution. An attacker can send a malicious XML payload to trigger this vulnerability.",9.8,3.1,CWE-78,cpe:2.3:o:goabode:iota_all-in-one_security_kit_firmware:6.9z:*:*:*:*:*:*:*|cpe:2.3:h:goabode:iota_all-in-one_security_kit:-:*:*:*:*:*:*:*|cpe:2.3:o:goabode:iota_all-in-one_security_kit_firmware:6.9x:*:*:*:*:*:*:*,Yes,High,
cpe_expansion,CVE-2022-32775,2022-10-25,"An integer overflow vulnerability exists in the web interface /action/ipcamRecordPost functionality of Abode Systems, Inc. iota All-In-One Security Kit 6.9X and 6.9Z. A specially-crafted HTTP request can lead to memory corruption. An attacker can make an authenticated HTTP request to trigger this vulnerability.",8.8,3.1,CWE-190,cpe:2.3:o:goabode:iota_all-in-one_security_kit_firmware:6.9z:*:*:*:*:*:*:*|cpe:2.3:h:goabode:iota_all-in-one_security_kit:-:*:*:*:*:*:*:*|cpe:2.3:o:goabode:iota_all-in-one_security_kit_firmware:6.9x:*:*:*:*:*:*:*,Yes,High,
cpe_expansion,CVE-2022-33189,2022-10-25,"An OS command injection vulnerability exists in the XCMD setAlexa functionality of Abode Systems, Inc. iota All-In-One Security Kit 6.9Z. A specially-crafted XCMD can lead to arbitrary command execution. An attacker can send a malicious XML payload to trigger this vulnerability.",9.8,3.1,CWE-78,cpe:2.3:o:goabode:iota_all-in-one_security_kit_firmware:6.9z:*:*:*:*:*:*:*|cpe:2.3:h:goabode:iota_all-in-one_security_kit:-:*:*:*:*:*:*:*,Yes,High,
cpe_expansion,CVE-2022-33192,2022-10-25,"Four OS command injection vulnerabilities exist in the XCMD testWifiAP functionality of Abode Systems, Inc. iota All-In-One Security Kit 6.9X and 6.9Z. A XCMD can lead to arbitrary command execution. An attacker can send a sequence of malicious commands to trigger these vulnerabilities.This vulnerability specifically focuses on the unsafe use of the `WL_SSID` and `WL_SSID_HEX` configuration values in the function at offset `0x1c7d28` of firmware 6.9Z.",10.0,3.1,CWE-78,cpe:2.3:o:goabode:iota_all-in-one_security_kit_firmware:6.9x:*:*:*:*:*:*:*|cpe:2.3:o:goabode:iota_all-in-one_security_kit_firmware:6.9z:*:*:*:*:*:*:*,Yes,High,
cpe_expansion,CVE-2022-33193,2022-10-25,"Four OS command injection vulnerabilities exist in the XCMD testWifiAP functionality of Abode Systems, Inc. iota All-In-One Security Kit 6.9X and 6.9Z. A XCMD can lead to arbitrary command execution. An attacker can send a sequence of malicious commands to trigger these vulnerabilities.This vulnerability specifically focuses on the unsafe use of the `WL_WPAPSK` configuration value in the function located at offset `0x1c7d28` of firmware 6.9Z.",10.0,3.1,CWE-78,cpe:2.3:o:goabode:iota_all-in-one_security_kit_firmware:6.9x:*:*:*:*:*:*:*|cpe:2.3:o:goabode:iota_all-in-one_security_kit_firmware:6.9z:*:*:*:*:*:*:*,Yes,High,
cpe_expansion,CVE-2022-33194,2022-10-25,"Four OS command injection vulnerabilities exist in the XCMD testWifiAP functionality of Abode Systems, Inc. iota All-In-One Security Kit 6.9X and 6.9Z. A XCMD can lead to arbitrary command execution. An attacker can send a sequence of malicious commands to trigger these vulnerabilities.This vulnerability focuses on the unsafe use of the `WL_Key` and `WL_DefaultKeyID` configuration values in the function located at offset `0x1c7d28` of firmware 6.9Z , and even more specifically on the command execution occuring at offset `0x1c7f6c`.",10.0,3.1,CWE-78,cpe:2.3:o:goabode:iota_all-in-one_security_kit_firmware:6.9x:*:*:*:*:*:*:*|cpe:2.3:o:goabode:iota_all-in-one_security_kit_firmware:6.9z:*:*:*:*:*:*:*,Yes,High,
cpe_expansion,CVE-2022-33195,2022-10-25,"Four OS command injection vulnerabilities exist in the XCMD testWifiAP functionality of Abode Systems, Inc. iota All-In-One Security Kit 6.9X and 6.9Z. A XCMD can lead to arbitrary command execution. An attacker can send a sequence of malicious commands to trigger these vulnerabilities.This vulnerability focuses on the unsafe use of the `WL_DefaultKeyID` in the function located at offset `0x1c7d28` of firmware 6.9Z, and even more specifically on the command execution occuring at offset `0x1c7fac`.",10.0,3.1,CWE-78,cpe:2.3:o:goabode:iota_all-in-one_security_kit_firmware:6.9x:*:*:*:*:*:*:*|cpe:2.3:o:goabode:iota_all-in-one_security_kit_firmware:6.9z:*:*:*:*:*:*:*,Yes,High,
cpe_expansion,CVE-2022-33204,2022-10-25,"Four OS command injection vulnerabilities exists in the web interface /action/wirelessConnect functionality of Abode Systems, Inc. iota All-In-One Security Kit 6.9X and 6.9Z. A specially-crafted HTTP request can lead to arbitrary command execution. An attacker can make an authenticated HTTP request to trigger these vulnerabilities.This vulnerability focuses on the unsafe use of the `ssid_hex` HTTP parameter to construct an OS Command at offset `0x19afc0` of the `/root/hpgw` binary included in firmware 6.9Z.",9.9,3.1,CWE-78,cpe:2.3:o:goabode:iota_all-in-one_security_kit_firmware:6.9x:*:*:*:*:*:*:*|cpe:2.3:o:goabode:iota_all-in-one_security_kit_firmware:6.9z:*:*:*:*:*:*:*,Yes,High,
cpe_expansion,CVE-2022-33205,2022-10-25,"Four OS command injection vulnerabilities exists in the web interface /action/wirelessConnect functionality of Abode Systems, Inc. iota All-In-One Security Kit 6.9X and 6.9Z. A specially-crafted HTTP request can lead to arbitrary command execution. An attacker can make an authenticated HTTP request to trigger these vulnerabilities.This vulnerability focuses on the unsafe use of the `wpapsk_hex` HTTP parameter to construct an OS Command at offset `0x19b0ac` of the `/root/hpgw` binary included in firmware 6.9Z.",9.9,3.1,CWE-78,cpe:2.3:o:goabode:iota_all-in-one_security_kit_firmware:6.9x:*:*:*:*:*:*:*|cpe:2.3:o:goabode:iota_all-in-one_security_kit_firmware:6.9z:*:*:*:*:*:*:*,Yes,High,
cpe_expansion,CVE-2022-33206,2022-10-25,"Four OS command injection vulnerabilities exists in the web interface /action/wirelessConnect functionality of Abode Systems, Inc. iota All-In-One Security Kit 6.9X and 6.9Z. A specially-crafted HTTP request can lead to arbitrary command execution. An attacker can make an authenticated HTTP request to trigger these vulnerabilities.This vulnerability focuses on the unsafe use of the `key` and `default_key_id` HTTP parameters to construct an OS Command crafted at offset `0x19b1f4` of the `/root/hpgw` binary included in firmware 6.9Z.",9.9,3.1,CWE-78,cpe:2.3:o:goabode:iota_all-in-one_security_kit_firmware:6.9x:*:*:*:*:*:*:*|cpe:2.3:o:goabode:iota_all-in-one_security_kit_firmware:6.9z:*:*:*:*:*:*:*,Yes,High,
cpe_expansion,CVE-2022-33207,2022-10-25,"Four OS command injection vulnerabilities exists in the web interface /action/wirelessConnect functionality of Abode Systems, Inc. iota All-In-One Security Kit 6.9X and 6.9Z. A specially-crafted HTTP request can lead to arbitrary command execution. An attacker can make an authenticated HTTP request to trigger these vulnerabilities.This vulnerability focuses on a second unsafe use of the `default_key_id` HTTP parameter to construct an OS Command at offset `0x19B234` of the `/root/hpgw` binary included in firmware 6.9Z.",9.9,3.1,CWE-78,cpe:2.3:o:goabode:iota_all-in-one_security_kit_firmware:6.9x:*:*:*:*:*:*:*|cpe:2.3:o:goabode:iota_all-in-one_security_kit_firmware:6.9z:*:*:*:*:*:*:*,Yes,High,
cpe_expansion,CVE-2022-33938,2022-10-25,"A format string injection vulnerability exists in the ghome_process_control_packet functionality of Abode Systems, Inc. iota All-In-One Security Kit 6.9Z and 6.9X. A specially-crafted XCMD can lead to memory corruption, information disclosure and denial of service. An attacker can send a malicious XML payload to trigger this vulnerability.",9.8,3.1,CWE-134,cpe:2.3:o:goabode:iota_all-in-one_security_kit_firmware:6.9z:*:*:*:*:*:*:*|cpe:2.3:h:goabode:iota_all-in-one_security_kit:-:*:*:*:*:*:*:*|cpe:2.3:o:goabode:iota_all-in-one_security_kit_firmware:6.9x:*:*:*:*:*:*:*,Yes,High,
cpe_expansion,CVE-2022-35244,2022-10-25,"A format string injection vulnerability exists in the XCMD getVarHA functionality of abode systems, inc. iota All-In-One Security Kit 6.9X and 6.9Z. A specially-crafted XCMD can lead to memory corruption, information disclosure, and denial of service. An attacker can send a malicious XML payload to trigger this vulnerability.",9.8,3.1,CWE-134,cpe:2.3:o:goabode:iota_all-in-one_security_kit_firmware:6.9z:*:*:*:*:*:*:*|cpe:2.3:h:goabode:iota_all-in-one_security_kit:-:*:*:*:*:*:*:*|cpe:2.3:o:goabode:iota_all-in-one_security_kit_firmware:6.9x:*:*:*:*:*:*:*,Yes,High,
cpe_expansion,CVE-2022-35874,2022-10-25,"Four format string injection vulnerabilities exist in the XCMD testWifiAP functionality of Abode Systems, Inc. iota All-In-One Security Kit 6.9X and 6.9Z. Specially-crafted configuration values can lead to memory corruption, information disclosure and denial of service. An attacker can modify a configuration value and then execute an XCMD to trigger these vulnerabilities.This vulnerability arises from format string injection via the `ssid` and `ssid_hex` configuration parameters, as used within the `testWifiAP` XCMD handler",9.8,3.1,CWE-134,cpe:2.3:o:goabode:iota_all-in-one_security_kit_firmware:6.9x:*:*:*:*:*:*:*|cpe:2.3:o:goabode:iota_all-in-one_security_kit_firmware:6.9z:*:*:*:*:*:*:*,Yes,High,
cpe_expansion,CVE-2022-35875,2022-10-25,"Four format string injection vulnerabilities exist in the XCMD testWifiAP functionality of Abode Systems, Inc. iota All-In-One Security Kit 6.9X and 6.9Z. Specially-crafted configuration values can lead to memory corruption, information disclosure and denial of service. An attacker can modify a configuration value and then execute an XCMD to trigger these vulnerabilities.This vulnerability arises from format string injection via the `wpapsk` configuration parameter, as used within the `testWifiAP` XCMD handler",9.8,3.1,CWE-134,cpe:2.3:o:goabode:iota_all-in-one_security_kit_firmware:6.9x:*:*:*:*:*:*:*|cpe:2.3:o:goabode:iota_all-in-one_security_kit_firmware:6.9z:*:*:*:*:*:*:*,Yes,High,
cpe_expansion,CVE-2022-35876,2022-10-25,"Four format string injection vulnerabilities exist in the XCMD testWifiAP functionality of Abode Systems, Inc. iota All-In-One Security Kit 6.9X and 6.9Z. Specially-crafted configuration values can lead to memory corruption, information disclosure and denial of service. An attacker can modify a configuration value and then execute an XCMD to trigger these vulnerabilities.This vulnerability arises from format string injection via the `default_key_id` and `key` configuration parameters, as used within the `testWifiAP` XCMD handler",9.8,3.1,CWE-134,cpe:2.3:o:goabode:iota_all-in-one_security_kit_firmware:6.9x:*:*:*:*:*:*:*|cpe:2.3:o:goabode:iota_all-in-one_security_kit_firmware:6.9z:*:*:*:*:*:*:*,Yes,High,
cpe_expansion,CVE-2022-35877,2022-10-25,"Four format string injection vulnerabilities exist in the XCMD testWifiAP functionality of Abode Systems, Inc. iota All-In-One Security Kit 6.9X and 6.9Z. Specially-crafted configuration values can lead to memory corruption, information disclosure and denial of service. An attacker can modify a configuration value and then execute an XCMD to trigger these vulnerabilities.This vulnerability arises from format string injection via the `default_key_id` configuration parameter, as used within the `testWifiAP` XCMD handler",9.8,3.1,CWE-134,cpe:2.3:o:goabode:iota_all-in-one_security_kit_firmware:6.9x:*:*:*:*:*:*:*|cpe:2.3:o:goabode:iota_all-in-one_security_kit_firmware:6.9z:*:*:*:*:*:*:*,Yes,High,
cpe_expansion,CVE-2022-35878,2022-10-25,"Four format string injection vulnerabilities exist in the UPnP logging functionality of Abode Systems, Inc. iota All-In-One Security Kit 6.9Z and 6.9X. A specially-crafted UPnP negotiation can lead to memory corruption, information disclosure, and denial of service. An attacker can host a malicious UPnP service to trigger these vulnerabilities.This vulnerability arises from format string injection via `ST` and `Location` HTTP response headers, as used within the `DoEnumUPnPService` action handler.",8.8,3.1,CWE-134,cpe:2.3:o:goabode:iota_all-in-one_security_kit_firmware:6.9x:*:*:*:*:*:*:*|cpe:2.3:o:goabode:iota_all-in-one_security_kit_firmware:6.9z:*:*:*:*:*:*:*,Yes,High,
cpe_expansion,CVE-2022-35879,2022-10-25,"Four format string injection vulnerabilities exist in the UPnP logging functionality of Abode Systems, Inc. iota All-In-One Security Kit 6.9Z and 6.9X. A specially-crafted UPnP negotiation can lead to memory corruption, information disclosure, and denial of service. An attacker can host a malicious UPnP service to trigger these vulnerabilities.This vulnerability arises from format string injection via `controlURL` XML tag, as used within the `DoUpdateUPnPbyService` action handler.",8.8,3.1,CWE-134,cpe:2.3:o:goabode:iota_all-in-one_security_kit_firmware:6.9x:*:*:*:*:*:*:*|cpe:2.3:o:goabode:iota_all-in-one_security_kit_firmware:6.9z:*:*:*:*:*:*:*,Yes,High,
cpe_expansion,CVE-2022-35880,2022-10-25,"Four format string injection vulnerabilities exist in the UPnP logging functionality of Abode Systems, Inc. iota All-In-One Security Kit 6.9Z and 6.9X. A specially-crafted UPnP negotiation can lead to memory corruption, information disclosure, and denial of service. An attacker can host a malicious UPnP service to trigger these vulnerabilities.This vulnerability arises from format string injection via `NewInternalClient` XML tag, as used within the `DoUpdateUPnPbyService` action handler.",8.8,3.1,CWE-134,cpe:2.3:o:goabode:iota_all-in-one_security_kit_firmware:6.9x:*:*:*:*:*:*:*|cpe:2.3:o:goabode:iota_all-in-one_security_kit_firmware:6.9z:*:*:*:*:*:*:*,Yes,High,
cpe_expansion,CVE-2022-35881,2022-10-25,"Four format string injection vulnerabilities exist in the UPnP logging functionality of Abode Systems, Inc. iota All-In-One Security Kit 6.9Z and 6.9X. A specially-crafted UPnP negotiation can lead to memory corruption, information disclosure, and denial of service. An attacker can host a malicious UPnP service to trigger these vulnerabilities.This vulnerability arises from format string injection via `errorCode` and `errorDescription` XML tags, as used within the `DoUpdateUPnPbyService` action handler.",8.8,3.1,CWE-134,cpe:2.3:o:goabode:iota_all-in-one_security_kit_firmware:6.9x:*:*:*:*:*:*:*|cpe:2.3:o:goabode:iota_all-in-one_security_kit_firmware:6.9z:*:*:*:*:*:*:*,Yes,High,
cpe_expansion,CVE-2022-35884,2022-10-25,"Four format string injection vulnerabilities exist in the web interface /action/wirelessConnect functionality of Abode Systems, Inc. iota All-In-One Security Kit 6.9Z and 6.9X. A specially-crafted HTTP request can lead to memory corruption, information disclosure and denial of service. An attacker can make an authenticated HTTP request to trigger these vulnerabilities.This vulnerability arises from format string injection via the `ssid_hex` HTTP parameter, as used within the `/action/wirelessConnect` handler.",8.8,3.1,CWE-134,cpe:2.3:o:goabode:iota_all-in-one_security_kit_firmware:6.9x:*:*:*:*:*:*:*|cpe:2.3:o:goabode:iota_all-in-one_security_kit_firmware:6.9z:*:*:*:*:*:*:*,Yes,High,
cpe_expansion,CVE-2022-35885,2022-10-25,"Four format string injection vulnerabilities exist in the web interface /action/wirelessConnect functionality of Abode Systems, Inc. iota All-In-One Security Kit 6.9Z and 6.9X. A specially-crafted HTTP request can lead to memory corruption, information disclosure and denial of service. An attacker can make an authenticated HTTP request to trigger these vulnerabilities.This vulnerability arises from format string injection via the `wpapsk_hex` HTTP parameter, as used within the `/action/wirelessConnect` handler.",8.8,3.1,CWE-134,cpe:2.3:o:goabode:iota_all-in-one_security_kit_firmware:6.9x:*:*:*:*:*:*:*|cpe:2.3:o:goabode:iota_all-in-one_security_kit_firmware:6.9z:*:*:*:*:*:*:*,Yes,High,
cpe_expansion,CVE-2022-35886,2022-10-25,"Four format string injection vulnerabilities exist in the web interface /action/wirelessConnect functionality of Abode Systems, Inc. iota All-In-One Security Kit 6.9Z and 6.9X. A specially-crafted HTTP request can lead to memory corruption, information disclosure and denial of service. An attacker can make an authenticated HTTP request to trigger these vulnerabilities.This vulnerability arises from format string injection via the `default_key_id` and `key` HTTP parameters, as used within the `/action/wirelessConnect` handler.",8.8,3.1,CWE-134,cpe:2.3:o:goabode:iota_all-in-one_security_kit_firmware:6.9x:*:*:*:*:*:*:*|cpe:2.3:o:goabode:iota_all-in-one_security_kit_firmware:6.9z:*:*:*:*:*:*:*,Yes,High,
cpe_expansion,CVE-2022-35887,2022-10-25,"Four format string injection vulnerabilities exist in the web interface /action/wirelessConnect functionality of Abode Systems, Inc. iota All-In-One Security Kit 6.9Z and 6.9X. A specially-crafted HTTP request can lead to memory corruption, information disclosure and denial of service. An attacker can make an authenticated HTTP request to trigger these vulnerabilities.This vulnerability arises from format string injection via the `default_key_id` HTTP parameter, as used within the `/action/wirelessConnect` handler.",8.8,3.1,CWE-134,cpe:2.3:o:goabode:iota_all-in-one_security_kit_firmware:6.9x:*:*:*:*:*:*:*|cpe:2.3:o:goabode:iota_all-in-one_security_kit_firmware:6.9z:*:*:*:*:*:*:*,Yes,High,
intersection,CVE-2016-2398,2016-02-17,"Comcast XFINITY Home Security System does not properly maintain base-station communication, which allows physically proximate attackers to defeat sensor functionality by interfering with ZigBee 2.4 GHz transmissions.",6.5,3.0,CWE-254,cpe:2.3:o:comcast:xfinity_home_security_system:*:*:*:*:*:*:*:*,Yes,High,
intersection,CVE-2023-31762,2023-05-24,Weak security in the transmitter of Digoo DG-HAMB Smart Home Security System v1.0 allows attackers to gain full access to the system via a code replay attack.,7.5,3.1,CWE-294,cpe:2.3:o:mydigoo:dg-hamb_firmware:1.0:*:*:*:*:*:*:*|cpe:2.3:h:mydigoo:dg-hamb:-:*:*:*:*:*:*:*,Yes,High,
intersection,CVE-2023-31763,2023-05-24,Weak security in the transmitter of AGShome Smart Alarm v1.0 allows attackers to gain full access to the system via a code replay attack.,7.5,3.1,CWE-294,cpe:2.3:o:agshome_smart_alarm_project:agshome_smart_alarm_firmware:1.0:*:*:*:*:*:*:*|cpe:2.3:h:agshome_smart_alarm_project:agshome_smart_alarm:-:*:*:*:*:*:*:*,Yes,High,
intersection,CVE-2015-1028,2015-01-21,"Multiple cross-site scripting (XSS) vulnerabilities in D-Link DSL-2730B router (rev C1) with firmware GE_1.01 allow remote authenticated users to inject arbitrary web script or HTML via the (1) domainname parameter to dnsProxy.cmd (DNS Proxy Configuration Panel); the (2) brName parameter to lancfg2get.cgi (Lan Configuration Panel); the (3) wlAuthMode, (4) wl_wsc_reg, or (5) wl_wsc_mode parameter to wlsecrefresh.wl (Wireless Security Panel); or the (6) wlWpaPsk parameter to wlsecurity.wl (Wireless Password Viewer).",3.5,2.0,CWE-79,cpe:2.3:o:dlink:dsl-2730b_firmware:ge_1.01:*:*:*:*:*:*:*|cpe:2.3:h:dlink:dsl-2730b:c1:*:*:*:*:*:*:*,No,High,
intersection,CVE-2019-9659,2019-03-11,"The Chuango 433 MHz burglar-alarm product line uses static codes in the RF remote control, allowing an attacker to arm, disarm, or trigger the alarm remotely via replay attacks, as demonstrated by Chuango branded products, and non-Chuango branded products such as the Eminent EM8617 OV2 Wifi Alarm System.",9.1,3.0,CWE-294,cpe:2.3:o:chuango:wifi_alarm_system_firmware:-:*:*:*:*:*:*:*|cpe:2.3:h:chuango:wifi_alarm_system:-:*:*:*:*:*:*:*|cpe:2.3:o:chuango:wifi\/cellular_smart_home_system_h4_plus_firmware:-:*:*:*:*:*:*:*|cpe:2.3:h:chuango:wifi\/cellular_smart_home_system_h4_plus:-:*:*:*:*:*:*:*|cpe:2.3:o:chuango:awv_plus_wifi_alarm_system_firmware:-:*:*:*:*:*:*:*|cpe:2.3:h:chuango:awv_plus_wifi_alarm_system:-:*:*:*:*:*:*:*|cpe:2.3:o:chuango:g5w_3g_firmware:-:*:*:*:*:*:*:*|cpe:2.3:h:chuango:g5w_3g:-:*:*:*:*:*:*:*|cpe:2.3:o:chuango:g5_plus_gsm\/sms\/rfid_touch_alarm_system_firmware:-:*:*:*:*:*:*:*|cpe:2.3:h:chuango:g5_plus_gsm\/sms\/rfid_touch_alarm_system:-:*:*:*:*:*:*:*|cpe:2.3:o:chuango:g3_gsm\/sms_alarm_system_firmware:-:*:*:*:*:*:*:*|cpe:2.3:h:chuango:g3_gsm\/sms_alarm_system:-:*:*:*:*:*:*:*|cpe:2.3:o:chuango:b11_dual-network_alarm_system_firmware:-:*:*:*:*:*:*:*|cpe:2.3:h:chuango:b11_dual-network_alarm_system:-:*:*:*:*:*:*:*|cpe:2.3:o:chuango:a8_pstn_alarm_system_firmware:-:*:*:*:*:*:*:*|cpe:2.3:h:chuango:a8_pstn_alarm_system:-:*:*:*:*:*:*:*|cpe:2.3:o:chuango:a11_pstn\/lcd\/rfid_touch_alarm_system_firmware:-:*:*:*:*:*:*:*|cpe:2.3:h:chuango:a11_pstn\/lcd\/rfid_touch_alarm_system:-:*:*:*:*:*:*:*|cpe:2.3:o:chuango:cg-105s_on-site_alarm_system_firmware:-:*:*:*:*:*:*:*|cpe:2.3:h:chuango:cg-105s_on-site_alarm_system:-:*:*:*:*:*:*:*|cpe:2.3:o:eminent:em8617_ov2_wifi_alarm_system_firmware:-:*:*:*:*:*:*:*|cpe:2.3:h:eminent:em8617_ov2_wifi_alarm_system:-:*:*:*:*:*:*:*,Yes,High,
intersection,CVE-2019-9862,2019-03-27,"An issue was discovered on ABUS Secvest wireless alarm system FUAA50000 3.01.01 in conjunction with Secvest remote control FUBE50014 or FUBE50015. Because ""encrypted signal transmission"" is missing, an attacker is able to eavesdrop sensitive data as cleartext (for instance, the current rolling code state).",6.5,3.0,CWE-311,cpe:2.3:o:abus:secvest_wireless_alarm_system_fuaa50000_firmware:3.01.01:*:*:*:*:*:*:*|cpe:2.3:h:abus:secvest_wireless_alarm_system_fuaa50000:-:*:*:*:*:*:*:*|cpe:2.3:o:abus:secvest_wireless_remote_control_fube50014_firmware:-:*:*:*:*:*:*:*|cpe:2.3:h:abus:secvest_wireless_remote_control_fube50014:-:*:*:*:*:*:*:*|cpe:2.3:o:abus:secvest_wireless_remote_control_fube50015_firmware:-:*:*:*:*:*:*:*|cpe:2.3:h:abus:secvest_wireless_remote_control_fube50015:-:*:*:*:*:*:*:*,Yes,High,
intersection,CVE-2019-9863,2019-03-27,"Due to the use of an insecure algorithm for rolling codes in the ABUS Secvest wireless alarm system FUAA50000 3.01.01 and its remote controls FUBE50014 and FUBE50015, an attacker is able to predict valid future rolling codes, and can thus remotely control the alarm system in an unauthorized way.",9.8,3.0,CWE-330,cpe:2.3:o:abus:secvest_wireless_alarm_system_fuaa50000_firmware:3.01.01:*:*:*:*:*:*:*|cpe:2.3:h:abus:secvest_wireless_alarm_system_fuaa50000:-:*:*:*:*:*:*:*|cpe:2.3:o:abus:secvest_wireless_remote_control_fube50014_firmware:-:*:*:*:*:*:*:*|cpe:2.3:h:abus:secvest_wireless_remote_control_fube50014:-:*:*:*:*:*:*:*|cpe:2.3:o:abus:secvest_wireless_remote_control_fube50015_firmware:-:*:*:*:*:*:*:*|cpe:2.3:h:abus:secvest_wireless_remote_control_fube50015:-:*:*:*:*:*:*:*,Yes,High,
intersection,CVE-2019-9860,2019-03-27,"Due to unencrypted signal communication and predictability of rolling codes, an attacker can ""desynchronize"" an ABUS Secvest wireless remote control (FUBE50014 or FUBE50015) relative to its controlled Secvest wireless alarm system FUAA50000 3.01.01, so that sent commands by the remote control are not accepted anymore.",7.5,3.0,CWE-319|CWE-330,cpe:2.3:o:abus:secvest_wireless_alarm_system_fuaa50000_firmware:3.01.01:*:*:*:*:*:*:*|cpe:2.3:h:abus:secvest_wireless_alarm_system_fuaa50000:-:*:*:*:*:*:*:*|cpe:2.3:o:abus:secvest_wireless_remote_control_fube50014_firmware:-:*:*:*:*:*:*:*|cpe:2.3:h:abus:secvest_wireless_remote_control_fube50014:-:*:*:*:*:*:*:*|cpe:2.3:o:abus:secvest_wireless_remote_control_fube50015_firmware:-:*:*:*:*:*:*:*|cpe:2.3:h:abus:secvest_wireless_remote_control_fube50015:-:*:*:*:*:*:*:*,Yes,High,
intersection,CVE-2019-11561,2019-05-08,"The Chuango 433 MHz burglar-alarm product line is vulnerable to a Denial of Service attack. When the condition is triggered, the OV2 base station is unable to process sensor states and effectively prevents the alarm from setting off, as demonstrated by Chuango branded products, and non-Chuango branded products such as the Eminent EM8617 OV2 Wifi Alarm System.",5.9,3.0,,cpe:2.3:o:chuango:h4_plus_firmware:*:*:*:*:*:*:*:*|cpe:2.3:h:chuango:h4_plus:-:*:*:*:*:*:*:*|cpe:2.3:o:chuango:awv_plus_firmware:*:*:*:*:*:*:*:*|cpe:2.3:h:chuango:awv_plus:-:*:*:*:*:*:*:*|cpe:2.3:o:chuango:g5w_3g_firmware:*:*:*:*:*:*:*:*|cpe:2.3:h:chuango:g5w_3g:-:*:*:*:*:*:*:*|cpe:2.3:o:chuango:g5_plus_firmware:*:*:*:*:*:*:*:*|cpe:2.3:h:chuango:g5_plus:-:*:*:*:*:*:*:*|cpe:2.3:o:chuango:g3_firmware:*:*:*:*:*:*:*:*|cpe:2.3:h:chuango:g3:-:*:*:*:*:*:*:*|cpe:2.3:o:chuango:g5w_firmware:*:*:*:*:*:*:*:*|cpe:2.3:h:chuango:g5w:-:*:*:*:*:*:*:*|cpe:2.3:o:chuango:b11_firmware:*:*:*:*:*:*:*:*|cpe:2.3:h:chuango:b11:-:*:*:*:*:*:*:*|cpe:2.3:o:chuango:a8_firmware:*:*:*:*:*:*:*:*|cpe:2.3:h:chuango:a8:-:*:*:*:*:*:*:*|cpe:2.3:o:chuango:a11_firmware:*:*:*:*:*:*:*:*|cpe:2.3:h:chuango:a11:-:*:*:*:*:*:*:*|cpe:2.3:o:chuango:cg-105s_firmware:*:*:*:*:*:*:*:*|cpe:2.3:h:chuango:cg-105s:-:*:*:*:*:*:*:*,Yes,High,
intersection,CVE-2019-9861,2019-05-14,"Due to the use of an insecure RFID technology (MIFARE Classic), ABUS proximity chip keys (RFID tokens) of the ABUS Secvest FUAA50000 wireless alarm system can easily be cloned and used to deactivate the alarm system in an unauthorized way.",8.1,3.0,CWE-310,cpe:2.3:o:abus:secvest_wireless_alarm_system_fuaa50000_firmware:3.01.01:*:*:*:*:*:*:*|cpe:2.3:h:abus:secvest_wireless_alarm_system_fuaa50000:-:*:*:*:*:*:*:*,Yes,High,
intersection,CVE-2019-14261,2019-09-03,"An issue was discovered on ABUS Secvest FUAA50000 3.01.01 devices. Due to an insufficient implementation of jamming detection, an attacker is able to suppress correctly received RF messages sent between wireless peripheral components, e.g., wireless detectors or remote controls, and the ABUS Secvest alarm central. An attacker is able to perform a ""reactive jamming"" attack. The reactive jamming simply detects the start of a RF message sent by a component of the ABUS Secvest wireless alarm system, for instance a wireless motion detector (FUBW50000) or a remote control (FUBE50014 or FUBE50015), and overlays it with random data before the original RF message ends. Thereby, the receiver (alarm central) is not able to properly decode the original transmitted signal. This enables an attacker to suppress correctly received RF messages of the wireless alarm system in an unauthorized manner, for instance status messages sent by a detector indicating an intrusion.",7.5,3.0,CWE-310,cpe:2.3:o:abus:secvest_wireless_alarm_system_fuaa50000_firmware:3.01.01:*:*:*:*:*:*:*|cpe:2.3:h:abus:secvest_wireless_alarm_system_fuaa50000:-:*:*:*:*:*:*:*,Yes,High,
intersection,CVE-2020-14157,2020-06-17,The wireless-communication feature of the ABUS Secvest FUBE50001 device does not encrypt sensitive data such as PIN codes or IDs of used proximity chip keys (RFID tokens). This makes it easier for an attacker to disarm the wireless alarm system.,8.1,3.1,CWE-319,cpe:2.3:o:abus:secvest_wireless_control_fube50001_firmware:-:*:*:*:*:*:*:*|cpe:2.3:h:abus:secvest_wireless_control_fube50001:-:*:*:*:*:*:*:*,Yes,High,
intersection,CVE-2020-28973,2021-04-21,"The ABUS Secvest wireless alarm system FUAA50000 (v3.01.17) fails to properly authenticate some requests to its built-in HTTPS interface. Someone can use this vulnerability to obtain sensitive information from the system, such as usernames and passwords. This information can then be used to reconfigure or disable the alarm system.",7.5,3.1,CWE-287,cpe:2.3:o:abus:secvest_wireless_alarm_system_fuaa50000_firmware:3.01.17:*:*:*:*:*:*:*|cpe:2.3:h:abus:secvest_wireless_alarm_system_fuaa50000:-:*:*:*:*:*:*:*,Yes,High,
intersection,CVE-2021-40170,2021-12-15,"An RF replay attack vulnerability in the SecuritasHome home alarm system, version HPGW-G 0.0.2.23F BG_U-ITR-F1-BD_BL.A30.20181117, allows an attacker to trigger arbitrary system functionality by replaying previously recorded signals. This lets an adversary, among other things, disarm an armed system.",6.8,3.1,CWE-294,cpe:2.3:o:securitashome:securitashome_alarm_system_firmware:hpgw-g_0.0.2.23f_bg_u-itr-f1-bd_bl.a30.20181117:*:*:*:*:*:*:*|cpe:2.3:h:securitashome:securitashome_alarm_system:-:*:*:*:*:*:*:*,Yes,High,
intersection,CVE-2021-40171,2021-12-15,"The absence of notifications regarding an ongoing RF jamming attack in the SecuritasHome home alarm system, version HPGW-G 0.0.2.23F BG_U-ITR-F1-BD_BL.A30.20181117, allows an attacker to block legitimate traffic while not alerting the owner of the system.",5.3,3.1,,cpe:2.3:o:securitashome:securitashome_alarm_system_firmware:hpgw-g_0.0.2.23f_bg_u-itr-f1-bd_bl.a30.20181117:*:*:*:*:*:*:*|cpe:2.3:h:securitashome:securitashome_alarm_system:-:*:*:*:*:*:*:*,Yes,High,
intersection,CVE-2023-39842,2023-08-15,Missing encryption in the RFID tag of Digoo DG-HAMB Smart Home Security System v1.0 allows attackers to create a cloned tag via brief physical proximity to the original device.,2.4,3.1,CWE-311,cpe:2.3:o:mydigoo:dg-hamb_smart_home_security_system_firmware:1.0:*:*:*:*:*:*:*|cpe:2.3:h:mydigoo:dg-hamb_smart_home_security_system:-:*:*:*:*:*:*:*,Yes,High,
intersection,CVE-2023-50123,2024-01-11,"The number of attempts to bring the Hozard Alarm system (alarmsystemen) v1.0 to a disarmed state is not limited. This could allow an attacker to perform a brute force on the SMS authentication, to bring the alarm system to a disarmed state.",8.1,3.1,CWE-307,cpe:2.3:a:hozard:alarm_system:1.0:*:*:*:*:*:*:*,Yes,High,
intersection,CVE-2023-50125,2024-01-11,A default engineer password set on the Hozard alarm system (Alarmsysteem) v1.0 allows an attacker to bring the alarm system to a disarmed state.,5.9,3.1,CWE-522,cpe:2.3:a:hozard:alarm_system:1.0:*:*:*:*:*:*:*,Yes,High,
intersection,CVE-2023-50126,2024-01-11,"Missing encryption in the RFID tags of the Hozard alarm system (Alarmsysteem) v1.0 allow attackers to create a cloned tag via brief physical proximity to one of the original tags, which results in an attacker being able to bring the alarm system to a disarmed state.",6.5,3.1,CWE-311,cpe:2.3:a:hozard:alarm_system:1.0:*:*:*:*:*:*:*,Yes,High,
intersection,CVE-2023-50127,2024-01-11,"Hozard alarm system (Alarmsysteem) v1.0 is vulnerable to Improper Authentication. Commands sent via the SMS functionality are accepted from random phone numbers, which allows an attacker to bring the alarm system to a disarmed state from any given phone number.",5.9,3.1,CWE-287,cpe:2.3:a:hozard:alarm_system:1.0:*:*:*:*:*:*:*,Yes,High,
intersection,CVE-2023-50128,2024-01-11,"The remote keyless system of the Hozard alarm system (alarmsystemen) v1.0 sends an identical radio frequency signal for each request, which results in an attacker being able to conduct replay attacks to bring the alarm system to a disarmed state.",5.3,3.1,CWE-294,cpe:2.3:a:hozard:alarm_system:1.0:*:*:*:*:*:*:*,Yes,High,
intersection,CVE-2025-30072,2025-05-19,"Tiiwee X1 Alarm System TWX1HAKV2 allows Authentication Bypass by Capture-replay, leading to physical Access to the protected facilities without triggering an alarm.",7.6,3.1,CWE-294,cpe:2.3:o:tiiwee:twx1hakv2_firmware:-:*:*:*:*:*:*:*|cpe:2.3:h:tiiwee:twx1hakv2:-:*:*:*:*:*:*:*,Yes,High,
intersection,CVE-2025-15114,2025-12-30,Ksenia Security lares (legacy model) Home Automation version 1.6 contains a critical security flaw that exposes the alarm system PIN in the 'basisInfo' XML file after authentication. Attackers can retrieve the PIN from the server response to bypass security measures and disable the alarm system without additional authentication.,9.8,3.1,CWE-403|CWE-668,cpe:2.3:o:kseniasecurity:lares_firmware:1.6:*:*:*:*:*:*:*|cpe:2.3:h:kseniasecurity:lares:4.0:*:*:*:*:*:*:*,Yes,High,
intersection,CVE-2025-65552,2026-01-12,"D3D Wi-Fi Home Security System ZX-G12 v2.1.1 is vulnerable to RF replay attacks on the 433 MHz sensor communication channel. The system does not implement rolling codes, message authentication, or anti-replay protection, allowing an attacker within RF range to record valid alarm/control frames and replay them to trigger false alarms.",9.8,3.1,CWE-294,cpe:2.3:o:d3dsecurity:zx-g12_firmware:2.1.17:*:*:*:*:*:*:*|cpe:2.3:h:d3dsecurity:zx-g12:-:*:*:*:*:*:*:*,Yes,High,
intersection,CVE-2025-65553,2026-01-12,"D3D Wi-Fi Home Security System ZX-G12 v2.1.17 is susceptible to RF jamming on the 433 MHz alarm sensor channel. An attacker within RF range can transmit continuous interference to block sensor transmissions, resulting in missed alarms and loss of security monitoring. The device lacks jamming detection or mitigations, creating a denial-of-service condition that may lead to undetected intrusions or failure to trigger safety alerts.",6.5,3.1,CWE-294,cpe:2.3:o:d3dsecurity:xz-g12_firmware:2.1.17:*:*:*:*:*:*:*|cpe:2.3:h:d3dsecurity:xz-g12:-:*:*:*:*:*:*:*,Yes,High,
