Difference Type,cve_id,published,description,cvss_score,cvss_version,cwe_ids,cpe_strings,Claude Judgment,Claude Confidence,Claude Reasoning
vendor_only,CVE-2019-7676,2019-02-09,A weak password vulnerability was discovered in Enphase Envoy R3.*.*. One can login via TCP port 8888 with the admin password for the admin account.,7.2,3.0,CWE-521,cpe:2.3:a:enphase:envoy:*:*:*:*:*:*:*:*,Yes,High,
vendor_only,CVE-2019-7677,2019-02-09,XSS exists in Enphase Envoy R3.*.* via the profileName parameter to the /home URI on TCP port 8888.,6.1,3.0,CWE-79,cpe:2.3:a:enphase:envoy:*:*:*:*:*:*:*:*,Yes,High,
vendor_only,CVE-2019-7678,2019-02-09,"A directory traversal vulnerability was discovered in Enphase Envoy R3.*.* via images/, include/, include/js, or include/css on TCP port 8888.",9.8,3.0,CWE-22,cpe:2.3:a:enphase:envoy:*:*:*:*:*:*:*:*,Yes,High,
vendor_only,CVE-2017-9851,2017-08-05,"An issue was discovered in SMA Solar Technology products. By sending nonsense data or setting up a TELNET session to the database port of Sunny Explorer, the application can be crashed. NOTE: the vendor reports that the maximum possible damage is a communication failure. Also, only Sunny Boy TLST-21 and TL-21 and Sunny Tripower TL-10 and TL-30 could potentially be affected",7.5,3.0,,cpe:2.3:a:sma:sunny_explorer:-:*:*:*:*:*:*:*,No,Low,"SMA Sunny Explorer is a Windows desktop application for monitoring SMA solar inverters; the vulnerable component is the PC management software, not the home solar inverter device itself"
vendor_only,CVE-2017-9852,2017-08-05,"An Incorrect Password Management issue was discovered in SMA Solar Technology products. Default passwords exist that are rarely changed. User passwords will almost always be default. Installer passwords are expected to be default or similar across installations installed by the same company (but are sometimes changed). Hidden user accounts have (at least in some cases, though more research is required to test this for all hidden user accounts) a fixed password for all devices; it can never be changed by a user. Other vulnerabilities exist that allow an attacker to get the passwords of these hidden user accounts. NOTE: the vendor reports that it has no influence on the allocation of passwords, and that global hardcoded master passwords do not exist. Also, only Sunny Boy TLST-21 and TL-21 and Sunny Tripower TL-10 and TL-30 could potentially be affected",9.8,3.0,CWE-798,cpe:2.3:o:sma:sunny_boy_3600_firmware:-:*:*:*:*:*:*:*|cpe:2.3:h:sma:sunny_boy_3600:-:*:*:*:*:*:*:*|cpe:2.3:o:sma:sunny_boy_5000_firmware:-:*:*:*:*:*:*:*|cpe:2.3:h:sma:sunny_boy_5000:-:*:*:*:*:*:*:*|cpe:2.3:o:sma:sunny_tripower_core1_firmware:-:*:*:*:*:*:*:*|cpe:2.3:h:sma:sunny_tripower_core1:-:*:*:*:*:*:*:*|cpe:2.3:o:sma:sunny_tripower_15000tl_firmware:-:*:*:*:*:*:*:*|cpe:2.3:h:sma:sunny_tripower_15000tl:-:*:*:*:*:*:*:*|cpe:2.3:o:sma:sunny_tripower_20000tl_firmware:-:*:*:*:*:*:*:*|cpe:2.3:h:sma:sunny_tripower_20000tl:-:*:*:*:*:*:*:*|cpe:2.3:o:sma:sunny_tripower_25000tl_firmware:-:*:*:*:*:*:*:*|cpe:2.3:h:sma:sunny_tripower_25000tl:-:*:*:*:*:*:*:*|cpe:2.3:o:sma:sunny_tripower_5000tl_firmware:-:*:*:*:*:*:*:*|cpe:2.3:h:sma:sunny_tripower_5000tl:-:*:*:*:*:*:*:*|cpe:2.3:o:sma:sunny_tripower_12000tl_firmware:-:*:*:*:*:*:*:*|cpe:2.3:h:sma:sunny_tripower_12000tl:-:*:*:*:*:*:*:*|cpe:2.3:o:sma:sunny_tripower_60_firmware:-:*:*:*:*:*:*:*|cpe:2.3:h:sma:sunny_tripower_60:-:*:*:*:*:*:*:*|cpe:2.3:o:sma:sunny_boy_3000tl_firmware:-:*:*:*:*:*:*:*|cpe:2.3:h:sma:sunny_boy_3000tl:-:*:*:*:*:*:*:*|cpe:2.3:o:sma:sunny_boy_3600tl_firmware:-:*:*:*:*:*:*:*|cpe:2.3:h:sma:sunny_boy_3600tl:-:*:*:*:*:*:*:*|cpe:2.3:o:sma:sunny_boy_4000tl_firmware:-:*:*:*:*:*:*:*|cpe:2.3:h:sma:sunny_boy_4000tl:-:*:*:*:*:*:*:*|cpe:2.3:o:sma:sunny_boy_5000tl_firmware:-:*:*:*:*:*:*:*|cpe:2.3:h:sma:sunny_boy_5000tl:-:*:*:*:*:*:*:*|cpe:2.3:o:sma:sunny_boy_1.5_firmware:-:*:*:*:*:*:*:*|cpe:2.3:h:sma:sunny_boy_1.5:-:*:*:*:*:*:*:*|cpe:2.3:o:sma:sunny_boy_2.5_firmware:-:*:*:*:*:*:*:*|cpe:2.3:h:sma:sunny_boy_2.5:-:*:*:*:*:*:*:*|cpe:2.3:o:sma:sunny_boy_3.0_firmware:-:*:*:*:*:*:*:*|cpe:2.3:h:sma:sunny_boy_3.0:-:*:*:*:*:*:*:*|cpe:2.3:o:sma:sunny_boy_3.6_firmware:-:*:*:*:*:*:*:*|cpe:2.3:h:sma:sunny_boy_3.6:-:*:*:*:*:*:*:*|cpe:2.3:o:sma:sunny_boy_4.0_firmware:-:*:*:*:*:*:*:*|cpe:2.3:h:sma:sunny_boy_4.0:-:*:*:*:*:*:*:*|cpe:2.3:o:sma:sunny_boy_5.0_firmware:-:*:*:*:*:*:*:*|cpe:2.3:h:sma:sunny_boy_5.0:-:*:*:*:*:*:*:*|cpe:2.3:o:sma:sunny_central_2200_firmware:-:*:*:*:*:*:*:*|cpe:2.3:h:sma:sunny_central_2200:-:*:*:*:*:*:*:*|cpe:2.3:o:sma:sunny_central_1000cp_xt_firmware:-:*:*:*:*:*:*:*|cpe:2.3:h:sma:sunny_central_1000cp_xt:-:*:*:*:*:*:*:*|cpe:2.3:o:sma:sunny_central_800cp_xt_firmware:-:*:*:*:*:*:*:*|cpe:2.3:h:sma:sunny_central_800cp_xt:-:*:*:*:*:*:*:*|cpe:2.3:o:sma:sunny_central_850cp_xt_firmware:-:*:*:*:*:*:*:*|cpe:2.3:h:sma:sunny_central_850cp_xt:-:*:*:*:*:*:*:*|cpe:2.3:o:sma:sunny_central_900cp_xt_firmware:-:*:*:*:*:*:*:*|cpe:2.3:h:sma:sunny_central_900cp_xt:-:*:*:*:*:*:*:*|cpe:2.3:o:sma:sunny_central_500cp_xt_firmware:-:*:*:*:*:*:*:*|cpe:2.3:h:sma:sunny_central_500cp_xt:-:*:*:*:*:*:*:*|cpe:2.3:o:sma:sunny_central_630cp_xt_firmware:-:*:*:*:*:*:*:*|cpe:2.3:h:sma:sunny_central_630cp_xt:-:*:*:*:*:*:*:*|cpe:2.3:o:sma:sunny_central_720cp_xt_firmware:-:*:*:*:*:*:*:*|cpe:2.3:h:sma:sunny_central_720cp_xt:-:*:*:*:*:*:*:*|cpe:2.3:o:sma:sunny_central_760cp_xt_firmware:-:*:*:*:*:*:*:*|cpe:2.3:h:sma:sunny_central_760cp_xt:-:*:*:*:*:*:*:*|cpe:2.3:o:sma:sunny_central_storage_500_firmware:-:*:*:*:*:*:*:*|cpe:2.3:h:sma:sunny_central_storage_500:-:*:*:*:*:*:*:*|cpe:2.3:o:sma:sunny_central_storage_630_firmware:-:*:*:*:*:*:*:*|cpe:2.3:h:sma:sunny_central_storage_630:-:*:*:*:*:*:*:*|cpe:2.3:o:sma:sunny_central_storage_720_firmware:-:*:*:*:*:*:*:*|cpe:2.3:h:sma:sunny_central_storage_720:-:*:*:*:*:*:*:*|cpe:2.3:o:sma:sunny_central_storage_760_firmware:-:*:*:*:*:*:*:*|cpe:2.3:h:sma:sunny_central_storage_760:-:*:*:*:*:*:*:*|cpe:2.3:o:sma:sunny_central_storage_800_firmware:-:*:*:*:*:*:*:*|cpe:2.3:h:sma:sunny_central_storage_800:-:*:*:*:*:*:*:*|cpe:2.3:o:sma:sunny_central_storage_850_firmware:-:*:*:*:*:*:*:*|cpe:2.3:h:sma:sunny_central_storage_850:-:*:*:*:*:*:*:*|cpe:2.3:o:sma:sunny_central_storage_900_firmware:-:*:*:*:*:*:*:*|cpe:2.3:h:sma:sunny_central_storage_900:-:*:*:*:*:*:*:*|cpe:2.3:o:sma:sunny_central_storage_1000_firmware:-:*:*:*:*:*:*:*|cpe:2.3:h:sma:sunny_central_storage_1000:-:*:*:*:*:*:*:*|cpe:2.3:o:sma:sunny_central_storage_2200_firmware:-:*:*:*:*:*:*:*|cpe:2.3:h:sma:sunny_central_storage_2200:-:*:*:*:*:*:*:*|cpe:2.3:o:sma:sunny_central_storage_2500-ev_firmware:-:*:*:*:*:*:*:*|cpe:2.3:h:sma:sunny_central_storage_2500-ev:-:*:*:*:*:*:*:*|cpe:2.3:o:sma:sunny_boy_storage_2.5_firmware:-:*:*:*:*:*:*:*|cpe:2.3:h:sma:sunny_boy_storage_2.5:-:*:*:*:*:*:*:*,Yes,High,
vendor_only,CVE-2017-9853,2017-08-05,"An issue was discovered in SMA Solar Technology products. All inverters have a very weak password policy for the user and installer password. No complexity requirements or length requirements are set. Also, strong passwords are impossible due to a maximum of 12 characters and a limited set of characters. NOTE: the vendor reports that the 12-character limit provides ""a very high security standard."" Also, only Sunny Boy TLST-21 and TL-21 and Sunny Tripower TL-10 and TL-30 could potentially be affected",9.8,3.0,CWE-521,cpe:2.3:o:sma:sunny_boy_3600_firmware:-:*:*:*:*:*:*:*|cpe:2.3:h:sma:sunny_boy_3600:-:*:*:*:*:*:*:*|cpe:2.3:o:sma:sunny_boy_5000_firmware:-:*:*:*:*:*:*:*|cpe:2.3:h:sma:sunny_boy_5000:-:*:*:*:*:*:*:*|cpe:2.3:o:sma:sunny_tripower_core1_firmware:-:*:*:*:*:*:*:*|cpe:2.3:h:sma:sunny_tripower_core1:-:*:*:*:*:*:*:*|cpe:2.3:o:sma:sunny_tripower_15000tl_firmware:-:*:*:*:*:*:*:*|cpe:2.3:h:sma:sunny_tripower_15000tl:-:*:*:*:*:*:*:*|cpe:2.3:o:sma:sunny_tripower_20000tl_firmware:-:*:*:*:*:*:*:*|cpe:2.3:h:sma:sunny_tripower_20000tl:-:*:*:*:*:*:*:*|cpe:2.3:o:sma:sunny_tripower_25000tl_firmware:-:*:*:*:*:*:*:*|cpe:2.3:h:sma:sunny_tripower_25000tl:-:*:*:*:*:*:*:*|cpe:2.3:o:sma:sunny_tripower_5000tl_firmware:-:*:*:*:*:*:*:*|cpe:2.3:h:sma:sunny_tripower_5000tl:-:*:*:*:*:*:*:*|cpe:2.3:o:sma:sunny_tripower_12000tl_firmware:-:*:*:*:*:*:*:*|cpe:2.3:h:sma:sunny_tripower_12000tl:-:*:*:*:*:*:*:*|cpe:2.3:o:sma:sunny_tripower_60_firmware:-:*:*:*:*:*:*:*|cpe:2.3:h:sma:sunny_tripower_60:-:*:*:*:*:*:*:*|cpe:2.3:o:sma:sunny_boy_3000tl_firmware:-:*:*:*:*:*:*:*|cpe:2.3:h:sma:sunny_boy_3000tl:-:*:*:*:*:*:*:*|cpe:2.3:o:sma:sunny_boy_3600tl_firmware:-:*:*:*:*:*:*:*|cpe:2.3:h:sma:sunny_boy_3600tl:-:*:*:*:*:*:*:*|cpe:2.3:o:sma:sunny_boy_4000tl_firmware:-:*:*:*:*:*:*:*|cpe:2.3:h:sma:sunny_boy_4000tl:-:*:*:*:*:*:*:*|cpe:2.3:o:sma:sunny_boy_5000tl_firmware:-:*:*:*:*:*:*:*|cpe:2.3:h:sma:sunny_boy_5000tl:-:*:*:*:*:*:*:*|cpe:2.3:o:sma:sunny_boy_1.5_firmware:-:*:*:*:*:*:*:*|cpe:2.3:h:sma:sunny_boy_1.5:-:*:*:*:*:*:*:*|cpe:2.3:o:sma:sunny_boy_2.5_firmware:-:*:*:*:*:*:*:*|cpe:2.3:h:sma:sunny_boy_2.5:-:*:*:*:*:*:*:*|cpe:2.3:o:sma:sunny_boy_3.0_firmware:-:*:*:*:*:*:*:*|cpe:2.3:h:sma:sunny_boy_3.0:-:*:*:*:*:*:*:*|cpe:2.3:o:sma:sunny_boy_3.6_firmware:-:*:*:*:*:*:*:*|cpe:2.3:h:sma:sunny_boy_3.6:-:*:*:*:*:*:*:*|cpe:2.3:o:sma:sunny_boy_4.0_firmware:-:*:*:*:*:*:*:*|cpe:2.3:h:sma:sunny_boy_4.0:-:*:*:*:*:*:*:*|cpe:2.3:o:sma:sunny_boy_5.0_firmware:-:*:*:*:*:*:*:*|cpe:2.3:h:sma:sunny_boy_5.0:-:*:*:*:*:*:*:*|cpe:2.3:o:sma:sunny_central_2200_firmware:-:*:*:*:*:*:*:*|cpe:2.3:h:sma:sunny_central_2200:-:*:*:*:*:*:*:*|cpe:2.3:o:sma:sunny_central_1000cp_xt_firmware:-:*:*:*:*:*:*:*|cpe:2.3:h:sma:sunny_central_1000cp_xt:-:*:*:*:*:*:*:*|cpe:2.3:o:sma:sunny_central_800cp_xt_firmware:-:*:*:*:*:*:*:*|cpe:2.3:h:sma:sunny_central_800cp_xt:-:*:*:*:*:*:*:*|cpe:2.3:o:sma:sunny_central_850cp_xt_firmware:-:*:*:*:*:*:*:*|cpe:2.3:h:sma:sunny_central_850cp_xt:-:*:*:*:*:*:*:*|cpe:2.3:o:sma:sunny_central_900cp_xt_firmware:-:*:*:*:*:*:*:*|cpe:2.3:h:sma:sunny_central_900cp_xt:-:*:*:*:*:*:*:*|cpe:2.3:o:sma:sunny_central_500cp_xt_firmware:-:*:*:*:*:*:*:*|cpe:2.3:h:sma:sunny_central_500cp_xt:-:*:*:*:*:*:*:*|cpe:2.3:o:sma:sunny_central_630cp_xt_firmware:-:*:*:*:*:*:*:*|cpe:2.3:h:sma:sunny_central_630cp_xt:-:*:*:*:*:*:*:*|cpe:2.3:o:sma:sunny_central_720cp_xt_firmware:-:*:*:*:*:*:*:*|cpe:2.3:h:sma:sunny_central_720cp_xt:-:*:*:*:*:*:*:*|cpe:2.3:o:sma:sunny_central_760cp_xt_firmware:-:*:*:*:*:*:*:*|cpe:2.3:h:sma:sunny_central_760cp_xt:-:*:*:*:*:*:*:*|cpe:2.3:o:sma:sunny_central_storage_500_firmware:-:*:*:*:*:*:*:*|cpe:2.3:h:sma:sunny_central_storage_500:-:*:*:*:*:*:*:*|cpe:2.3:o:sma:sunny_central_storage_630_firmware:-:*:*:*:*:*:*:*|cpe:2.3:h:sma:sunny_central_storage_630:-:*:*:*:*:*:*:*|cpe:2.3:o:sma:sunny_central_storage_720_firmware:-:*:*:*:*:*:*:*|cpe:2.3:h:sma:sunny_central_storage_720:-:*:*:*:*:*:*:*|cpe:2.3:o:sma:sunny_central_storage_760_firmware:-:*:*:*:*:*:*:*|cpe:2.3:h:sma:sunny_central_storage_760:-:*:*:*:*:*:*:*|cpe:2.3:o:sma:sunny_central_storage_800_firmware:-:*:*:*:*:*:*:*|cpe:2.3:h:sma:sunny_central_storage_800:-:*:*:*:*:*:*:*|cpe:2.3:o:sma:sunny_central_storage_850_firmware:-:*:*:*:*:*:*:*|cpe:2.3:h:sma:sunny_central_storage_850:-:*:*:*:*:*:*:*|cpe:2.3:o:sma:sunny_central_storage_900_firmware:-:*:*:*:*:*:*:*|cpe:2.3:h:sma:sunny_central_storage_900:-:*:*:*:*:*:*:*|cpe:2.3:o:sma:sunny_central_storage_1000_firmware:-:*:*:*:*:*:*:*|cpe:2.3:h:sma:sunny_central_storage_1000:-:*:*:*:*:*:*:*|cpe:2.3:o:sma:sunny_central_storage_2200_firmware:-:*:*:*:*:*:*:*|cpe:2.3:h:sma:sunny_central_storage_2200:-:*:*:*:*:*:*:*|cpe:2.3:o:sma:sunny_central_storage_2500-ev_firmware:-:*:*:*:*:*:*:*|cpe:2.3:h:sma:sunny_central_storage_2500-ev:-:*:*:*:*:*:*:*|cpe:2.3:o:sma:sunny_boy_storage_2.5_firmware:-:*:*:*:*:*:*:*|cpe:2.3:h:sma:sunny_boy_storage_2.5:-:*:*:*:*:*:*:*,Yes,High,
vendor_only,CVE-2017-9854,2017-08-05,"An issue was discovered in SMA Solar Technology products. By sniffing for specific packets on the localhost, plaintext passwords can be obtained as they are typed into Sunny Explorer by the user. These passwords can then be used to compromise the overall device. NOTE: the vendor reports that exploitation likelihood is low because these packets are usually sent only once during installation. Also, only Sunny Boy TLST-21 and TL-21 and Sunny Tripower TL-10 and TL-30 could potentially be affected",9.8,3.0,CWE-311,cpe:2.3:o:sma:sunny_boy_3600_firmware:-:*:*:*:*:*:*:*|cpe:2.3:h:sma:sunny_boy_3600:-:*:*:*:*:*:*:*|cpe:2.3:o:sma:sunny_boy_5000_firmware:-:*:*:*:*:*:*:*|cpe:2.3:h:sma:sunny_boy_5000:-:*:*:*:*:*:*:*|cpe:2.3:o:sma:sunny_tripower_core1_firmware:-:*:*:*:*:*:*:*|cpe:2.3:h:sma:sunny_tripower_core1:-:*:*:*:*:*:*:*|cpe:2.3:o:sma:sunny_tripower_15000tl_firmware:-:*:*:*:*:*:*:*|cpe:2.3:h:sma:sunny_tripower_15000tl:-:*:*:*:*:*:*:*|cpe:2.3:o:sma:sunny_tripower_20000tl_firmware:-:*:*:*:*:*:*:*|cpe:2.3:h:sma:sunny_tripower_20000tl:-:*:*:*:*:*:*:*|cpe:2.3:o:sma:sunny_tripower_25000tl_firmware:-:*:*:*:*:*:*:*|cpe:2.3:h:sma:sunny_tripower_25000tl:-:*:*:*:*:*:*:*|cpe:2.3:o:sma:sunny_tripower_5000tl_firmware:-:*:*:*:*:*:*:*|cpe:2.3:h:sma:sunny_tripower_5000tl:-:*:*:*:*:*:*:*|cpe:2.3:o:sma:sunny_tripower_12000tl_firmware:-:*:*:*:*:*:*:*|cpe:2.3:h:sma:sunny_tripower_12000tl:-:*:*:*:*:*:*:*|cpe:2.3:o:sma:sunny_tripower_60_firmware:-:*:*:*:*:*:*:*|cpe:2.3:h:sma:sunny_tripower_60:-:*:*:*:*:*:*:*|cpe:2.3:o:sma:sunny_boy_3000tl_firmware:-:*:*:*:*:*:*:*|cpe:2.3:h:sma:sunny_boy_3000tl:-:*:*:*:*:*:*:*|cpe:2.3:o:sma:sunny_boy_3600tl_firmware:-:*:*:*:*:*:*:*|cpe:2.3:h:sma:sunny_boy_3600tl:-:*:*:*:*:*:*:*|cpe:2.3:o:sma:sunny_boy_4000tl_firmware:-:*:*:*:*:*:*:*|cpe:2.3:h:sma:sunny_boy_4000tl:-:*:*:*:*:*:*:*|cpe:2.3:o:sma:sunny_boy_5000tl_firmware:-:*:*:*:*:*:*:*|cpe:2.3:h:sma:sunny_boy_5000tl:-:*:*:*:*:*:*:*|cpe:2.3:o:sma:sunny_boy_1.5_firmware:-:*:*:*:*:*:*:*|cpe:2.3:h:sma:sunny_boy_1.5:-:*:*:*:*:*:*:*|cpe:2.3:o:sma:sunny_boy_2.5_firmware:-:*:*:*:*:*:*:*|cpe:2.3:h:sma:sunny_boy_2.5:-:*:*:*:*:*:*:*|cpe:2.3:o:sma:sunny_boy_3.0_firmware:-:*:*:*:*:*:*:*|cpe:2.3:h:sma:sunny_boy_3.0:-:*:*:*:*:*:*:*|cpe:2.3:o:sma:sunny_boy_3.6_firmware:-:*:*:*:*:*:*:*|cpe:2.3:h:sma:sunny_boy_3.6:-:*:*:*:*:*:*:*|cpe:2.3:o:sma:sunny_boy_4.0_firmware:-:*:*:*:*:*:*:*|cpe:2.3:h:sma:sunny_boy_4.0:-:*:*:*:*:*:*:*|cpe:2.3:o:sma:sunny_boy_5.0_firmware:-:*:*:*:*:*:*:*|cpe:2.3:h:sma:sunny_boy_5.0:-:*:*:*:*:*:*:*|cpe:2.3:o:sma:sunny_central_2200_firmware:-:*:*:*:*:*:*:*|cpe:2.3:h:sma:sunny_central_2200:-:*:*:*:*:*:*:*|cpe:2.3:o:sma:sunny_central_1000cp_xt_firmware:-:*:*:*:*:*:*:*|cpe:2.3:h:sma:sunny_central_1000cp_xt:-:*:*:*:*:*:*:*|cpe:2.3:o:sma:sunny_central_800cp_xt_firmware:-:*:*:*:*:*:*:*|cpe:2.3:h:sma:sunny_central_800cp_xt:-:*:*:*:*:*:*:*|cpe:2.3:o:sma:sunny_central_850cp_xt_firmware:-:*:*:*:*:*:*:*|cpe:2.3:h:sma:sunny_central_850cp_xt:-:*:*:*:*:*:*:*|cpe:2.3:o:sma:sunny_central_900cp_xt_firmware:-:*:*:*:*:*:*:*|cpe:2.3:h:sma:sunny_central_900cp_xt:-:*:*:*:*:*:*:*|cpe:2.3:o:sma:sunny_central_500cp_xt_firmware:-:*:*:*:*:*:*:*|cpe:2.3:h:sma:sunny_central_500cp_xt:-:*:*:*:*:*:*:*|cpe:2.3:o:sma:sunny_central_630cp_xt_firmware:-:*:*:*:*:*:*:*|cpe:2.3:h:sma:sunny_central_630cp_xt:-:*:*:*:*:*:*:*|cpe:2.3:o:sma:sunny_central_720cp_xt_firmware:-:*:*:*:*:*:*:*|cpe:2.3:h:sma:sunny_central_720cp_xt:-:*:*:*:*:*:*:*|cpe:2.3:o:sma:sunny_central_760cp_xt_firmware:-:*:*:*:*:*:*:*|cpe:2.3:h:sma:sunny_central_760cp_xt:-:*:*:*:*:*:*:*|cpe:2.3:o:sma:sunny_central_storage_500_firmware:-:*:*:*:*:*:*:*|cpe:2.3:h:sma:sunny_central_storage_500:-:*:*:*:*:*:*:*|cpe:2.3:o:sma:sunny_central_storage_630_firmware:-:*:*:*:*:*:*:*|cpe:2.3:h:sma:sunny_central_storage_630:-:*:*:*:*:*:*:*|cpe:2.3:o:sma:sunny_central_storage_720_firmware:-:*:*:*:*:*:*:*|cpe:2.3:h:sma:sunny_central_storage_720:-:*:*:*:*:*:*:*|cpe:2.3:o:sma:sunny_central_storage_760_firmware:-:*:*:*:*:*:*:*|cpe:2.3:h:sma:sunny_central_storage_760:-:*:*:*:*:*:*:*|cpe:2.3:o:sma:sunny_central_storage_800_firmware:-:*:*:*:*:*:*:*|cpe:2.3:h:sma:sunny_central_storage_800:-:*:*:*:*:*:*:*|cpe:2.3:o:sma:sunny_central_storage_850_firmware:-:*:*:*:*:*:*:*|cpe:2.3:h:sma:sunny_central_storage_850:-:*:*:*:*:*:*:*|cpe:2.3:o:sma:sunny_central_storage_900_firmware:-:*:*:*:*:*:*:*|cpe:2.3:h:sma:sunny_central_storage_900:-:*:*:*:*:*:*:*|cpe:2.3:o:sma:sunny_central_storage_1000_firmware:-:*:*:*:*:*:*:*|cpe:2.3:h:sma:sunny_central_storage_1000:-:*:*:*:*:*:*:*|cpe:2.3:o:sma:sunny_central_storage_2200_firmware:-:*:*:*:*:*:*:*|cpe:2.3:h:sma:sunny_central_storage_2200:-:*:*:*:*:*:*:*|cpe:2.3:o:sma:sunny_central_storage_2500-ev_firmware:-:*:*:*:*:*:*:*|cpe:2.3:h:sma:sunny_central_storage_2500-ev:-:*:*:*:*:*:*:*|cpe:2.3:o:sma:sunny_boy_storage_2.5_firmware:-:*:*:*:*:*:*:*|cpe:2.3:h:sma:sunny_boy_storage_2.5:-:*:*:*:*:*:*:*,Yes,High,
vendor_only,CVE-2017-9855,2017-08-05,"An issue was discovered in SMA Solar Technology products. A secondary authentication system is available for Installers called the Grid Guard system. This system uses predictable codes, and a single Grid Guard code can be used on any SMA inverter. Any such code, when combined with the installer account, allows changing very sensitive parameters. NOTE: the vendor reports that Grid Guard is not an authentication feature; it is only a tracing feature. Also, only Sunny Boy TLST-21 and TL-21 and Sunny Tripower TL-10 and TL-30 could potentially be affected",9.8,3.1,CWE-863,cpe:2.3:o:sma:sunny_boy_3600_firmware:-:*:*:*:*:*:*:*|cpe:2.3:h:sma:sunny_boy_3600:-:*:*:*:*:*:*:*|cpe:2.3:o:sma:sunny_boy_5000_firmware:-:*:*:*:*:*:*:*|cpe:2.3:h:sma:sunny_boy_5000:-:*:*:*:*:*:*:*|cpe:2.3:o:sma:sunny_tripower_core1_firmware:-:*:*:*:*:*:*:*|cpe:2.3:h:sma:sunny_tripower_core1:-:*:*:*:*:*:*:*|cpe:2.3:o:sma:sunny_tripower_15000tl_firmware:-:*:*:*:*:*:*:*|cpe:2.3:h:sma:sunny_tripower_15000tl:-:*:*:*:*:*:*:*|cpe:2.3:o:sma:sunny_tripower_20000tl_firmware:-:*:*:*:*:*:*:*|cpe:2.3:h:sma:sunny_tripower_20000tl:-:*:*:*:*:*:*:*|cpe:2.3:o:sma:sunny_tripower_25000tl_firmware:-:*:*:*:*:*:*:*|cpe:2.3:h:sma:sunny_tripower_25000tl:-:*:*:*:*:*:*:*|cpe:2.3:o:sma:sunny_tripower_5000tl_firmware:-:*:*:*:*:*:*:*|cpe:2.3:h:sma:sunny_tripower_5000tl:-:*:*:*:*:*:*:*|cpe:2.3:o:sma:sunny_tripower_12000tl_firmware:-:*:*:*:*:*:*:*|cpe:2.3:h:sma:sunny_tripower_12000tl:-:*:*:*:*:*:*:*|cpe:2.3:o:sma:sunny_tripower_60_firmware:-:*:*:*:*:*:*:*|cpe:2.3:h:sma:sunny_tripower_60:-:*:*:*:*:*:*:*|cpe:2.3:o:sma:sunny_boy_3000tl_firmware:-:*:*:*:*:*:*:*|cpe:2.3:h:sma:sunny_boy_3000tl:-:*:*:*:*:*:*:*|cpe:2.3:o:sma:sunny_boy_3600tl_firmware:-:*:*:*:*:*:*:*|cpe:2.3:h:sma:sunny_boy_3600tl:-:*:*:*:*:*:*:*|cpe:2.3:o:sma:sunny_boy_4000tl_firmware:-:*:*:*:*:*:*:*|cpe:2.3:h:sma:sunny_boy_4000tl:-:*:*:*:*:*:*:*|cpe:2.3:o:sma:sunny_boy_5000tl_firmware:-:*:*:*:*:*:*:*|cpe:2.3:h:sma:sunny_boy_5000tl:-:*:*:*:*:*:*:*|cpe:2.3:o:sma:sunny_boy_1.5_firmware:-:*:*:*:*:*:*:*|cpe:2.3:h:sma:sunny_boy_1.5:-:*:*:*:*:*:*:*|cpe:2.3:o:sma:sunny_boy_2.5_firmware:-:*:*:*:*:*:*:*|cpe:2.3:h:sma:sunny_boy_2.5:-:*:*:*:*:*:*:*|cpe:2.3:o:sma:sunny_boy_3.0_firmware:-:*:*:*:*:*:*:*|cpe:2.3:h:sma:sunny_boy_3.0:-:*:*:*:*:*:*:*|cpe:2.3:o:sma:sunny_boy_3.6_firmware:-:*:*:*:*:*:*:*|cpe:2.3:h:sma:sunny_boy_3.6:-:*:*:*:*:*:*:*|cpe:2.3:o:sma:sunny_boy_4.0_firmware:-:*:*:*:*:*:*:*|cpe:2.3:h:sma:sunny_boy_4.0:-:*:*:*:*:*:*:*|cpe:2.3:o:sma:sunny_boy_5.0_firmware:-:*:*:*:*:*:*:*|cpe:2.3:h:sma:sunny_boy_5.0:-:*:*:*:*:*:*:*|cpe:2.3:o:sma:sunny_central_2200_firmware:-:*:*:*:*:*:*:*|cpe:2.3:h:sma:sunny_central_2200:-:*:*:*:*:*:*:*|cpe:2.3:o:sma:sunny_central_1000cp_xt_firmware:-:*:*:*:*:*:*:*|cpe:2.3:h:sma:sunny_central_1000cp_xt:-:*:*:*:*:*:*:*|cpe:2.3:o:sma:sunny_central_800cp_xt_firmware:-:*:*:*:*:*:*:*|cpe:2.3:h:sma:sunny_central_800cp_xt:-:*:*:*:*:*:*:*|cpe:2.3:o:sma:sunny_central_850cp_xt_firmware:-:*:*:*:*:*:*:*|cpe:2.3:h:sma:sunny_central_850cp_xt:-:*:*:*:*:*:*:*|cpe:2.3:o:sma:sunny_central_900cp_xt_firmware:-:*:*:*:*:*:*:*|cpe:2.3:h:sma:sunny_central_900cp_xt:-:*:*:*:*:*:*:*|cpe:2.3:o:sma:sunny_central_500cp_xt_firmware:-:*:*:*:*:*:*:*|cpe:2.3:h:sma:sunny_central_500cp_xt:-:*:*:*:*:*:*:*|cpe:2.3:o:sma:sunny_central_630cp_xt_firmware:-:*:*:*:*:*:*:*|cpe:2.3:h:sma:sunny_central_630cp_xt:-:*:*:*:*:*:*:*|cpe:2.3:o:sma:sunny_central_720cp_xt_firmware:-:*:*:*:*:*:*:*|cpe:2.3:h:sma:sunny_central_720cp_xt:-:*:*:*:*:*:*:*|cpe:2.3:o:sma:sunny_central_760cp_xt_firmware:-:*:*:*:*:*:*:*|cpe:2.3:h:sma:sunny_central_760cp_xt:-:*:*:*:*:*:*:*|cpe:2.3:o:sma:sunny_central_storage_500_firmware:-:*:*:*:*:*:*:*|cpe:2.3:h:sma:sunny_central_storage_500:-:*:*:*:*:*:*:*|cpe:2.3:o:sma:sunny_central_storage_630_firmware:-:*:*:*:*:*:*:*|cpe:2.3:h:sma:sunny_central_storage_630:-:*:*:*:*:*:*:*|cpe:2.3:o:sma:sunny_central_storage_720_firmware:-:*:*:*:*:*:*:*|cpe:2.3:h:sma:sunny_central_storage_720:-:*:*:*:*:*:*:*|cpe:2.3:o:sma:sunny_central_storage_760_firmware:-:*:*:*:*:*:*:*|cpe:2.3:h:sma:sunny_central_storage_760:-:*:*:*:*:*:*:*|cpe:2.3:o:sma:sunny_central_storage_800_firmware:-:*:*:*:*:*:*:*|cpe:2.3:h:sma:sunny_central_storage_800:-:*:*:*:*:*:*:*|cpe:2.3:o:sma:sunny_central_storage_850_firmware:-:*:*:*:*:*:*:*|cpe:2.3:h:sma:sunny_central_storage_850:-:*:*:*:*:*:*:*|cpe:2.3:o:sma:sunny_central_storage_900_firmware:-:*:*:*:*:*:*:*|cpe:2.3:h:sma:sunny_central_storage_900:-:*:*:*:*:*:*:*|cpe:2.3:o:sma:sunny_central_storage_1000_firmware:-:*:*:*:*:*:*:*|cpe:2.3:h:sma:sunny_central_storage_1000:-:*:*:*:*:*:*:*|cpe:2.3:o:sma:sunny_central_storage_2200_firmware:-:*:*:*:*:*:*:*|cpe:2.3:h:sma:sunny_central_storage_2200:-:*:*:*:*:*:*:*|cpe:2.3:o:sma:sunny_central_storage_2500-ev_firmware:-:*:*:*:*:*:*:*|cpe:2.3:h:sma:sunny_central_storage_2500-ev:-:*:*:*:*:*:*:*|cpe:2.3:o:sma:sunny_boy_storage_2.5_firmware:-:*:*:*:*:*:*:*|cpe:2.3:h:sma:sunny_boy_storage_2.5:-:*:*:*:*:*:*:*,Yes,High,
vendor_only,CVE-2017-9856,2017-08-05,"An issue was discovered in SMA Solar Technology products. Sniffed passwords from SMAdata2+ communication can be decrypted very easily. The passwords are ""encrypted"" using a very simple encryption algorithm. This enables an attacker to find the plaintext passwords and authenticate to the device. NOTE: the vendor reports that only Sunny Boy TLST-21 and TL-21 and Sunny Tripower TL-10 and TL-30 could potentially be affected",3.4,3.1,CWE-256,cpe:2.3:o:sma:sunny_boy_3600_firmware:-:*:*:*:*:*:*:*|cpe:2.3:h:sma:sunny_boy_3600:-:*:*:*:*:*:*:*|cpe:2.3:o:sma:sunny_boy_5000_firmware:-:*:*:*:*:*:*:*|cpe:2.3:h:sma:sunny_boy_5000:-:*:*:*:*:*:*:*|cpe:2.3:o:sma:sunny_tripower_core1_firmware:-:*:*:*:*:*:*:*|cpe:2.3:h:sma:sunny_tripower_core1:-:*:*:*:*:*:*:*|cpe:2.3:o:sma:sunny_tripower_15000tl_firmware:-:*:*:*:*:*:*:*|cpe:2.3:h:sma:sunny_tripower_15000tl:-:*:*:*:*:*:*:*|cpe:2.3:o:sma:sunny_tripower_20000tl_firmware:-:*:*:*:*:*:*:*|cpe:2.3:h:sma:sunny_tripower_20000tl:-:*:*:*:*:*:*:*|cpe:2.3:o:sma:sunny_tripower_25000tl_firmware:-:*:*:*:*:*:*:*|cpe:2.3:h:sma:sunny_tripower_25000tl:-:*:*:*:*:*:*:*|cpe:2.3:o:sma:sunny_tripower_5000tl_firmware:-:*:*:*:*:*:*:*|cpe:2.3:h:sma:sunny_tripower_5000tl:-:*:*:*:*:*:*:*|cpe:2.3:o:sma:sunny_tripower_12000tl_firmware:-:*:*:*:*:*:*:*|cpe:2.3:h:sma:sunny_tripower_12000tl:-:*:*:*:*:*:*:*|cpe:2.3:o:sma:sunny_tripower_60_firmware:-:*:*:*:*:*:*:*|cpe:2.3:h:sma:sunny_tripower_60:-:*:*:*:*:*:*:*|cpe:2.3:o:sma:sunny_boy_3000tl_firmware:-:*:*:*:*:*:*:*|cpe:2.3:h:sma:sunny_boy_3000tl:-:*:*:*:*:*:*:*|cpe:2.3:o:sma:sunny_boy_3600tl_firmware:-:*:*:*:*:*:*:*|cpe:2.3:h:sma:sunny_boy_3600tl:-:*:*:*:*:*:*:*|cpe:2.3:o:sma:sunny_boy_4000tl_firmware:-:*:*:*:*:*:*:*|cpe:2.3:h:sma:sunny_boy_4000tl:-:*:*:*:*:*:*:*|cpe:2.3:o:sma:sunny_boy_5000tl_firmware:-:*:*:*:*:*:*:*|cpe:2.3:h:sma:sunny_boy_5000tl:-:*:*:*:*:*:*:*|cpe:2.3:o:sma:sunny_boy_1.5_firmware:-:*:*:*:*:*:*:*|cpe:2.3:h:sma:sunny_boy_1.5:-:*:*:*:*:*:*:*|cpe:2.3:o:sma:sunny_boy_2.5_firmware:-:*:*:*:*:*:*:*|cpe:2.3:h:sma:sunny_boy_2.5:-:*:*:*:*:*:*:*|cpe:2.3:o:sma:sunny_boy_3.0_firmware:-:*:*:*:*:*:*:*|cpe:2.3:h:sma:sunny_boy_3.0:-:*:*:*:*:*:*:*|cpe:2.3:o:sma:sunny_boy_3.6_firmware:-:*:*:*:*:*:*:*|cpe:2.3:h:sma:sunny_boy_3.6:-:*:*:*:*:*:*:*|cpe:2.3:o:sma:sunny_boy_4.0_firmware:-:*:*:*:*:*:*:*|cpe:2.3:h:sma:sunny_boy_4.0:-:*:*:*:*:*:*:*|cpe:2.3:o:sma:sunny_boy_5.0_firmware:-:*:*:*:*:*:*:*|cpe:2.3:h:sma:sunny_boy_5.0:-:*:*:*:*:*:*:*|cpe:2.3:o:sma:sunny_central_2200_firmware:-:*:*:*:*:*:*:*|cpe:2.3:h:sma:sunny_central_2200:-:*:*:*:*:*:*:*|cpe:2.3:o:sma:sunny_central_1000cp_xt_firmware:-:*:*:*:*:*:*:*|cpe:2.3:h:sma:sunny_central_1000cp_xt:-:*:*:*:*:*:*:*|cpe:2.3:o:sma:sunny_central_800cp_xt_firmware:-:*:*:*:*:*:*:*|cpe:2.3:h:sma:sunny_central_800cp_xt:-:*:*:*:*:*:*:*|cpe:2.3:o:sma:sunny_central_850cp_xt_firmware:-:*:*:*:*:*:*:*|cpe:2.3:h:sma:sunny_central_850cp_xt:-:*:*:*:*:*:*:*|cpe:2.3:o:sma:sunny_central_900cp_xt_firmware:-:*:*:*:*:*:*:*|cpe:2.3:h:sma:sunny_central_900cp_xt:-:*:*:*:*:*:*:*|cpe:2.3:o:sma:sunny_central_500cp_xt_firmware:-:*:*:*:*:*:*:*|cpe:2.3:h:sma:sunny_central_500cp_xt:-:*:*:*:*:*:*:*|cpe:2.3:o:sma:sunny_central_630cp_xt_firmware:-:*:*:*:*:*:*:*|cpe:2.3:h:sma:sunny_central_630cp_xt:-:*:*:*:*:*:*:*|cpe:2.3:o:sma:sunny_central_720cp_xt_firmware:-:*:*:*:*:*:*:*|cpe:2.3:h:sma:sunny_central_720cp_xt:-:*:*:*:*:*:*:*|cpe:2.3:o:sma:sunny_central_760cp_xt_firmware:-:*:*:*:*:*:*:*|cpe:2.3:h:sma:sunny_central_760cp_xt:-:*:*:*:*:*:*:*|cpe:2.3:o:sma:sunny_central_storage_500_firmware:-:*:*:*:*:*:*:*|cpe:2.3:h:sma:sunny_central_storage_500:-:*:*:*:*:*:*:*|cpe:2.3:o:sma:sunny_central_storage_630_firmware:-:*:*:*:*:*:*:*|cpe:2.3:h:sma:sunny_central_storage_630:-:*:*:*:*:*:*:*|cpe:2.3:o:sma:sunny_central_storage_720_firmware:-:*:*:*:*:*:*:*|cpe:2.3:h:sma:sunny_central_storage_720:-:*:*:*:*:*:*:*|cpe:2.3:o:sma:sunny_central_storage_760_firmware:-:*:*:*:*:*:*:*|cpe:2.3:h:sma:sunny_central_storage_760:-:*:*:*:*:*:*:*|cpe:2.3:o:sma:sunny_central_storage_800_firmware:-:*:*:*:*:*:*:*|cpe:2.3:h:sma:sunny_central_storage_800:-:*:*:*:*:*:*:*|cpe:2.3:o:sma:sunny_central_storage_850_firmware:-:*:*:*:*:*:*:*|cpe:2.3:h:sma:sunny_central_storage_850:-:*:*:*:*:*:*:*|cpe:2.3:o:sma:sunny_central_storage_900_firmware:-:*:*:*:*:*:*:*|cpe:2.3:h:sma:sunny_central_storage_900:-:*:*:*:*:*:*:*|cpe:2.3:o:sma:sunny_central_storage_1000_firmware:-:*:*:*:*:*:*:*|cpe:2.3:h:sma:sunny_central_storage_1000:-:*:*:*:*:*:*:*|cpe:2.3:o:sma:sunny_central_storage_2200_firmware:-:*:*:*:*:*:*:*|cpe:2.3:h:sma:sunny_central_storage_2200:-:*:*:*:*:*:*:*|cpe:2.3:o:sma:sunny_central_storage_2500-ev_firmware:-:*:*:*:*:*:*:*|cpe:2.3:h:sma:sunny_central_storage_2500-ev:-:*:*:*:*:*:*:*|cpe:2.3:o:sma:sunny_boy_storage_2.5_firmware:-:*:*:*:*:*:*:*|cpe:2.3:h:sma:sunny_boy_storage_2.5:-:*:*:*:*:*:*:*,Yes,High,
vendor_only,CVE-2017-9857,2017-08-05,"An issue was discovered in SMA Solar Technology products. The SMAdata2+ communication protocol does not properly use authentication with encryption: it is vulnerable to man in the middle, packet injection, and replay attacks. Any setting change, authentication packet, scouting packet, etc. can be replayed, injected, or used for a man in the middle session. All functionalities available in Sunny Explorer can effectively be done from anywhere within the network as long as an attacker gets the packet setup correctly. This includes the authentication process for all (including hidden) access levels and the changing of settings in accordance with the gained access rights. Furthermore, because the SMAdata2+ communication channel is unencrypted, an attacker capable of understanding the protocol can eavesdrop on communications. NOTE: the vendor's position is that authentication with encryption is not required on an isolated subnetwork. Also, only Sunny Boy TLST-21 and TL-21 and Sunny Tripower TL-10 and TL-30 could potentially be affected",8.1,3.0,CWE-287,cpe:2.3:o:sma:sunny_boy_3600_firmware:-:*:*:*:*:*:*:*|cpe:2.3:h:sma:sunny_boy_3600:-:*:*:*:*:*:*:*|cpe:2.3:o:sma:sunny_boy_5000_firmware:-:*:*:*:*:*:*:*|cpe:2.3:h:sma:sunny_boy_5000:-:*:*:*:*:*:*:*|cpe:2.3:o:sma:sunny_tripower_core1_firmware:-:*:*:*:*:*:*:*|cpe:2.3:h:sma:sunny_tripower_core1:-:*:*:*:*:*:*:*|cpe:2.3:o:sma:sunny_tripower_15000tl_firmware:-:*:*:*:*:*:*:*|cpe:2.3:h:sma:sunny_tripower_15000tl:-:*:*:*:*:*:*:*|cpe:2.3:o:sma:sunny_tripower_20000tl_firmware:-:*:*:*:*:*:*:*|cpe:2.3:h:sma:sunny_tripower_20000tl:-:*:*:*:*:*:*:*|cpe:2.3:o:sma:sunny_tripower_25000tl_firmware:-:*:*:*:*:*:*:*|cpe:2.3:h:sma:sunny_tripower_25000tl:-:*:*:*:*:*:*:*|cpe:2.3:o:sma:sunny_tripower_5000tl_firmware:-:*:*:*:*:*:*:*|cpe:2.3:h:sma:sunny_tripower_5000tl:-:*:*:*:*:*:*:*|cpe:2.3:o:sma:sunny_tripower_12000tl_firmware:-:*:*:*:*:*:*:*|cpe:2.3:h:sma:sunny_tripower_12000tl:-:*:*:*:*:*:*:*|cpe:2.3:o:sma:sunny_tripower_60_firmware:-:*:*:*:*:*:*:*|cpe:2.3:h:sma:sunny_tripower_60:-:*:*:*:*:*:*:*|cpe:2.3:o:sma:sunny_boy_3000tl_firmware:-:*:*:*:*:*:*:*|cpe:2.3:h:sma:sunny_boy_3000tl:-:*:*:*:*:*:*:*|cpe:2.3:o:sma:sunny_boy_3600tl_firmware:-:*:*:*:*:*:*:*|cpe:2.3:h:sma:sunny_boy_3600tl:-:*:*:*:*:*:*:*|cpe:2.3:o:sma:sunny_boy_4000tl_firmware:-:*:*:*:*:*:*:*|cpe:2.3:h:sma:sunny_boy_4000tl:-:*:*:*:*:*:*:*|cpe:2.3:o:sma:sunny_boy_5000tl_firmware:-:*:*:*:*:*:*:*|cpe:2.3:h:sma:sunny_boy_5000tl:-:*:*:*:*:*:*:*|cpe:2.3:o:sma:sunny_boy_1.5_firmware:-:*:*:*:*:*:*:*|cpe:2.3:h:sma:sunny_boy_1.5:-:*:*:*:*:*:*:*|cpe:2.3:o:sma:sunny_boy_2.5_firmware:-:*:*:*:*:*:*:*|cpe:2.3:h:sma:sunny_boy_2.5:-:*:*:*:*:*:*:*|cpe:2.3:o:sma:sunny_boy_3.0_firmware:-:*:*:*:*:*:*:*|cpe:2.3:h:sma:sunny_boy_3.0:-:*:*:*:*:*:*:*|cpe:2.3:o:sma:sunny_boy_3.6_firmware:-:*:*:*:*:*:*:*|cpe:2.3:h:sma:sunny_boy_3.6:-:*:*:*:*:*:*:*|cpe:2.3:o:sma:sunny_boy_4.0_firmware:-:*:*:*:*:*:*:*|cpe:2.3:h:sma:sunny_boy_4.0:-:*:*:*:*:*:*:*|cpe:2.3:o:sma:sunny_boy_5.0_firmware:-:*:*:*:*:*:*:*|cpe:2.3:h:sma:sunny_boy_5.0:-:*:*:*:*:*:*:*|cpe:2.3:o:sma:sunny_central_2200_firmware:-:*:*:*:*:*:*:*|cpe:2.3:h:sma:sunny_central_2200:-:*:*:*:*:*:*:*|cpe:2.3:o:sma:sunny_central_1000cp_xt_firmware:-:*:*:*:*:*:*:*|cpe:2.3:h:sma:sunny_central_1000cp_xt:-:*:*:*:*:*:*:*|cpe:2.3:o:sma:sunny_central_800cp_xt_firmware:-:*:*:*:*:*:*:*|cpe:2.3:h:sma:sunny_central_800cp_xt:-:*:*:*:*:*:*:*|cpe:2.3:o:sma:sunny_central_850cp_xt_firmware:-:*:*:*:*:*:*:*|cpe:2.3:h:sma:sunny_central_850cp_xt:-:*:*:*:*:*:*:*|cpe:2.3:o:sma:sunny_central_900cp_xt_firmware:-:*:*:*:*:*:*:*|cpe:2.3:h:sma:sunny_central_900cp_xt:-:*:*:*:*:*:*:*|cpe:2.3:o:sma:sunny_central_500cp_xt_firmware:-:*:*:*:*:*:*:*|cpe:2.3:h:sma:sunny_central_500cp_xt:-:*:*:*:*:*:*:*|cpe:2.3:o:sma:sunny_central_630cp_xt_firmware:-:*:*:*:*:*:*:*|cpe:2.3:h:sma:sunny_central_630cp_xt:-:*:*:*:*:*:*:*|cpe:2.3:o:sma:sunny_central_720cp_xt_firmware:-:*:*:*:*:*:*:*|cpe:2.3:h:sma:sunny_central_720cp_xt:-:*:*:*:*:*:*:*|cpe:2.3:o:sma:sunny_central_760cp_xt_firmware:-:*:*:*:*:*:*:*|cpe:2.3:h:sma:sunny_central_760cp_xt:-:*:*:*:*:*:*:*|cpe:2.3:o:sma:sunny_central_storage_500_firmware:-:*:*:*:*:*:*:*|cpe:2.3:h:sma:sunny_central_storage_500:-:*:*:*:*:*:*:*|cpe:2.3:o:sma:sunny_central_storage_630_firmware:-:*:*:*:*:*:*:*|cpe:2.3:h:sma:sunny_central_storage_630:-:*:*:*:*:*:*:*|cpe:2.3:o:sma:sunny_central_storage_720_firmware:-:*:*:*:*:*:*:*|cpe:2.3:h:sma:sunny_central_storage_720:-:*:*:*:*:*:*:*|cpe:2.3:o:sma:sunny_central_storage_760_firmware:-:*:*:*:*:*:*:*|cpe:2.3:h:sma:sunny_central_storage_760:-:*:*:*:*:*:*:*|cpe:2.3:o:sma:sunny_central_storage_800_firmware:-:*:*:*:*:*:*:*|cpe:2.3:h:sma:sunny_central_storage_800:-:*:*:*:*:*:*:*|cpe:2.3:o:sma:sunny_central_storage_850_firmware:-:*:*:*:*:*:*:*|cpe:2.3:h:sma:sunny_central_storage_850:-:*:*:*:*:*:*:*|cpe:2.3:o:sma:sunny_central_storage_900_firmware:-:*:*:*:*:*:*:*|cpe:2.3:h:sma:sunny_central_storage_900:-:*:*:*:*:*:*:*|cpe:2.3:o:sma:sunny_central_storage_1000_firmware:-:*:*:*:*:*:*:*|cpe:2.3:h:sma:sunny_central_storage_1000:-:*:*:*:*:*:*:*|cpe:2.3:o:sma:sunny_central_storage_2200_firmware:-:*:*:*:*:*:*:*|cpe:2.3:h:sma:sunny_central_storage_2200:-:*:*:*:*:*:*:*|cpe:2.3:o:sma:sunny_central_storage_2500-ev_firmware:-:*:*:*:*:*:*:*|cpe:2.3:h:sma:sunny_central_storage_2500-ev:-:*:*:*:*:*:*:*|cpe:2.3:o:sma:sunny_boy_storage_2.5_firmware:-:*:*:*:*:*:*:*|cpe:2.3:h:sma:sunny_boy_storage_2.5:-:*:*:*:*:*:*:*,Yes,High,
vendor_only,CVE-2017-9858,2017-08-05,"An issue was discovered in SMA Solar Technology products. By sending crafted packets to an inverter and observing the response, active and inactive user accounts can be determined. This aids in further attacks (such as a brute force attack) as one now knows exactly which users exist and which do not. NOTE: the vendor's position is that this ""is not a security gap per se."" Also, only Sunny Boy TLST-21 and TL-21 and Sunny Tripower TL-10 and TL-30 could potentially be affected",7.5,3.0,CWE-200,cpe:2.3:o:sma:sunny_boy_3600_firmware:-:*:*:*:*:*:*:*|cpe:2.3:h:sma:sunny_boy_3600:-:*:*:*:*:*:*:*|cpe:2.3:o:sma:sunny_boy_5000_firmware:-:*:*:*:*:*:*:*|cpe:2.3:h:sma:sunny_boy_5000:-:*:*:*:*:*:*:*|cpe:2.3:o:sma:sunny_tripower_core1_firmware:-:*:*:*:*:*:*:*|cpe:2.3:h:sma:sunny_tripower_core1:-:*:*:*:*:*:*:*|cpe:2.3:o:sma:sunny_tripower_15000tl_firmware:-:*:*:*:*:*:*:*|cpe:2.3:h:sma:sunny_tripower_15000tl:-:*:*:*:*:*:*:*|cpe:2.3:o:sma:sunny_tripower_20000tl_firmware:-:*:*:*:*:*:*:*|cpe:2.3:h:sma:sunny_tripower_20000tl:-:*:*:*:*:*:*:*|cpe:2.3:o:sma:sunny_tripower_25000tl_firmware:-:*:*:*:*:*:*:*|cpe:2.3:h:sma:sunny_tripower_25000tl:-:*:*:*:*:*:*:*|cpe:2.3:o:sma:sunny_tripower_5000tl_firmware:-:*:*:*:*:*:*:*|cpe:2.3:h:sma:sunny_tripower_5000tl:-:*:*:*:*:*:*:*|cpe:2.3:o:sma:sunny_tripower_12000tl_firmware:-:*:*:*:*:*:*:*|cpe:2.3:h:sma:sunny_tripower_12000tl:-:*:*:*:*:*:*:*|cpe:2.3:o:sma:sunny_tripower_60_firmware:-:*:*:*:*:*:*:*|cpe:2.3:h:sma:sunny_tripower_60:-:*:*:*:*:*:*:*|cpe:2.3:o:sma:sunny_boy_3000tl_firmware:-:*:*:*:*:*:*:*|cpe:2.3:h:sma:sunny_boy_3000tl:-:*:*:*:*:*:*:*|cpe:2.3:o:sma:sunny_boy_3600tl_firmware:-:*:*:*:*:*:*:*|cpe:2.3:h:sma:sunny_boy_3600tl:-:*:*:*:*:*:*:*|cpe:2.3:o:sma:sunny_boy_4000tl_firmware:-:*:*:*:*:*:*:*|cpe:2.3:h:sma:sunny_boy_4000tl:-:*:*:*:*:*:*:*|cpe:2.3:o:sma:sunny_boy_5000tl_firmware:-:*:*:*:*:*:*:*|cpe:2.3:h:sma:sunny_boy_5000tl:-:*:*:*:*:*:*:*|cpe:2.3:o:sma:sunny_boy_1.5_firmware:-:*:*:*:*:*:*:*|cpe:2.3:h:sma:sunny_boy_1.5:-:*:*:*:*:*:*:*|cpe:2.3:o:sma:sunny_boy_2.5_firmware:-:*:*:*:*:*:*:*|cpe:2.3:h:sma:sunny_boy_2.5:-:*:*:*:*:*:*:*|cpe:2.3:o:sma:sunny_boy_3.0_firmware:-:*:*:*:*:*:*:*|cpe:2.3:h:sma:sunny_boy_3.0:-:*:*:*:*:*:*:*|cpe:2.3:o:sma:sunny_boy_3.6_firmware:-:*:*:*:*:*:*:*|cpe:2.3:h:sma:sunny_boy_3.6:-:*:*:*:*:*:*:*|cpe:2.3:o:sma:sunny_boy_4.0_firmware:-:*:*:*:*:*:*:*|cpe:2.3:h:sma:sunny_boy_4.0:-:*:*:*:*:*:*:*|cpe:2.3:o:sma:sunny_boy_5.0_firmware:-:*:*:*:*:*:*:*|cpe:2.3:h:sma:sunny_boy_5.0:-:*:*:*:*:*:*:*|cpe:2.3:o:sma:sunny_central_2200_firmware:-:*:*:*:*:*:*:*|cpe:2.3:h:sma:sunny_central_2200:-:*:*:*:*:*:*:*|cpe:2.3:o:sma:sunny_central_1000cp_xt_firmware:-:*:*:*:*:*:*:*|cpe:2.3:h:sma:sunny_central_1000cp_xt:-:*:*:*:*:*:*:*|cpe:2.3:o:sma:sunny_central_800cp_xt_firmware:-:*:*:*:*:*:*:*|cpe:2.3:h:sma:sunny_central_800cp_xt:-:*:*:*:*:*:*:*|cpe:2.3:o:sma:sunny_central_850cp_xt_firmware:-:*:*:*:*:*:*:*|cpe:2.3:h:sma:sunny_central_850cp_xt:-:*:*:*:*:*:*:*|cpe:2.3:o:sma:sunny_central_900cp_xt_firmware:-:*:*:*:*:*:*:*|cpe:2.3:h:sma:sunny_central_900cp_xt:-:*:*:*:*:*:*:*|cpe:2.3:o:sma:sunny_central_500cp_xt_firmware:-:*:*:*:*:*:*:*|cpe:2.3:h:sma:sunny_central_500cp_xt:-:*:*:*:*:*:*:*|cpe:2.3:o:sma:sunny_central_630cp_xt_firmware:-:*:*:*:*:*:*:*|cpe:2.3:h:sma:sunny_central_630cp_xt:-:*:*:*:*:*:*:*|cpe:2.3:o:sma:sunny_central_720cp_xt_firmware:-:*:*:*:*:*:*:*|cpe:2.3:h:sma:sunny_central_720cp_xt:-:*:*:*:*:*:*:*|cpe:2.3:o:sma:sunny_central_760cp_xt_firmware:-:*:*:*:*:*:*:*|cpe:2.3:h:sma:sunny_central_760cp_xt:-:*:*:*:*:*:*:*|cpe:2.3:o:sma:sunny_central_storage_500_firmware:-:*:*:*:*:*:*:*|cpe:2.3:h:sma:sunny_central_storage_500:-:*:*:*:*:*:*:*|cpe:2.3:o:sma:sunny_central_storage_630_firmware:-:*:*:*:*:*:*:*|cpe:2.3:h:sma:sunny_central_storage_630:-:*:*:*:*:*:*:*|cpe:2.3:o:sma:sunny_central_storage_720_firmware:-:*:*:*:*:*:*:*|cpe:2.3:h:sma:sunny_central_storage_720:-:*:*:*:*:*:*:*|cpe:2.3:o:sma:sunny_central_storage_760_firmware:-:*:*:*:*:*:*:*|cpe:2.3:h:sma:sunny_central_storage_760:-:*:*:*:*:*:*:*|cpe:2.3:o:sma:sunny_central_storage_800_firmware:-:*:*:*:*:*:*:*|cpe:2.3:h:sma:sunny_central_storage_800:-:*:*:*:*:*:*:*|cpe:2.3:o:sma:sunny_central_storage_850_firmware:-:*:*:*:*:*:*:*|cpe:2.3:h:sma:sunny_central_storage_850:-:*:*:*:*:*:*:*|cpe:2.3:o:sma:sunny_central_storage_900_firmware:-:*:*:*:*:*:*:*|cpe:2.3:h:sma:sunny_central_storage_900:-:*:*:*:*:*:*:*|cpe:2.3:o:sma:sunny_central_storage_1000_firmware:-:*:*:*:*:*:*:*|cpe:2.3:h:sma:sunny_central_storage_1000:-:*:*:*:*:*:*:*|cpe:2.3:o:sma:sunny_central_storage_2200_firmware:-:*:*:*:*:*:*:*|cpe:2.3:h:sma:sunny_central_storage_2200:-:*:*:*:*:*:*:*|cpe:2.3:o:sma:sunny_central_storage_2500-ev_firmware:-:*:*:*:*:*:*:*|cpe:2.3:h:sma:sunny_central_storage_2500-ev:-:*:*:*:*:*:*:*|cpe:2.3:o:sma:sunny_boy_storage_2.5_firmware:-:*:*:*:*:*:*:*|cpe:2.3:h:sma:sunny_boy_storage_2.5:-:*:*:*:*:*:*:*,Yes,High,
vendor_only,CVE-2017-9859,2017-08-05,"An issue was discovered in SMA Solar Technology products. The inverters make use of a weak hashing algorithm to encrypt the password for REGISTER requests. This hashing algorithm can be cracked relatively easily. An attacker will likely be able to crack the password using offline crackers. This cracked password can then be used to register at the SMA servers. NOTE: the vendor's position is that ""we consider the probability of the success of such manipulation to be extremely low."" Also, only Sunny Boy TLST-21 and TL-21 and Sunny Tripower TL-10 and TL-30 could potentially be affected",9.8,3.0,CWE-327,cpe:2.3:o:sma:sunny_boy_3600_firmware:-:*:*:*:*:*:*:*|cpe:2.3:h:sma:sunny_boy_3600:-:*:*:*:*:*:*:*|cpe:2.3:o:sma:sunny_boy_5000_firmware:-:*:*:*:*:*:*:*|cpe:2.3:h:sma:sunny_boy_5000:-:*:*:*:*:*:*:*|cpe:2.3:o:sma:sunny_tripower_core1_firmware:-:*:*:*:*:*:*:*|cpe:2.3:h:sma:sunny_tripower_core1:-:*:*:*:*:*:*:*|cpe:2.3:o:sma:sunny_tripower_15000tl_firmware:-:*:*:*:*:*:*:*|cpe:2.3:h:sma:sunny_tripower_15000tl:-:*:*:*:*:*:*:*|cpe:2.3:o:sma:sunny_tripower_20000tl_firmware:-:*:*:*:*:*:*:*|cpe:2.3:h:sma:sunny_tripower_20000tl:-:*:*:*:*:*:*:*|cpe:2.3:o:sma:sunny_tripower_25000tl_firmware:-:*:*:*:*:*:*:*|cpe:2.3:h:sma:sunny_tripower_25000tl:-:*:*:*:*:*:*:*|cpe:2.3:o:sma:sunny_tripower_5000tl_firmware:-:*:*:*:*:*:*:*|cpe:2.3:h:sma:sunny_tripower_5000tl:-:*:*:*:*:*:*:*|cpe:2.3:o:sma:sunny_tripower_12000tl_firmware:-:*:*:*:*:*:*:*|cpe:2.3:h:sma:sunny_tripower_12000tl:-:*:*:*:*:*:*:*|cpe:2.3:o:sma:sunny_tripower_60_firmware:-:*:*:*:*:*:*:*|cpe:2.3:h:sma:sunny_tripower_60:-:*:*:*:*:*:*:*|cpe:2.3:o:sma:sunny_boy_3000tl_firmware:-:*:*:*:*:*:*:*|cpe:2.3:h:sma:sunny_boy_3000tl:-:*:*:*:*:*:*:*|cpe:2.3:o:sma:sunny_boy_3600tl_firmware:-:*:*:*:*:*:*:*|cpe:2.3:h:sma:sunny_boy_3600tl:-:*:*:*:*:*:*:*|cpe:2.3:o:sma:sunny_boy_4000tl_firmware:-:*:*:*:*:*:*:*|cpe:2.3:h:sma:sunny_boy_4000tl:-:*:*:*:*:*:*:*|cpe:2.3:o:sma:sunny_boy_5000tl_firmware:-:*:*:*:*:*:*:*|cpe:2.3:h:sma:sunny_boy_5000tl:-:*:*:*:*:*:*:*|cpe:2.3:o:sma:sunny_boy_1.5_firmware:-:*:*:*:*:*:*:*|cpe:2.3:h:sma:sunny_boy_1.5:-:*:*:*:*:*:*:*|cpe:2.3:o:sma:sunny_boy_2.5_firmware:-:*:*:*:*:*:*:*|cpe:2.3:h:sma:sunny_boy_2.5:-:*:*:*:*:*:*:*|cpe:2.3:o:sma:sunny_boy_3.0_firmware:-:*:*:*:*:*:*:*|cpe:2.3:h:sma:sunny_boy_3.0:-:*:*:*:*:*:*:*|cpe:2.3:o:sma:sunny_boy_3.6_firmware:-:*:*:*:*:*:*:*|cpe:2.3:h:sma:sunny_boy_3.6:-:*:*:*:*:*:*:*|cpe:2.3:o:sma:sunny_boy_4.0_firmware:-:*:*:*:*:*:*:*|cpe:2.3:h:sma:sunny_boy_4.0:-:*:*:*:*:*:*:*|cpe:2.3:o:sma:sunny_boy_5.0_firmware:-:*:*:*:*:*:*:*|cpe:2.3:h:sma:sunny_boy_5.0:-:*:*:*:*:*:*:*|cpe:2.3:o:sma:sunny_central_2200_firmware:-:*:*:*:*:*:*:*|cpe:2.3:h:sma:sunny_central_2200:-:*:*:*:*:*:*:*|cpe:2.3:o:sma:sunny_central_1000cp_xt_firmware:-:*:*:*:*:*:*:*|cpe:2.3:h:sma:sunny_central_1000cp_xt:-:*:*:*:*:*:*:*|cpe:2.3:o:sma:sunny_central_800cp_xt_firmware:-:*:*:*:*:*:*:*|cpe:2.3:h:sma:sunny_central_800cp_xt:-:*:*:*:*:*:*:*|cpe:2.3:o:sma:sunny_central_850cp_xt_firmware:-:*:*:*:*:*:*:*|cpe:2.3:h:sma:sunny_central_850cp_xt:-:*:*:*:*:*:*:*|cpe:2.3:o:sma:sunny_central_900cp_xt_firmware:-:*:*:*:*:*:*:*|cpe:2.3:h:sma:sunny_central_900cp_xt:-:*:*:*:*:*:*:*|cpe:2.3:o:sma:sunny_central_500cp_xt_firmware:-:*:*:*:*:*:*:*|cpe:2.3:h:sma:sunny_central_500cp_xt:-:*:*:*:*:*:*:*|cpe:2.3:o:sma:sunny_central_630cp_xt_firmware:-:*:*:*:*:*:*:*|cpe:2.3:h:sma:sunny_central_630cp_xt:-:*:*:*:*:*:*:*|cpe:2.3:o:sma:sunny_central_720cp_xt_firmware:-:*:*:*:*:*:*:*|cpe:2.3:h:sma:sunny_central_720cp_xt:-:*:*:*:*:*:*:*|cpe:2.3:o:sma:sunny_central_760cp_xt_firmware:-:*:*:*:*:*:*:*|cpe:2.3:h:sma:sunny_central_760cp_xt:-:*:*:*:*:*:*:*|cpe:2.3:o:sma:sunny_central_storage_500_firmware:-:*:*:*:*:*:*:*|cpe:2.3:h:sma:sunny_central_storage_500:-:*:*:*:*:*:*:*|cpe:2.3:o:sma:sunny_central_storage_630_firmware:-:*:*:*:*:*:*:*|cpe:2.3:h:sma:sunny_central_storage_630:-:*:*:*:*:*:*:*|cpe:2.3:o:sma:sunny_central_storage_720_firmware:-:*:*:*:*:*:*:*|cpe:2.3:h:sma:sunny_central_storage_720:-:*:*:*:*:*:*:*|cpe:2.3:o:sma:sunny_central_storage_760_firmware:-:*:*:*:*:*:*:*|cpe:2.3:h:sma:sunny_central_storage_760:-:*:*:*:*:*:*:*|cpe:2.3:o:sma:sunny_central_storage_800_firmware:-:*:*:*:*:*:*:*|cpe:2.3:h:sma:sunny_central_storage_800:-:*:*:*:*:*:*:*|cpe:2.3:o:sma:sunny_central_storage_850_firmware:-:*:*:*:*:*:*:*|cpe:2.3:h:sma:sunny_central_storage_850:-:*:*:*:*:*:*:*|cpe:2.3:o:sma:sunny_central_storage_900_firmware:-:*:*:*:*:*:*:*|cpe:2.3:h:sma:sunny_central_storage_900:-:*:*:*:*:*:*:*|cpe:2.3:o:sma:sunny_central_storage_1000_firmware:-:*:*:*:*:*:*:*|cpe:2.3:h:sma:sunny_central_storage_1000:-:*:*:*:*:*:*:*|cpe:2.3:o:sma:sunny_central_storage_2200_firmware:-:*:*:*:*:*:*:*|cpe:2.3:h:sma:sunny_central_storage_2200:-:*:*:*:*:*:*:*|cpe:2.3:o:sma:sunny_central_storage_2500-ev_firmware:-:*:*:*:*:*:*:*|cpe:2.3:h:sma:sunny_central_storage_2500-ev:-:*:*:*:*:*:*:*|cpe:2.3:o:sma:sunny_boy_storage_2.5_firmware:-:*:*:*:*:*:*:*|cpe:2.3:h:sma:sunny_boy_storage_2.5:-:*:*:*:*:*:*:*,Yes,High,
vendor_only,CVE-2017-9860,2017-08-05,"An issue was discovered in SMA Solar Technology products. An attacker can use Sunny Explorer or the SMAdata2+ network protocol to update the device firmware without ever having to authenticate. If an attacker is able to create a custom firmware version that is accepted by the inverter, the inverter is compromised completely. This allows the attacker to do nearly anything: for example, giving access to the local OS, creating a botnet, using the inverters as a stepping stone into companies, etc. NOTE: the vendor reports that this attack has always been blocked by ""a final integrity and compatibility check."" Also, only Sunny Boy TLST-21 and TL-21 and Sunny Tripower TL-10 and TL-30 could potentially be affected",9.8,3.0,CWE-287,cpe:2.3:o:sma:sunny_boy_3600_firmware:-:*:*:*:*:*:*:*|cpe:2.3:h:sma:sunny_boy_3600:-:*:*:*:*:*:*:*|cpe:2.3:o:sma:sunny_boy_5000_firmware:-:*:*:*:*:*:*:*|cpe:2.3:h:sma:sunny_boy_5000:-:*:*:*:*:*:*:*|cpe:2.3:o:sma:sunny_tripower_core1_firmware:-:*:*:*:*:*:*:*|cpe:2.3:h:sma:sunny_tripower_core1:-:*:*:*:*:*:*:*|cpe:2.3:o:sma:sunny_tripower_15000tl_firmware:-:*:*:*:*:*:*:*|cpe:2.3:h:sma:sunny_tripower_15000tl:-:*:*:*:*:*:*:*|cpe:2.3:o:sma:sunny_tripower_20000tl_firmware:-:*:*:*:*:*:*:*|cpe:2.3:h:sma:sunny_tripower_20000tl:-:*:*:*:*:*:*:*|cpe:2.3:o:sma:sunny_tripower_25000tl_firmware:-:*:*:*:*:*:*:*|cpe:2.3:h:sma:sunny_tripower_25000tl:-:*:*:*:*:*:*:*|cpe:2.3:o:sma:sunny_tripower_5000tl_firmware:-:*:*:*:*:*:*:*|cpe:2.3:h:sma:sunny_tripower_5000tl:-:*:*:*:*:*:*:*|cpe:2.3:o:sma:sunny_tripower_12000tl_firmware:-:*:*:*:*:*:*:*|cpe:2.3:h:sma:sunny_tripower_12000tl:-:*:*:*:*:*:*:*|cpe:2.3:o:sma:sunny_tripower_60_firmware:-:*:*:*:*:*:*:*|cpe:2.3:h:sma:sunny_tripower_60:-:*:*:*:*:*:*:*|cpe:2.3:o:sma:sunny_boy_3000tl_firmware:-:*:*:*:*:*:*:*|cpe:2.3:h:sma:sunny_boy_3000tl:-:*:*:*:*:*:*:*|cpe:2.3:o:sma:sunny_boy_3600tl_firmware:-:*:*:*:*:*:*:*|cpe:2.3:h:sma:sunny_boy_3600tl:-:*:*:*:*:*:*:*|cpe:2.3:o:sma:sunny_boy_4000tl_firmware:-:*:*:*:*:*:*:*|cpe:2.3:h:sma:sunny_boy_4000tl:-:*:*:*:*:*:*:*|cpe:2.3:o:sma:sunny_boy_5000tl_firmware:-:*:*:*:*:*:*:*|cpe:2.3:h:sma:sunny_boy_5000tl:-:*:*:*:*:*:*:*|cpe:2.3:o:sma:sunny_boy_1.5_firmware:-:*:*:*:*:*:*:*|cpe:2.3:h:sma:sunny_boy_1.5:-:*:*:*:*:*:*:*|cpe:2.3:o:sma:sunny_boy_2.5_firmware:-:*:*:*:*:*:*:*|cpe:2.3:h:sma:sunny_boy_2.5:-:*:*:*:*:*:*:*|cpe:2.3:o:sma:sunny_boy_3.0_firmware:-:*:*:*:*:*:*:*|cpe:2.3:h:sma:sunny_boy_3.0:-:*:*:*:*:*:*:*|cpe:2.3:o:sma:sunny_boy_3.6_firmware:-:*:*:*:*:*:*:*|cpe:2.3:h:sma:sunny_boy_3.6:-:*:*:*:*:*:*:*|cpe:2.3:o:sma:sunny_boy_4.0_firmware:-:*:*:*:*:*:*:*|cpe:2.3:h:sma:sunny_boy_4.0:-:*:*:*:*:*:*:*|cpe:2.3:o:sma:sunny_boy_5.0_firmware:-:*:*:*:*:*:*:*|cpe:2.3:h:sma:sunny_boy_5.0:-:*:*:*:*:*:*:*|cpe:2.3:o:sma:sunny_central_2200_firmware:-:*:*:*:*:*:*:*|cpe:2.3:h:sma:sunny_central_2200:-:*:*:*:*:*:*:*|cpe:2.3:o:sma:sunny_central_1000cp_xt_firmware:-:*:*:*:*:*:*:*|cpe:2.3:h:sma:sunny_central_1000cp_xt:-:*:*:*:*:*:*:*|cpe:2.3:o:sma:sunny_central_800cp_xt_firmware:-:*:*:*:*:*:*:*|cpe:2.3:h:sma:sunny_central_800cp_xt:-:*:*:*:*:*:*:*|cpe:2.3:o:sma:sunny_central_850cp_xt_firmware:-:*:*:*:*:*:*:*|cpe:2.3:h:sma:sunny_central_850cp_xt:-:*:*:*:*:*:*:*|cpe:2.3:o:sma:sunny_central_900cp_xt_firmware:-:*:*:*:*:*:*:*|cpe:2.3:h:sma:sunny_central_900cp_xt:-:*:*:*:*:*:*:*|cpe:2.3:o:sma:sunny_central_500cp_xt_firmware:-:*:*:*:*:*:*:*|cpe:2.3:h:sma:sunny_central_500cp_xt:-:*:*:*:*:*:*:*|cpe:2.3:o:sma:sunny_central_630cp_xt_firmware:-:*:*:*:*:*:*:*|cpe:2.3:h:sma:sunny_central_630cp_xt:-:*:*:*:*:*:*:*|cpe:2.3:o:sma:sunny_central_720cp_xt_firmware:-:*:*:*:*:*:*:*|cpe:2.3:h:sma:sunny_central_720cp_xt:-:*:*:*:*:*:*:*|cpe:2.3:o:sma:sunny_central_760cp_xt_firmware:-:*:*:*:*:*:*:*|cpe:2.3:h:sma:sunny_central_760cp_xt:-:*:*:*:*:*:*:*|cpe:2.3:o:sma:sunny_central_storage_500_firmware:-:*:*:*:*:*:*:*|cpe:2.3:h:sma:sunny_central_storage_500:-:*:*:*:*:*:*:*|cpe:2.3:o:sma:sunny_central_storage_630_firmware:-:*:*:*:*:*:*:*|cpe:2.3:h:sma:sunny_central_storage_630:-:*:*:*:*:*:*:*|cpe:2.3:o:sma:sunny_central_storage_720_firmware:-:*:*:*:*:*:*:*|cpe:2.3:h:sma:sunny_central_storage_720:-:*:*:*:*:*:*:*|cpe:2.3:o:sma:sunny_central_storage_760_firmware:-:*:*:*:*:*:*:*|cpe:2.3:h:sma:sunny_central_storage_760:-:*:*:*:*:*:*:*|cpe:2.3:o:sma:sunny_central_storage_800_firmware:-:*:*:*:*:*:*:*|cpe:2.3:h:sma:sunny_central_storage_800:-:*:*:*:*:*:*:*|cpe:2.3:o:sma:sunny_central_storage_850_firmware:-:*:*:*:*:*:*:*|cpe:2.3:h:sma:sunny_central_storage_850:-:*:*:*:*:*:*:*|cpe:2.3:o:sma:sunny_central_storage_900_firmware:-:*:*:*:*:*:*:*|cpe:2.3:h:sma:sunny_central_storage_900:-:*:*:*:*:*:*:*|cpe:2.3:o:sma:sunny_central_storage_1000_firmware:-:*:*:*:*:*:*:*|cpe:2.3:h:sma:sunny_central_storage_1000:-:*:*:*:*:*:*:*|cpe:2.3:o:sma:sunny_central_storage_2200_firmware:-:*:*:*:*:*:*:*|cpe:2.3:h:sma:sunny_central_storage_2200:-:*:*:*:*:*:*:*|cpe:2.3:o:sma:sunny_central_storage_2500-ev_firmware:-:*:*:*:*:*:*:*|cpe:2.3:h:sma:sunny_central_storage_2500-ev:-:*:*:*:*:*:*:*|cpe:2.3:o:sma:sunny_boy_storage_2.5_firmware:-:*:*:*:*:*:*:*|cpe:2.3:h:sma:sunny_boy_storage_2.5:-:*:*:*:*:*:*:*,Yes,High,
vendor_only,CVE-2017-9861,2017-08-05,"An issue was discovered in SMA Solar Technology products. The SIP implementation does not properly use authentication with encryption: it is vulnerable to replay attacks, packet injection attacks, and man in the middle attacks. An attacker is able to successfully use SIP to communicate with the device from anywhere within the LAN. An attacker may use this to crash the device, stop it from communicating with the SMA servers, exploit known SIP vulnerabilities, or find sensitive information from the SIP communications. Furthermore, because the SIP communication channel is unencrypted, an attacker capable of understanding the protocol can eavesdrop on communications. For example, passwords can be extracted. NOTE: the vendor's position is that authentication with encryption is not required on an isolated subnetwork. Also, only Sunny Boy TLST-21 and TL-21 and Sunny Tripower TL-10 and TL-30 could potentially be affected",9.8,3.0,CWE-74,cpe:2.3:o:sma:sunny_boy_3600_firmware:-:*:*:*:*:*:*:*|cpe:2.3:h:sma:sunny_boy_3600:-:*:*:*:*:*:*:*|cpe:2.3:o:sma:sunny_boy_5000_firmware:-:*:*:*:*:*:*:*|cpe:2.3:h:sma:sunny_boy_5000:-:*:*:*:*:*:*:*|cpe:2.3:o:sma:sunny_tripower_core1_firmware:-:*:*:*:*:*:*:*|cpe:2.3:h:sma:sunny_tripower_core1:-:*:*:*:*:*:*:*|cpe:2.3:o:sma:sunny_tripower_15000tl_firmware:-:*:*:*:*:*:*:*|cpe:2.3:h:sma:sunny_tripower_15000tl:-:*:*:*:*:*:*:*|cpe:2.3:o:sma:sunny_tripower_20000tl_firmware:-:*:*:*:*:*:*:*|cpe:2.3:h:sma:sunny_tripower_20000tl:-:*:*:*:*:*:*:*|cpe:2.3:o:sma:sunny_tripower_25000tl_firmware:-:*:*:*:*:*:*:*|cpe:2.3:h:sma:sunny_tripower_25000tl:-:*:*:*:*:*:*:*|cpe:2.3:o:sma:sunny_tripower_5000tl_firmware:-:*:*:*:*:*:*:*|cpe:2.3:h:sma:sunny_tripower_5000tl:-:*:*:*:*:*:*:*|cpe:2.3:o:sma:sunny_tripower_12000tl_firmware:-:*:*:*:*:*:*:*|cpe:2.3:h:sma:sunny_tripower_12000tl:-:*:*:*:*:*:*:*|cpe:2.3:o:sma:sunny_tripower_60_firmware:-:*:*:*:*:*:*:*|cpe:2.3:h:sma:sunny_tripower_60:-:*:*:*:*:*:*:*|cpe:2.3:o:sma:sunny_boy_3000tl_firmware:-:*:*:*:*:*:*:*|cpe:2.3:h:sma:sunny_boy_3000tl:-:*:*:*:*:*:*:*|cpe:2.3:o:sma:sunny_boy_3600tl_firmware:-:*:*:*:*:*:*:*|cpe:2.3:h:sma:sunny_boy_3600tl:-:*:*:*:*:*:*:*|cpe:2.3:o:sma:sunny_boy_4000tl_firmware:-:*:*:*:*:*:*:*|cpe:2.3:h:sma:sunny_boy_4000tl:-:*:*:*:*:*:*:*|cpe:2.3:o:sma:sunny_boy_5000tl_firmware:-:*:*:*:*:*:*:*|cpe:2.3:h:sma:sunny_boy_5000tl:-:*:*:*:*:*:*:*|cpe:2.3:o:sma:sunny_boy_1.5_firmware:-:*:*:*:*:*:*:*|cpe:2.3:h:sma:sunny_boy_1.5:-:*:*:*:*:*:*:*|cpe:2.3:o:sma:sunny_boy_2.5_firmware:-:*:*:*:*:*:*:*|cpe:2.3:h:sma:sunny_boy_2.5:-:*:*:*:*:*:*:*|cpe:2.3:o:sma:sunny_boy_3.0_firmware:-:*:*:*:*:*:*:*|cpe:2.3:h:sma:sunny_boy_3.0:-:*:*:*:*:*:*:*|cpe:2.3:o:sma:sunny_boy_3.6_firmware:-:*:*:*:*:*:*:*|cpe:2.3:h:sma:sunny_boy_3.6:-:*:*:*:*:*:*:*|cpe:2.3:o:sma:sunny_boy_4.0_firmware:-:*:*:*:*:*:*:*|cpe:2.3:h:sma:sunny_boy_4.0:-:*:*:*:*:*:*:*|cpe:2.3:o:sma:sunny_boy_5.0_firmware:-:*:*:*:*:*:*:*|cpe:2.3:h:sma:sunny_boy_5.0:-:*:*:*:*:*:*:*|cpe:2.3:o:sma:sunny_central_2200_firmware:-:*:*:*:*:*:*:*|cpe:2.3:h:sma:sunny_central_2200:-:*:*:*:*:*:*:*|cpe:2.3:o:sma:sunny_central_1000cp_xt_firmware:-:*:*:*:*:*:*:*|cpe:2.3:h:sma:sunny_central_1000cp_xt:-:*:*:*:*:*:*:*|cpe:2.3:o:sma:sunny_central_800cp_xt_firmware:-:*:*:*:*:*:*:*|cpe:2.3:h:sma:sunny_central_800cp_xt:-:*:*:*:*:*:*:*|cpe:2.3:o:sma:sunny_central_850cp_xt_firmware:-:*:*:*:*:*:*:*|cpe:2.3:h:sma:sunny_central_850cp_xt:-:*:*:*:*:*:*:*|cpe:2.3:o:sma:sunny_central_900cp_xt_firmware:-:*:*:*:*:*:*:*|cpe:2.3:h:sma:sunny_central_900cp_xt:-:*:*:*:*:*:*:*|cpe:2.3:o:sma:sunny_central_500cp_xt_firmware:-:*:*:*:*:*:*:*|cpe:2.3:h:sma:sunny_central_500cp_xt:-:*:*:*:*:*:*:*|cpe:2.3:o:sma:sunny_central_630cp_xt_firmware:-:*:*:*:*:*:*:*|cpe:2.3:h:sma:sunny_central_630cp_xt:-:*:*:*:*:*:*:*|cpe:2.3:o:sma:sunny_central_720cp_xt_firmware:-:*:*:*:*:*:*:*|cpe:2.3:h:sma:sunny_central_720cp_xt:-:*:*:*:*:*:*:*|cpe:2.3:o:sma:sunny_central_760cp_xt_firmware:-:*:*:*:*:*:*:*|cpe:2.3:h:sma:sunny_central_760cp_xt:-:*:*:*:*:*:*:*|cpe:2.3:o:sma:sunny_central_storage_500_firmware:-:*:*:*:*:*:*:*|cpe:2.3:h:sma:sunny_central_storage_500:-:*:*:*:*:*:*:*|cpe:2.3:o:sma:sunny_central_storage_630_firmware:-:*:*:*:*:*:*:*|cpe:2.3:h:sma:sunny_central_storage_630:-:*:*:*:*:*:*:*|cpe:2.3:o:sma:sunny_central_storage_720_firmware:-:*:*:*:*:*:*:*|cpe:2.3:h:sma:sunny_central_storage_720:-:*:*:*:*:*:*:*|cpe:2.3:o:sma:sunny_central_storage_760_firmware:-:*:*:*:*:*:*:*|cpe:2.3:h:sma:sunny_central_storage_760:-:*:*:*:*:*:*:*|cpe:2.3:o:sma:sunny_central_storage_800_firmware:-:*:*:*:*:*:*:*|cpe:2.3:h:sma:sunny_central_storage_800:-:*:*:*:*:*:*:*|cpe:2.3:o:sma:sunny_central_storage_850_firmware:-:*:*:*:*:*:*:*|cpe:2.3:h:sma:sunny_central_storage_850:-:*:*:*:*:*:*:*|cpe:2.3:o:sma:sunny_central_storage_900_firmware:-:*:*:*:*:*:*:*|cpe:2.3:h:sma:sunny_central_storage_900:-:*:*:*:*:*:*:*|cpe:2.3:o:sma:sunny_central_storage_1000_firmware:-:*:*:*:*:*:*:*|cpe:2.3:h:sma:sunny_central_storage_1000:-:*:*:*:*:*:*:*|cpe:2.3:o:sma:sunny_central_storage_2200_firmware:-:*:*:*:*:*:*:*|cpe:2.3:h:sma:sunny_central_storage_2200:-:*:*:*:*:*:*:*|cpe:2.3:o:sma:sunny_central_storage_2500-ev_firmware:-:*:*:*:*:*:*:*|cpe:2.3:h:sma:sunny_central_storage_2500-ev:-:*:*:*:*:*:*:*|cpe:2.3:o:sma:sunny_boy_storage_2.5_firmware:-:*:*:*:*:*:*:*|cpe:2.3:h:sma:sunny_boy_storage_2.5:-:*:*:*:*:*:*:*,Yes,High,
vendor_only,CVE-2017-9862,2017-08-05,"An issue was discovered in SMA Solar Technology products. When signed into Sunny Explorer with a wrong password, it is possible to create a debug report, disclosing information regarding the application and allowing the attacker to create and save a .txt file with contents to his liking. An attacker may use this for information disclosure, or to write a file to normally unavailable locations on the local system. NOTE: the vendor reports that ""the information contained in the debug report is of marginal significance."" Also, only Sunny Boy TLST-21 and TL-21 and Sunny Tripower TL-10 and TL-30 could potentially be affected",7.5,3.0,CWE-200,cpe:2.3:a:sma:sunny_explorer:-:*:*:*:*:*:*:*,No,Low,"SMA Sunny Explorer is a Windows desktop application; the vulnerability (info disclosure in a debug report) is in the PC software, not in the home solar inverter device"
vendor_only,CVE-2017-9863,2017-08-05,"An issue was discovered in SMA Solar Technology products. If a user simultaneously has Sunny Explorer running and visits a malicious host, cross-site request forgery can be used to change settings in the inverters (for example, issuing a POST request to change the user password). All Sunny Explorer settings available to the authenticated user are also available to the attacker. (In some cases, this also includes changing settings that the user has no access to.) This may result in complete compromise of the device. NOTE: the vendor reports that exploitation is unlikely because Sunny Explorer is used only rarely. Also, only Sunny Boy TLST-21 and TL-21 and Sunny Tripower TL-10 and TL-30 could potentially be affected",8.8,3.0,CWE-352,cpe:2.3:o:sma:sunny_boy_3600_firmware:-:*:*:*:*:*:*:*|cpe:2.3:h:sma:sunny_boy_3600:-:*:*:*:*:*:*:*|cpe:2.3:o:sma:sunny_boy_5000_firmware:-:*:*:*:*:*:*:*|cpe:2.3:h:sma:sunny_boy_5000:-:*:*:*:*:*:*:*|cpe:2.3:o:sma:sunny_tripower_core1_firmware:-:*:*:*:*:*:*:*|cpe:2.3:h:sma:sunny_tripower_core1:-:*:*:*:*:*:*:*|cpe:2.3:o:sma:sunny_tripower_15000tl_firmware:-:*:*:*:*:*:*:*|cpe:2.3:h:sma:sunny_tripower_15000tl:-:*:*:*:*:*:*:*|cpe:2.3:o:sma:sunny_tripower_20000tl_firmware:-:*:*:*:*:*:*:*|cpe:2.3:h:sma:sunny_tripower_20000tl:-:*:*:*:*:*:*:*|cpe:2.3:o:sma:sunny_tripower_25000tl_firmware:-:*:*:*:*:*:*:*|cpe:2.3:h:sma:sunny_tripower_25000tl:-:*:*:*:*:*:*:*|cpe:2.3:o:sma:sunny_tripower_5000tl_firmware:-:*:*:*:*:*:*:*|cpe:2.3:h:sma:sunny_tripower_5000tl:-:*:*:*:*:*:*:*|cpe:2.3:o:sma:sunny_tripower_12000tl_firmware:-:*:*:*:*:*:*:*|cpe:2.3:h:sma:sunny_tripower_12000tl:-:*:*:*:*:*:*:*|cpe:2.3:o:sma:sunny_tripower_60_firmware:-:*:*:*:*:*:*:*|cpe:2.3:h:sma:sunny_tripower_60:-:*:*:*:*:*:*:*|cpe:2.3:o:sma:sunny_boy_3000tl_firmware:-:*:*:*:*:*:*:*|cpe:2.3:h:sma:sunny_boy_3000tl:-:*:*:*:*:*:*:*|cpe:2.3:o:sma:sunny_boy_3600tl_firmware:-:*:*:*:*:*:*:*|cpe:2.3:h:sma:sunny_boy_3600tl:-:*:*:*:*:*:*:*|cpe:2.3:o:sma:sunny_boy_4000tl_firmware:-:*:*:*:*:*:*:*|cpe:2.3:h:sma:sunny_boy_4000tl:-:*:*:*:*:*:*:*|cpe:2.3:o:sma:sunny_boy_5000tl_firmware:-:*:*:*:*:*:*:*|cpe:2.3:h:sma:sunny_boy_5000tl:-:*:*:*:*:*:*:*|cpe:2.3:o:sma:sunny_boy_1.5_firmware:-:*:*:*:*:*:*:*|cpe:2.3:h:sma:sunny_boy_1.5:-:*:*:*:*:*:*:*|cpe:2.3:o:sma:sunny_boy_2.5_firmware:-:*:*:*:*:*:*:*|cpe:2.3:h:sma:sunny_boy_2.5:-:*:*:*:*:*:*:*|cpe:2.3:o:sma:sunny_boy_3.0_firmware:-:*:*:*:*:*:*:*|cpe:2.3:h:sma:sunny_boy_3.0:-:*:*:*:*:*:*:*|cpe:2.3:o:sma:sunny_boy_3.6_firmware:-:*:*:*:*:*:*:*|cpe:2.3:h:sma:sunny_boy_3.6:-:*:*:*:*:*:*:*|cpe:2.3:o:sma:sunny_boy_4.0_firmware:-:*:*:*:*:*:*:*|cpe:2.3:h:sma:sunny_boy_4.0:-:*:*:*:*:*:*:*|cpe:2.3:o:sma:sunny_boy_5.0_firmware:-:*:*:*:*:*:*:*|cpe:2.3:h:sma:sunny_boy_5.0:-:*:*:*:*:*:*:*|cpe:2.3:o:sma:sunny_central_2200_firmware:-:*:*:*:*:*:*:*|cpe:2.3:h:sma:sunny_central_2200:-:*:*:*:*:*:*:*|cpe:2.3:o:sma:sunny_central_1000cp_xt_firmware:-:*:*:*:*:*:*:*|cpe:2.3:h:sma:sunny_central_1000cp_xt:-:*:*:*:*:*:*:*|cpe:2.3:o:sma:sunny_central_800cp_xt_firmware:-:*:*:*:*:*:*:*|cpe:2.3:h:sma:sunny_central_800cp_xt:-:*:*:*:*:*:*:*|cpe:2.3:o:sma:sunny_central_850cp_xt_firmware:-:*:*:*:*:*:*:*|cpe:2.3:h:sma:sunny_central_850cp_xt:-:*:*:*:*:*:*:*|cpe:2.3:o:sma:sunny_central_900cp_xt_firmware:-:*:*:*:*:*:*:*|cpe:2.3:h:sma:sunny_central_900cp_xt:-:*:*:*:*:*:*:*|cpe:2.3:o:sma:sunny_central_500cp_xt_firmware:-:*:*:*:*:*:*:*|cpe:2.3:h:sma:sunny_central_500cp_xt:-:*:*:*:*:*:*:*|cpe:2.3:o:sma:sunny_central_630cp_xt_firmware:-:*:*:*:*:*:*:*|cpe:2.3:h:sma:sunny_central_630cp_xt:-:*:*:*:*:*:*:*|cpe:2.3:o:sma:sunny_central_720cp_xt_firmware:-:*:*:*:*:*:*:*|cpe:2.3:h:sma:sunny_central_720cp_xt:-:*:*:*:*:*:*:*|cpe:2.3:o:sma:sunny_central_760cp_xt_firmware:-:*:*:*:*:*:*:*|cpe:2.3:h:sma:sunny_central_760cp_xt:-:*:*:*:*:*:*:*|cpe:2.3:o:sma:sunny_central_storage_500_firmware:-:*:*:*:*:*:*:*|cpe:2.3:h:sma:sunny_central_storage_500:-:*:*:*:*:*:*:*|cpe:2.3:o:sma:sunny_central_storage_630_firmware:-:*:*:*:*:*:*:*|cpe:2.3:h:sma:sunny_central_storage_630:-:*:*:*:*:*:*:*|cpe:2.3:o:sma:sunny_central_storage_720_firmware:-:*:*:*:*:*:*:*|cpe:2.3:h:sma:sunny_central_storage_720:-:*:*:*:*:*:*:*|cpe:2.3:o:sma:sunny_central_storage_760_firmware:-:*:*:*:*:*:*:*|cpe:2.3:h:sma:sunny_central_storage_760:-:*:*:*:*:*:*:*|cpe:2.3:o:sma:sunny_central_storage_800_firmware:-:*:*:*:*:*:*:*|cpe:2.3:h:sma:sunny_central_storage_800:-:*:*:*:*:*:*:*|cpe:2.3:o:sma:sunny_central_storage_850_firmware:-:*:*:*:*:*:*:*|cpe:2.3:h:sma:sunny_central_storage_850:-:*:*:*:*:*:*:*|cpe:2.3:o:sma:sunny_central_storage_900_firmware:-:*:*:*:*:*:*:*|cpe:2.3:h:sma:sunny_central_storage_900:-:*:*:*:*:*:*:*|cpe:2.3:o:sma:sunny_central_storage_1000_firmware:-:*:*:*:*:*:*:*|cpe:2.3:h:sma:sunny_central_storage_1000:-:*:*:*:*:*:*:*|cpe:2.3:o:sma:sunny_central_storage_2200_firmware:-:*:*:*:*:*:*:*|cpe:2.3:h:sma:sunny_central_storage_2200:-:*:*:*:*:*:*:*|cpe:2.3:o:sma:sunny_central_storage_2500-ev_firmware:-:*:*:*:*:*:*:*|cpe:2.3:h:sma:sunny_central_storage_2500-ev:-:*:*:*:*:*:*:*|cpe:2.3:o:sma:sunny_boy_storage_2.5_firmware:-:*:*:*:*:*:*:*|cpe:2.3:h:sma:sunny_boy_storage_2.5:-:*:*:*:*:*:*:*|cpe:2.3:a:sma:sunny_explorer:-:*:*:*:*:*:*:*,Yes,Low,"CSRF in SMA Sunny Explorer exploited via a malicious webpage can change settings on the home solar inverter; while the attack vector goes through the PC application, the direct impact is on the home solar device"
vendor_only,CVE-2017-9864,2017-08-05,"An issue was discovered in SMA Solar Technology products. An attacker can change the plant time even when not authenticated in any way. This changes the system time, possibly affecting lockout policies and random-number generators based on timestamps, and makes timestamps for data analysis unreliable. NOTE: the vendor reports that this is largely irrelevant because it only affects log-entry timestamps, and because the plant time would later be reset via NTP. (It has never been the case that a lockout policy or random-number generator was affected.) Also, only Sunny Boy TLST-21 and TL-21 and Sunny Tripower TL-10 and TL-30 could potentially be affected",7.5,3.0,,cpe:2.3:o:sma:sunny_boy_3600_firmware:-:*:*:*:*:*:*:*|cpe:2.3:h:sma:sunny_boy_3600:-:*:*:*:*:*:*:*|cpe:2.3:o:sma:sunny_boy_5000_firmware:-:*:*:*:*:*:*:*|cpe:2.3:h:sma:sunny_boy_5000:-:*:*:*:*:*:*:*|cpe:2.3:o:sma:sunny_tripower_core1_firmware:-:*:*:*:*:*:*:*|cpe:2.3:h:sma:sunny_tripower_core1:-:*:*:*:*:*:*:*|cpe:2.3:o:sma:sunny_tripower_15000tl_firmware:-:*:*:*:*:*:*:*|cpe:2.3:h:sma:sunny_tripower_15000tl:-:*:*:*:*:*:*:*|cpe:2.3:o:sma:sunny_tripower_20000tl_firmware:-:*:*:*:*:*:*:*|cpe:2.3:h:sma:sunny_tripower_20000tl:-:*:*:*:*:*:*:*|cpe:2.3:o:sma:sunny_tripower_25000tl_firmware:-:*:*:*:*:*:*:*|cpe:2.3:h:sma:sunny_tripower_25000tl:-:*:*:*:*:*:*:*|cpe:2.3:o:sma:sunny_tripower_5000tl_firmware:-:*:*:*:*:*:*:*|cpe:2.3:h:sma:sunny_tripower_5000tl:-:*:*:*:*:*:*:*|cpe:2.3:o:sma:sunny_tripower_12000tl_firmware:-:*:*:*:*:*:*:*|cpe:2.3:h:sma:sunny_tripower_12000tl:-:*:*:*:*:*:*:*|cpe:2.3:o:sma:sunny_tripower_60_firmware:-:*:*:*:*:*:*:*|cpe:2.3:h:sma:sunny_tripower_60:-:*:*:*:*:*:*:*|cpe:2.3:o:sma:sunny_boy_3000tl_firmware:-:*:*:*:*:*:*:*|cpe:2.3:h:sma:sunny_boy_3000tl:-:*:*:*:*:*:*:*|cpe:2.3:o:sma:sunny_boy_3600tl_firmware:-:*:*:*:*:*:*:*|cpe:2.3:h:sma:sunny_boy_3600tl:-:*:*:*:*:*:*:*|cpe:2.3:o:sma:sunny_boy_4000tl_firmware:-:*:*:*:*:*:*:*|cpe:2.3:h:sma:sunny_boy_4000tl:-:*:*:*:*:*:*:*|cpe:2.3:o:sma:sunny_boy_5000tl_firmware:-:*:*:*:*:*:*:*|cpe:2.3:h:sma:sunny_boy_5000tl:-:*:*:*:*:*:*:*|cpe:2.3:o:sma:sunny_boy_1.5_firmware:-:*:*:*:*:*:*:*|cpe:2.3:h:sma:sunny_boy_1.5:-:*:*:*:*:*:*:*|cpe:2.3:o:sma:sunny_boy_2.5_firmware:-:*:*:*:*:*:*:*|cpe:2.3:h:sma:sunny_boy_2.5:-:*:*:*:*:*:*:*|cpe:2.3:o:sma:sunny_boy_3.0_firmware:-:*:*:*:*:*:*:*|cpe:2.3:h:sma:sunny_boy_3.0:-:*:*:*:*:*:*:*|cpe:2.3:o:sma:sunny_boy_3.6_firmware:-:*:*:*:*:*:*:*|cpe:2.3:h:sma:sunny_boy_3.6:-:*:*:*:*:*:*:*|cpe:2.3:o:sma:sunny_boy_4.0_firmware:-:*:*:*:*:*:*:*|cpe:2.3:h:sma:sunny_boy_4.0:-:*:*:*:*:*:*:*|cpe:2.3:o:sma:sunny_boy_5.0_firmware:-:*:*:*:*:*:*:*|cpe:2.3:h:sma:sunny_boy_5.0:-:*:*:*:*:*:*:*|cpe:2.3:o:sma:sunny_central_2200_firmware:-:*:*:*:*:*:*:*|cpe:2.3:h:sma:sunny_central_2200:-:*:*:*:*:*:*:*|cpe:2.3:o:sma:sunny_central_1000cp_xt_firmware:-:*:*:*:*:*:*:*|cpe:2.3:h:sma:sunny_central_1000cp_xt:-:*:*:*:*:*:*:*|cpe:2.3:o:sma:sunny_central_800cp_xt_firmware:-:*:*:*:*:*:*:*|cpe:2.3:h:sma:sunny_central_800cp_xt:-:*:*:*:*:*:*:*|cpe:2.3:o:sma:sunny_central_850cp_xt_firmware:-:*:*:*:*:*:*:*|cpe:2.3:h:sma:sunny_central_850cp_xt:-:*:*:*:*:*:*:*|cpe:2.3:o:sma:sunny_central_900cp_xt_firmware:-:*:*:*:*:*:*:*|cpe:2.3:h:sma:sunny_central_900cp_xt:-:*:*:*:*:*:*:*|cpe:2.3:o:sma:sunny_central_500cp_xt_firmware:-:*:*:*:*:*:*:*|cpe:2.3:h:sma:sunny_central_500cp_xt:-:*:*:*:*:*:*:*|cpe:2.3:o:sma:sunny_central_630cp_xt_firmware:-:*:*:*:*:*:*:*|cpe:2.3:h:sma:sunny_central_630cp_xt:-:*:*:*:*:*:*:*|cpe:2.3:o:sma:sunny_central_720cp_xt_firmware:-:*:*:*:*:*:*:*|cpe:2.3:h:sma:sunny_central_720cp_xt:-:*:*:*:*:*:*:*|cpe:2.3:o:sma:sunny_central_760cp_xt_firmware:-:*:*:*:*:*:*:*|cpe:2.3:h:sma:sunny_central_760cp_xt:-:*:*:*:*:*:*:*|cpe:2.3:o:sma:sunny_central_storage_500_firmware:-:*:*:*:*:*:*:*|cpe:2.3:h:sma:sunny_central_storage_500:-:*:*:*:*:*:*:*|cpe:2.3:o:sma:sunny_central_storage_630_firmware:-:*:*:*:*:*:*:*|cpe:2.3:h:sma:sunny_central_storage_630:-:*:*:*:*:*:*:*|cpe:2.3:o:sma:sunny_central_storage_720_firmware:-:*:*:*:*:*:*:*|cpe:2.3:h:sma:sunny_central_storage_720:-:*:*:*:*:*:*:*|cpe:2.3:o:sma:sunny_central_storage_760_firmware:-:*:*:*:*:*:*:*|cpe:2.3:h:sma:sunny_central_storage_760:-:*:*:*:*:*:*:*|cpe:2.3:o:sma:sunny_central_storage_800_firmware:-:*:*:*:*:*:*:*|cpe:2.3:h:sma:sunny_central_storage_800:-:*:*:*:*:*:*:*|cpe:2.3:o:sma:sunny_central_storage_850_firmware:-:*:*:*:*:*:*:*|cpe:2.3:h:sma:sunny_central_storage_850:-:*:*:*:*:*:*:*|cpe:2.3:o:sma:sunny_central_storage_900_firmware:-:*:*:*:*:*:*:*|cpe:2.3:h:sma:sunny_central_storage_900:-:*:*:*:*:*:*:*|cpe:2.3:o:sma:sunny_central_storage_1000_firmware:-:*:*:*:*:*:*:*|cpe:2.3:h:sma:sunny_central_storage_1000:-:*:*:*:*:*:*:*|cpe:2.3:o:sma:sunny_central_storage_2200_firmware:-:*:*:*:*:*:*:*|cpe:2.3:h:sma:sunny_central_storage_2200:-:*:*:*:*:*:*:*|cpe:2.3:o:sma:sunny_central_storage_2500-ev_firmware:-:*:*:*:*:*:*:*|cpe:2.3:h:sma:sunny_central_storage_2500-ev:-:*:*:*:*:*:*:*|cpe:2.3:o:sma:sunny_boy_storage_2.5_firmware:-:*:*:*:*:*:*:*|cpe:2.3:h:sma:sunny_boy_storage_2.5:-:*:*:*:*:*:*:*,Yes,High,
vendor_only,CVE-2021-36797,2021-07-19,"In Victron Energy Venus OS through 2.72, root access is granted by default to anyone with physical access to the device. NOTE: the vendor disagrees with the reporter's opinion about an alleged ""security best practices"" violation",6.8,3.1,,cpe:2.3:o:victronenergy:venus_os:*:*:*:*:*:*:*:*,Yes,High,
vendor_only,CVE-2020-25752,2021-06-16,An issue was discovered on Enphase Envoy R3.x and D4.x devices. There are hardcoded web-panel login passwords for the installer and Enphase accounts. The passwords for these accounts are hardcoded values derived from the MD5 hash of the username and serial number mixed with some static strings. The serial number can be retrieved by an unauthenticated user at /info.xml. These passwords can be easily calculated by an attacker; users are unable to change these passwords.,5.3,3.1,CWE-798,cpe:2.3:o:enphase:envoy_firmware:d4.0:*:*:*:*:*:*:*|cpe:2.3:o:enphase:envoy_firmware:r3.0:*:*:*:*:*:*:*|cpe:2.3:h:enphase:envoy:-:*:*:*:*:*:*:*,Yes,High,
vendor_only,CVE-2020-25753,2021-06-16,An issue was discovered on Enphase Envoy R3.x and D4.x devices with v3 software. The default admin password is set to the last 6 digits of the serial number. The serial number can be retrieved by an unauthenticated user at /info.xml.,9.8,3.1,,cpe:2.3:o:enphase:envoy_firmware:d4.0:*:*:*:*:*:*:*|cpe:2.3:o:enphase:envoy_firmware:r3.0:*:*:*:*:*:*:*|cpe:2.3:h:enphase:envoy:-:*:*:*:*:*:*:*,Yes,High,
vendor_only,CVE-2020-25754,2021-06-16,An issue was discovered on Enphase Envoy R3.x and D4.x devices. There is a custom PAM module for user authentication that circumvents traditional user authentication. This module uses a password derived from the MD5 hash of the username and serial number. The serial number can be retrieved by an unauthenticated user at /info.xml. Attempts to change the user password via passwd or other tools have no effect.,7.5,3.1,CWE-916,cpe:2.3:o:enphase:envoy_firmware:d4.0:*:*:*:*:*:*:*|cpe:2.3:o:enphase:envoy_firmware:r3.0:*:*:*:*:*:*:*|cpe:2.3:h:enphase:envoy:-:*:*:*:*:*:*:*,Yes,High,
vendor_only,CVE-2020-25755,2021-06-16,An issue was discovered on Enphase Envoy R3.x and D4.x (and other current) devices. The upgrade_start function in /installer/upgrade_start allows remote authenticated users to execute arbitrary commands via the force parameter.,8.8,3.1,CWE-78,cpe:2.3:o:enphase:envoy_firmware:d4.0:*:*:*:*:*:*:*|cpe:2.3:o:enphase:envoy_firmware:r3.0:*:*:*:*:*:*:*|cpe:2.3:h:enphase:envoy:-:*:*:*:*:*:*:*,Yes,High,
vendor_only,CVE-2023-33869,2023-06-20,"
Enphase Envoy versions D7.0.88 is vulnerable to a command injection exploit that may allow an attacker to execute root commands.




",9.8,3.1,CWE-78,cpe:2.3:o:enphase:envoy_firmware:d7.0.88:*:*:*:*:*:*:*|cpe:2.3:h:enphase:envoy:-:*:*:*:*:*:*:*,Yes,High,
vendor_only,CVE-2024-21876,2024-08-12,Improper Limitation of a Pathname to a Restricted Directory ('Path Traversal') vulnerability via a URL parameter in Enphase IQ Gateway (formerly known as Envoy) allows an unautheticated attacker to access or create arbitratry files.This issue affects Envoy: from 4.x to 8.x and < 8.2.4225.,9.1,3.1,CWE-22,cpe:2.3:o:enphase:iq_gateway_firmware:*:*:*:*:*:*:*:*|cpe:2.3:h:enphase:iq_gateway:-:*:*:*:*:*:*:*,Yes,High,
vendor_only,CVE-2024-21877,2024-08-12,Improper Limitation of a Pathname to a Restricted Directory ('Path Traversal') vulnerability through a url parameter in Enphase IQ Gateway (formerly known as Envoy) allows File Manipulation. The endpoint requires authentication.This issue affects Envoy: from 4.x to 8.0 and < 8.2.4225.,6.5,3.1,CWE-22,cpe:2.3:o:enphase:iq_gateway_firmware:*:*:*:*:*:*:*:*|cpe:2.3:h:enphase:iq_gateway:-:*:*:*:*:*:*:*,Yes,High,
vendor_only,CVE-2024-21878,2024-08-12,Improper Neutralization of Special Elements used in a Command ('Command Injection') vulnerability in Enphase IQ Gateway (formerly known as Envoy) allows OS Command Injection. This vulnerability is present in an internal script.This issue affects Envoy: from 4.x up to and including 8.x and is currently unpatched.,9.8,3.1,CWE-77|CWE-78,cpe:2.3:o:enphase:iq_gateway_firmware:*:*:*:*:*:*:*:*|cpe:2.3:h:enphase:iq_gateway:-:*:*:*:*:*:*:*,Yes,High,
vendor_only,CVE-2024-21879,2024-08-12,Improper Neutralization of Special Elements used in a Command ('Command Injection') vulnerability through an url parameter of an authenticated enpoint in Enphase IQ Gateway (formerly known as Envoy) allows OS Command Injection.This issue affects Envoy: from 4.x to 8.x and < 8.2.4225.,8.8,3.1,CWE-77|CWE-78,cpe:2.3:o:enphase:iq_gateway_firmware:*:*:*:*:*:*:*:*|cpe:2.3:h:enphase:iq_gateway:-:*:*:*:*:*:*:*,Yes,High,
vendor_only,CVE-2024-21880,2024-08-12,Improper Neutralization of Special Elements used in a Command ('Command Injection') vulnerability via the url parameter of an authenticated enpoint in Enphase IQ Gateway (formerly known as Enphase) allows OS Command Injection.This issue affects Envoy: 4.x <= 7.x,7.2,3.1,CWE-77|CWE-78,cpe:2.3:o:enphase:iq_gateway_firmware:*:*:*:*:*:*:*:*|cpe:2.3:h:enphase:iq_gateway:-:*:*:*:*:*:*:*,Yes,High,
vendor_only,CVE-2021-4459,2025-08-27,"An authorized remote attacker can access files and directories outside the intended web root, potentially exposing sensitive system information of the affected Sunny Boy devices.",6.5,3.1,CWE-23,,Yes,High,
vendor_only,CVE-2025-36746,2025-12-12,"SolarEdge monitoring platform contains a Cross‑Site Scripting (XSS) flaw that allows an authenticated user to inject payloads into report names, which may execute in a victim’s browser during a deletion attempt.",5.4,3.1,CWE-79,cpe:2.3:a:solaredge:solaredge_monitoring_platform:-:*:*:*:*:saas:*:*,No,Low,"SolarEdge monitoring platform is a cloud/SaaS web service; the vulnerable component is the web-based reporting interface, not the home solar inverter/gateway device installed at the home"
vendor_only,CVE-2025-15574,2026-02-12,"When connecting to the Solax Cloud MQTT server the username is the ""registration number"", which is the 10 character string printed on the SolaX Power Pocket device / the QR code on the device. The password is derived from the ""registration number"" using a proprietary XOR/transposition algorithm. Attackers with the knowledge of the registration numbers can connect to the MQTT server and impersonate the dongle / inverters.",6.5,3.1,CWE-330,,Yes,Low,"SolaX Power Pocket is a home battery storage device; the vulnerability uses predictable credentials derived from the device's printed registration number to authenticate to the MQTT cloud, directly affecting the home power device's security"
keyword_only,CVE-2018-12735,2018-06-25,SAJ Solar Inverter allows remote attackers to obtain potentially sensitive information via a direct request for the inverter_info.htm or english_main.htm URI.,7.5,3.0,CWE-200,cpe:2.3:a:saj-electric:saj_solar_inverter:-:*:*:*:*:*:*:*,Yes,High,
keyword_only,CVE-2025-30257,2025-04-15,Unauthenticated attackers can retrieve serial number of smart meters associated to a specific user account.,5.3,3.1,CWE-639,cpe:2.3:a:growatt:cloud_portal:*:*:*:*:*:*:*:*,Yes,Low,Growatt cloud portal manages home solar energy systems including smart meters; the vulnerability exposes serial numbers of home smart meters; the portal is cloud-side but directly manages home energy devices
keyword_only,CVE-2025-30254,2025-04-15,An unauthenticated attacker can obtain a serial number of a smart meter(s) using its owner's username.,5.3,3.1,CWE-639,cpe:2.3:a:growatt:cloud_portal:*:*:*:*:*:*:*:*,Yes,Low,Same as CVE-2025-30257; Growatt cloud portal serial number disclosure for home solar smart meters
keyword_only,CVE-2026-25872,2026-02-10,"JUNG Smart Panel KNX firmware version L1.12.22 and prior contain an unauthenticated path traversal vulnerability in the embedded web interface. The application fails to properly validate file path input, allowing remote, unauthenticated attackers to access arbitrary files on the underlying filesystem within the context of the web server. This may result in disclosure of system configuration files and other sensitive information.",5.3,3.1,CWE-22,,Yes,Low,"JUNG Smart Panel KNX is a building automation touchscreen controller using the KNX home automation protocol commonly deployed in residential smart homes for energy management; however KNX is also used in commercial buildings, making the home deployment context somewhat ambiguous"
keyword_only,CVE-2025-14014,2026-02-12,"Unrestricted Upload of File with Dangerous Type vulnerability in NTN Information Processing Services Computer Software Hardware Industry and Trade Ltd. Co. Smart Panel allows Accessing Functionality Not Properly Constrained by ACLs.

This issue affects Smart Panel: before 20251215.",9.8,3.1,CWE-434,,Maybe,Low,"NTN Smart Panel product context is unclear from the description; without CPE or specific product details, it cannot be determined whether this is a home energy management panel or a commercial smart panel product"
